{"state":{"isStdOutTTY":false,"isStdErrTTY":false,"testRunDurationMs":410887.159463},"metrics":{"vus":{"contains":"default","values":{"min":0,"max":2000,"value":1},"type":"gauge"},"http_req_connecting":{"values":{"max":52.241188,"p(90)":0.292728,"p(95)":0.420981,"p(99)":1.023185,"avg":0.25157390910137695,"min":0,"med":0.209249},"type":"trend","contains":"time"},"assignment_detail_duration":{"type":"trend","contains":"time","values":{"p(99)":30013.21306947,"avg":27391.28765372572,"min":0.992966,"med":30000.207011,"max":30109.940489,"p(90)":30000.9334626,"p(95)":30001.18757075}},"http_req_duration{expected_response:true}":{"contains":"time","values":{"max":30120.364052,"p(90)":29820.392137799998,"p(95)":29919.6807577,"p(99)":29986.50112414,"avg":20528.084769393467,"min":30.087485,"med":23933.005851},"type":"trend"},"http_reqs":{"type":"counter","contains":"default","values":{"count":26051,"rate":63.40183527284422}},"http_req_blocked":{"values":{"min":0.004055,"med":0.293324,"max":52.358371,"p(90)":0.410111,"p(95)":0.5569275,"p(99)":1.1860485,"avg":0.33948808475682424},"type":"trend","contains":"time"},"http_req_sending":{"type":"trend","contains":"time","values":{"p(99)":0.213034,"avg":0.08649270695942558,"min":0.010735,"med":0.072456,"max":34.097427,"p(90)":0.110021,"p(95)":0.127301}},"http_req_duration":{"type":"trend","contains":"time","values":{"max":30120.364052,"p(90)":30000.933226,"p(95)":30001.213188,"p(99)":30013.923432,"avg":26787.987460436576,"min":0.18878,"med":30000.176562},"thresholds":{"p(95)<3000":{"ok":false}}},"errors":{"values":{"rate":1,"passes":13821,"fails":0},"thresholds":{"rate<0.10":{"ok":false}},"type":"rate","contains":"default"},"submit_assignment_duration":{"type":"trend","contains":"time","values":{"avg":27128.730072486545,"min":3.291962,"med":30000.235161999997,"max":30120.364052,"p(90)":30000.9433655,"p(95)":30001.318688749998,"p(99)":30015.88450625}},"gradebook_duration":{"type":"trend","contains":"time","values":{"p(99)":30014.59436885,"avg":27280.407426200123,"min":30.087485,"med":30000.185426,"max":30048.449729,"p(90)":30000.942617800003,"p(95)":30001.255221199997}},"data_sent":{"values":{"count":4503592,"rate":10960.654029407664},"type":"counter","contains":"data"},"grade_submission_duration":{"type":"trend","contains":"time","values":{"p(95)":30001.4507777,"p(99)":30012.99424441,"avg":27094.792171476965,"min":234.536943,"med":30000.2598,"max":30042.180258,"p(90)":30000.9583116}},"http_req_receiving":{"type":"trend","contains":"time","values":{"max":45.985239,"p(90)":0.176589,"p(95)":0.2278445,"p(99)":0.523412,"avg":0.0676928393535755,"min":0,"med":0}},"iterations":{"type":"counter","contains":"default","values":{"count":24573,"rate":59.80474063028678}},"checks":{"type":"rate","contains":"default","values":{"rate":0.35196749680234746,"passes":14034,"fails":25839}},"submit_quiz_duration":{"type":"trend","contains":"time","values":{"avg":18932.027003213767,"min":0.18878,"med":23658.729356,"max":30001.049017,"p(90)":24854.626557199997,"p(95)":24974.22431065,"p(99)":25310.97674442}},"iteration_duration":{"type":"trend","contains":"time","values":{"avg":29139.602437087153,"min":358.992286,"med":30759.681037,"max":61000.110605,"p(90)":31400.9527896,"p(95)":31484.753334600002,"p(99)":54346.2567782}},"http_req_failed":{"type":"rate","contains":"default","values":{"rate":0.6630071782273234,"passes":17272,"fails":8779},"thresholds":{"rate<0.10":{"ok":false}}},"http_req_waiting":{"type":"trend","contains":"time","values":{"med":30000.093412,"max":30120.238113,"p(90)":30000.856682,"p(95)":30001.1345945,"p(99)":30013.870621000002,"avg":26787.833274890432,"min":0.141398}},"data_received":{"type":"counter","contains":"data","values":{"rate":83549.88519199843,"count":34329575}},"vus_max":{"type":"gauge","contains":"default","values":{"value":2000,"min":1559,"max":2000}},"http_req_tls_handshaking":{"contains":"time","values":{"avg":0,"min":0,"med":0,"max":0,"p(90)":0,"p(95)":0,"p(99)":0},"type":"trend"}},"root_group":{"name":"","path":"","id":"d41d8cd98f00b204e9800998ecf8427e","groups":[],"checks":[{"name":"[assignment-detail] status 200","path":"::[assignment-detail] status 200","id":"e710e6c64d866e8aa495eeee12857a96","passes":1581,"fails":3429},{"name":"[assignment-detail] success","path":"::[assignment-detail] success","id":"2eca0bd45992b6c1691069c6af81d1ee","passes":1581,"fails":3429},{"passes":1448,"fails":3455,"name":"[quiz-attempt] start 201","path":"::[quiz-attempt] start 201","id":"18f54229dcbc1aba2aecf8a61f0db771"},{"name":"[submit-assignment] status 201 or 400","path":"::[submit-assignment] status 201 or 400","id":"c6b8e5b4b95e1cad4532c36b70154d08","passes":2068,"fails":5258},{"name":"[gradebook] status 200","path":"::[gradebook] status 200","id":"9186de991ebaa0ed414ff11baa5503d0","passes":1625,"fails":3317},{"passes":1625,"fails":3317,"name":"[gradebook] success","path":"::[gradebook] success","id":"a15a69867e50cddaa06c049f7cde480d"},{"path":"::[quiz-attempt] submit 200","id":"3aac290b0fb83ec96bbf8f19a1813a81","passes":1342,"fails":10,"name":"[quiz-attempt] submit 200"},{"path":"::[quiz-attempt] success","id":"6398ec5c83f0a8abdc14be5794d5070f","passes":1342,"fails":10,"name":"[quiz-attempt] success"},{"name":"[grade-submission] status 200","path":"::[grade-submission] status 200","id":"0b00b1c9fc4243dfcbcade089d53f4c1","passes":711,"fails":1807},{"name":"[grade-submission] success","path":"::[grade-submission] success","id":"dc7c3576ea1686ed510a59cbde26957e","passes":711,"fails":1807}]},"options":{"summaryTrendStats":["avg","min","med","max","p(90)","p(95)","p(99)"],"summaryTimeUnit":"","noColor":false}}