{"metrics":{"http_req_blocked":{"type":"trend","contains":"time","values":{"avg":0.11243972360116307,"min":0.000921,"med":0.00657,"max":1007.850128,"p(90)":0.008704,"p(95)":0.009915,"p(99)":0.029730599999999906}},"material_download_duration":{"contains":"time","values":{"avg":236.87203707101705,"min":26.616196,"med":207.0952055,"max":1044.633041,"p(90)":436.5591902,"p(95)":509.2660093,"p(99)":679.1781256099994},"type":"trend"},"http_req_duration":{"values":{"med":277.771609,"max":10198.959879,"p(90)":849.4441796000006,"p(95)":3520.1218012,"p(99)":6043.029444319983,"avg":599.4518437275912,"min":12.417071},"type":"trend","contains":"time"},"submit_quiz_duration":{"type":"trend","contains":"time","values":{"max":1670.010497,"p(90)":961.7098180000002,"p(95)":1054.1941108000003,"p(99)":1268.2984480800003,"avg":584.2312619428683,"min":54.599548,"med":582.457468}},"http_req_failed{ef:1}":{"values":{"passes":2179,"fails":0,"rate":1},"thresholds":{"rate<1.01":{"ok":true}},"type":"rate","contains":"default"},"vus":{"values":{"value":3,"min":2,"max":100},"type":"gauge","contains":"default"},"data_sent":{"type":"counter","contains":"data","values":{"count":5727064,"rate":14661.376468896922}},"read_activity_duration":{"type":"trend","contains":"time","values":{"min":21.555064,"med":236.03498,"max":1299.178562,"p(90)":571.1442694000001,"p(95)":706.1164817999996,"p(99)":943.3094164399986,"avg":285.82623317079873}},"marker_grade_duration":{"type":"trend","contains":"time","values":{"p(95)":641.506145,"p(99)":805.28685576,"avg":336.0200866861658,"min":38.956483,"med":322.806315,"max":1212.983609,"p(90)":577.3390076000001}},"vus_max":{"type":"gauge","contains":"default","values":{"value":100,"min":100,"max":100}},"cascade_read_duration":{"type":"trend","contains":"time","values":{"max":1069.603853,"p(90)":569.772649,"p(95)":706.8003971999999,"p(99)":878.8404896400004,"avg":231.02314245481057,"min":12.417071,"med":133.133744}},"errors":{"values":{"rate":1,"passes":1065,"fails":0},"type":"rate","contains":"default"},"course_structure_duration":{"type":"trend","contains":"time","values":{"avg":406.3369454287742,"min":21.852367,"med":393.6823015,"max":1203.453078,"p(90)":697.3682160000001,"p(95)":779.377738,"p(99)":951.6572760999991}},"gradebook_duration":{"type":"trend","contains":"time","values":{"p(99)":7865.414264600004,"avg":3998.884528874449,"min":188.491116,"med":4033.294638,"max":10198.959879,"p(90)":6314.93349,"p(95)":6856.883143}},"http_req_tls_handshaking":{"values":{"med":0,"max":0,"p(90)":0,"p(95)":0,"p(99)":0,"avg":0,"min":0},"type":"trend","contains":"time"},"http_req_waiting":{"type":"trend","contains":"time","values":{"p(95)":3491.4200387999986,"p(99)":5994.169226959995,"avg":595.8365049732032,"min":11.885629,"med":276.968867,"max":10161.746302,"p(90)":847.9287666000001}},"http_req_failed":{"contains":"default","values":{"fails":22581,"rate":0.12561471442400773,"passes":3244},"thresholds":{"rate<0.15":{"ok":true}},"type":"rate"},"iterations":{"values":{"count":21194,"rate":54.25698278940158},"type":"counter","contains":"default"},"grade_update_duration":{"type":"trend","contains":"time","values":{"max":952.989026,"p(90)":316.24531670000016,"p(95)":381.8550668500001,"p(99)":516.7180982399984,"avg":156.07784197355585,"min":13.391078,"med":126.4750315}},"grade_submission_duration":{"type":"trend","contains":"time","values":{"min":29.613615,"med":315.39408349999997,"max":1274.849866,"p(90)":569.9205602,"p(95)":637.0179079499999,"p(99)":745.9950660999993,"avg":329.3580726473211}},"checks":{"type":"rate","contains":"default","values":{"rate":0.9587608906098741,"passes":24760,"fails":1065}},"user_grades_duration":{"type":"trend","contains":"time","values":{"p(99)":487.18817456000005,"avg":133.54599886291916,"min":12.777843,"med":99.7817925,"max":866.545555,"p(90)":297.14718930000004,"p(95)":348.0333427}},"http_req_duration{expected_response:true}":{"type":"trend","contains":"time","values":{"max":10198.959879,"p(90)":948.959269,"p(95)":3842.2793,"p(99)":6198.569870600011,"avg":666.03940318241,"min":12.417071,"med":313.797899}},"http_reqs":{"type":"counter","contains":"default","values":{"count":25825,"rate":66.11241769068113}},"data_received":{"type":"counter","contains":"data","values":{"count":1556985751,"rate":3985908.7050745725}},"http_req_sending":{"type":"trend","contains":"time","values":{"p(95)":0.04597879999999999,"p(99)":0.1348047999999994,"avg":0.03718853459825737,"min":0.004818,"med":0.027832,"max":78.684932,"p(90)":0.040452}},"http_req_receiving":{"type":"trend","contains":"time","values":{"p(99)":71.25543299999983,"avg":3.578150219787046,"min":0.014461,"med":0.099761,"max":1788.504213,"p(90)":1.8173904000000054,"p(95)":19.474224599999996}},"submit_assignment_duration":{"values":{"min":20.951059,"med":256.653282,"max":1328.013006,"p(90)":503.32178420000014,"p(95)":586.1975333999999,"p(99)":750.4014457999978,"avg":278.81937148519137},"type":"trend","contains":"time"},"iteration_duration":{"type":"trend","contains":"time","values":{"med":1318.0815940000002,"max":11021.292993,"p(90)":2547.322937,"p(95)":4909.330975049997,"p(99)":7215.3193205299995,"avg":1631.4931806202671,"min":324.913289}},"http_req_connecting":{"type":"trend","contains":"time","values":{"avg":0.10498752267182963,"min":0,"med":0,"max":1007.774511,"p(90)":0,"p(95)":0,"p(99)":0}}},"root_group":{"checks":[{"fails":0,"name":"[wh-grade] status 200","path":"::[wh-grade] status 200","id":"747a63480c5228e4182e0b619fd4205c","passes":1120},{"id":"bc382dfba4db61bcda740eb7d13cbecd","passes":2573,"fails":660,"name":"[wh-quiz] start 201","path":"::[wh-quiz] start 201"},{"name":"[wh-quiz] submit 200","path":"::[wh-quiz] submit 200","id":"4963f6adfea6303590e8a8e9c12d47a1","passes":2573,"fails":0},{"path":"::[wh-grade-unauth] status 403","id":"b9f37e7e4ff322953440a920c2825184","passes":1123,"fails":0,"name":"[wh-grade-unauth] status 403"},{"path":"::[wh-cascade-pre] status 200","id":"6cf217efe14ab595b837401653c393f9","passes":1029,"fails":0,"name":"[wh-cascade-pre] status 200"},{"id":"9791881937dbec10111f5684ec5d2a68","passes":1029,"fails":0,"name":"[wh-cascade-write] status 200","path":"::[wh-cascade-write] status 200"},{"name":"[wh-cascade-post] status 200","path":"::[wh-cascade-post] status 200","id":"2eaa088a823153fd8e84cbe4e79e632d","passes":1029,"fails":0},{"name":"[wh-structure] status 200","path":"::[wh-structure] status 200","id":"9f2134ec9c516bc3787570bcbc5bc9e6","passes":2106,"fails":0},{"fails":0,"name":"[wh-material-dl] status 200","path":"::[wh-material-dl] status 200","id":"182e87b5d3b46cf8a10f81893f31e347","passes":1042},{"name":"[wh-gradebook] status 200","path":"::[wh-gradebook] status 200","id":"04f91da34414db0af1a48a98d41fa661","passes":2071,"fails":0},{"name":"[wh-user-grades] status 200","path":"::[wh-user-grades] status 200","id":"827cabf91007e26e21b96eb0eaac2825","passes":1014,"fails":0},{"passes":1089,"fails":0,"name":"[wh-activity] status 200","path":"::[wh-activity] status 200","id":"aed3f8824d0bcca89ac7d3b2bf25119a"},{"name":"[wh-grade-update] status 200","path":"::[wh-grade-update] status 200","id":"e1c3184baa8417c6f8c9c7cd82501965","passes":1081,"fails":0},{"path":"::[wh-submit] status 201","id":"49f223985d533388331178bd3e8d6a64","passes":3748,"fails":405,"name":"[wh-submit] status 201"},{"name":"[wh-marker-grade] status 200","path":"::[wh-marker-grade] status 200","id":"549ffdbc72b97a1cd0f05b844dbb0567","passes":1077,"fails":0},{"name":"[wh-cf-locked-grade] status 403","path":"::[wh-cf-locked-grade] status 403","id":"a0d2cffa4f26fbeb7022bec9298a706e","passes":254,"fails":0},{"name":"[wh-cf-non-enrolled] status 403","path":"::[wh-cf-non-enrolled] status 403","id":"6a9d912d2aeb5ec6cb64307cca9056b8","passes":802,"fails":0}],"name":"","path":"","id":"d41d8cd98f00b204e9800998ecf8427e","groups":[]},"options":{"summaryTrendStats":["avg","min","med","max","p(90)","p(95)","p(99)"],"summaryTimeUnit":"","noColor":false},"state":{"isStdOutTTY":false,"isStdErrTTY":false,