{"options":{"summaryTrendStats":["avg","min","med","max","p(90)","p(95)","p(99)"],"summaryTimeUnit":"","noColor":false},"state":{"isStdErrTTY":false,"testRunDurationMs":401933.964919,"isStdOutTTY":false},"metrics":{"http_req_blocked":{"contains":"time","values":{"min":0.001552,"med":0.007071,"max":1033.534893,"p(90)":0.011748100000000003,"p(95)":1.1685025,"p(99)":15.31012656999999,"avg":0.8424632917889814},"type":"trend"},"grade_update_duration":{"type":"trend","contains":"time","values":{"p(90)":23662.962438,"p(95)":24271.9213774,"p(99)":24759.685801390006,"avg":19923.173709379025,"min":24.48981,"med":21729.466277,"max":25262.918359}},"grade_submission_duration":{"type":"trend","contains":"time","values":{"p(99)":24928.76750081,"avg":20108.235435750958,"min":73.869032,"med":21935.0427645,"max":25445.058224,"p(90)":23812.9699493,"p(95)":24376.7097579}},"vus_max":{"type":"gauge","contains":"default","values":{"min":1500,"max":1500,"value":1500}},"http_req_duration":{"contains":"time","values":{"avg":20487.66664238263,"min":24.48981,"med":22051.5039555,"max":30042.389901,"p(90)":24614.0771175,"p(95)":26266.589177849994,"p(99)":29761.44938978},"type":"trend"},"checks":{"type":"rate","contains":"default","values":{"passes":23980,"fails":1230,"rate":0.9512098373661245}},"http_req_connecting":{"type":"trend","contains":"time","values":{"avg":0.8278736682665608,"min":0,"med":0,"max":1033.458757,"p(90)":0,"p(95)":1.085853,"p(99)":15.155787719999994}},"material_download_duration":{"type":"trend","contains":"time","values":{"p(99)":24887.1571616,"avg":20041.878246280863,"min":46.103028,"med":21831.7814465,"max":25401.900115,"p(90)":23904.2036095,"p(95)":24389.83696875}},"http_req_duration{expected_response:true}":{"type":"trend","contains":"time","values":{"min":25.930571,"med":22089.098264,"max":29996.221029,"p(90)":24655.743034,"p(95)":26092.6833576,"p(99)":29028.628003,"avg":20413.520098519737}},"iteration_duration":{"type":"trend","contains":"time","values":{"p(90)":45054.025813399996,"p(95)":49136.833786199975,"p(99)":70094.9382394,"avg":25780.25787060551,"min":351.639337,"med":23405.537124,"max":74713.374146}},"http_req_tls_handshaking":{"type":"trend","contains":"time","values":{"p(90)":0,"p(95)":0,"p(99)":0,"avg":0,"min":0,"med":0,"max":0}},"vus":{"type":"gauge","contains":"default","values":{"value":15,"min":13,"max":1500}},"cascade_read_duration":{"values":{"avg":19931.526137869834,"min":46.529691,"med":21939.171775,"max":25406.54777,"p(90)":23877.820125,"p(95)":24569.959902,"p(99)":25151.5781388},"type":"trend","contains":"time"},"http_req_failed":{"type":"rate","contains":"default","values":{"rate":0.12856009520031733,"passes":3241,"fails":21969},"thresholds":{"rate<0.15":{"ok":true}}},"submit_quiz_duration":{"type":"trend","contains":"time","values":{"med":22334.702866,"max":25854.842363,"p(90)":24440.5211164,"p(95)":24990.810437199994,"p(99)":25513.50740572,"avg":20283.404848931823,"min":79.153731}},"user_grades_duration":{"type":"trend","contains":"time","values":{"avg":19572.760288304442,"min":25.930571,"med":21598.1112575,"max":24927.507361,"p(90)":23707.1154247,"p(95)":24357.25219065,"p(99)":24653.42537073}},"iterations":{"contains":"default","values":{"count":20703,"rate":51.508461107963804},"type":"counter"},"http_req_waiting":{"contains":"time","values":{"p(95)":26222.292550749997,"p(99)":29715.751797650002,"avg":20483.514362639842,"min":24.281293,"med":22050.9432305,"max":30042.359074,"p(90)":24611.986312},"type":"trend"},"http_req_failed{ef:1}":{"type":"rate","contains":"default","values":{"passes":2011,"fails":0,"rate":1},"thresholds":{"rate<1.01":{"ok":true}}},"http_reqs":{"type":"counter","contains":"default","values":{"count":25210,"rate":62.721745859622644}},"errors":{"values":{"rate":1,"passes":1230,"fails":0},"type":"rate","contains":"default"},"http_req_sending":{"type":"trend","contains":"time","values":{"med":0.028985,"max":44.458319,"p(90)":0.05097000000000004,"p(95)":0.08979694999999993,"p(99)":0.15992730999999988,"avg":0.037233767671558955,"min":0.005328}},"data_sent":{"type":"counter","contains":"data","values":{"count":5592402,"rate":13913.7333196686}},"read_activity_duration":{"type":"trend","contains":"time","values":{"avg":20208.165344060228,"min":46.560257,"med":21860.6343565,"max":25320.407065,"p(90)":23805.972663499997,"p(95)":24428.182784,"p(99)":24978.0207651}},"http_req_receiving":{"type":"trend","contains":"time","values":{"min":0,"med":0.10302700000000001,"max":1911.317903,"p(90)":1.9490421000000002,"p(95)":22.71766634999999,"p(99)":80.68963061999993,"avg":4.115045975128889}},"marker_grade_duration":{"type":"trend","contains":"time","values":{"med":21968.769917,"max":25308.574457,"p(90)":24108.0670634,"p(95)":24554.498849400003,"p(99)":24935.81393512,"avg":20279.62716256958,"min":111.927489}},"data_received":{"type":"counter","contains":"data","values":{"count":1392418635,"rate":3464297.015258733}},"gradebook_duration":{"values":{"med":26991.470551,"max":30042.389901,"p(90)":29957.3175336,"p(95)":30000.698613099998,"p(99)":30001.14817494,"avg":25268.810346527574,"min":354.792912},"type":"trend","contains":"time"},"course_structure_duration":{"contains":"time","values":{"p(95)":24691.7433662,"p(99)":25125.8265165,"avg":20184.792086269736,"min":47.705105,"med":22109.256215,"max":25482.330614,"p(90)":24161.5986505},"type":"trend"},"submit_assignment_duration":{"contains":"time","values":{"avg":20088.433058122308,"min":34.395324,"med":21863.252549,"max":25411.916536,"p(90)":23904.361516999998,"p(95)":24483.847756199997,"p(99)":24964.67673032},"type":"trend"}},"root_group":{"name":"","path":"","id":"d41d8cd98f00b204e9800998ecf8427e","groups":[],"checks":[{"name":"[wh-structure] status 200","path":"::[wh-structure] status 200","id":"9f2134ec9c516bc3787570bcbc5bc9e6","passes":2080,"fails":0},{"path":"::[wh-grade-update] status 200","id":"e1c3184baa8417c6f8c9c7cd82501965","passes":1061,"fails":0,"name":"[wh-grade-update] status 200"},{"fails":604,"name":"[wh-quiz] start 201","path":"::[wh-quiz] start 201","id":"bc382dfba4db61bcda740eb7d13cbecd","passes":2474},{"passes":1038,"fails":0,"name":"[wh-user-grades] status 200","path":"::[wh-user-grades] status 200","id":"827cabf91007e26e21b96eb0eaac2825"},{"fails":424,"name":"[wh-submit] status 201","path":"::[wh-submit] status 201","id":"49f223985d533388331178bd3e8d6a64","passes":3789},{"path":"::[wh-quiz] submit 200","id":"4963f6adfea6303590e8a8e9c12d47a1","passes":2465,"fails":0,"name":"[wh-quiz] submit 200"},{"path":"::[wh-grade] status 200","id":"747a63480c5228e4182e0b619fd4205c","passes":1048,"fails":0,"name":"[wh-grade] status 200"},{"path":"::[wh-activity] status 200","id":"aed3f8824d0bcca89ac7d3b2bf25119a","passes":1046,"fails":0,"name":"[wh-activity] status 200"},{"name":"[wh-grade-unauth] status 403","path":"::[wh-grade-unauth] status 403","id":"b9f37e7e4ff322953440a920c2825184","passes":983,"fails":0},{"path":"::[wh-cascade-pre] status 200","id":"6cf217efe14ab595b837401653c393f9","passes":1017,"fails":0,"name":"[wh-cascade-pre] status 200"},{"name":"[wh-cascade-write] status 200","path":"::[wh-cascade-write] status 200","id":"9791881937dbec10111f5684ec5d2a68","passes":1008,"fails":0},{"name":"[wh-cascade-post] status 200","path":"::[wh-cascade-post] status 200","id":"2eaa088a823153fd8e84cbe4e79e632d","passes":991,"fails":0},{"name":"[wh-material-dl] status 200","path":"::[wh-material-dl] status 200","id":"182e87b5d3b46cf8a10f81893f31e347","passes":1086,"fails":0},{"id":"6a9d912d2aeb5ec6cb64307cca9056b8","passes":774,"fails":0,"name":"[wh-cf-non-enrolled] status 403","path":"::[wh-cf-non-enrolled] status 403"},{"path":"::[wh-gradebook] status 200","id":"04f91da34414db0af1a48a98d41fa661","passes":1881,"fails":202,"name":"[wh-gradebook] status 200"},{"path":"::[wh-cf-locked-grade] status 403","id":"a0d2cffa4f26fbeb7022bec9298a706e","passes":254,"fails":0,"name":"[wh-cf-locked-grade] status 403"},{"passes":985,"fails":0,"name":"[wh-marker-grade] status 200",