{"metrics":{"grade_submission_duration":{"type":"trend","contains":"time","values":{"avg":23211.410427306175,"min":0.250421,"med":23381.3730855,"max":30053.416368,"p(90)":30000.4770292,"p(95)":30000.7776427,"p(99)":30001.73765624}},"vus":{"type":"gauge","contains":"default","values":{"value":17,"min":0,"max":1500}},"http_reqs":{"contains":"default","values":{"count":22800,"rate":56.69051732598877},"type":"counter"},"vus_max":{"type":"gauge","contains":"default","values":{"value":1500,"min":1158,"max":1500}},"submit_quiz_duration":{"type":"trend","contains":"time","values":{"avg":21472.523502786833,"min":0.147635,"med":23096.987651,"max":30014.87997,"p(90)":25584.042043800044,"p(95)":30000.676007000002,"p(99)":30001.20546104}},"data_sent":{"type":"counter","contains":"data","values":{"count":4220417,"rate":10493.755397429717}},"http_req_waiting":{"type":"trend","contains":"time","values":{"avg":22668.82139762563,"min":0,"med":23170.614599499997,"max":30071.638635,"p(90)":30000.391421,"p(95)":30000.7195327,"p(99)":30002.54750732}},"assignment_detail_duration":{"contains":"time","values":{"p(90)":30000.5384116,"p(95)":30000.8168878,"p(99)":30005.75064332,"avg":22977.45316163733,"min":0.378498,"med":23089.578663,"max":30071.723149},"type":"trend"},"submit_assignment_duration":{"type":"trend","contains":"time","values":{"p(99)":30005.30205283,"avg":22938.331890255085,"min":0,"med":23300.021752,"max":30052.937614,"p(90)":30000.5343355,"p(95)":30000.833915299998}},"http_req_sending":{"type":"trend","contains":"time","values":{"p(95)":0.12129374999999998,"p(99)":0.19477504999999967,"avg":0.0859220850877192,"min":0,"med":0.067022,"max":98.306835,"p(90)":0.10531600000000002}},"iterations":{"type":"counter","contains":"default","values":{"rate":49.02735178218625,"count":19718}},"http_req_connecting":{"type":"trend","contains":"time","values":{"p(90)":0.27738570000000007,"p(95)":0.3452863499999995,"p(99)":0.8734357799999972,"avg":0.2269679041666681,"min":0,"med":0.196253,"max":105.94334}},"gradebook_duration":{"values":{"avg":22557.679533061615,"min":0.615184,"med":22969.380728,"max":30029.032408,"p(90)":30000.446724600002,"p(95)":30000.7783779,"p(99)":30004.30994644},"type":"trend","contains":"time"},"http_req_failed":{"type":"rate","contains":"default","values":{"rate":0.1942543859649123,"passes":4429,"fails":18371},"thresholds":{"rate<0.10":{"ok":false}}},"errors":{"contains":"default","values":{"rate":1,"passes":3637,"fails":0},"thresholds":{"rate<0.10":{"ok":false}},"type":"rate"},"http_req_duration":{"type":"trend","contains":"time","values":{"max":30071.723149,"p(90)":30000.469053499997,"p(95)":30000.793166249998,"p(99)":30002.63468891,"avg":22669.06649532339,"min":0,"med":23170.8631435},"thresholds":{"p(95)<3000":{"ok":false}}},"http_req_blocked":{"type":"trend","contains":"time","values":{"avg":0.31269700359649,"min":0.003353,"med":0.2747085,"max":106.16356,"p(90)":0.3868623000000001,"p(95)":0.46285829999999994,"p(99)":1.0246012599999996}},"checks":{"type":"rate","contains":"default","values":{"fails":6783,"rate":0.810895201985001,"passes":29086}},"http_req_tls_handshaking":{"values":{"avg":0,"min":0,"med":0,"max":0,"p(90)":0,"p(95)":0,"p(99)":0},"type":"trend","contains":"time"},"http_req_receiving":{"type":"trend","contains":"time","values":{"avg":0.15917561250000015,"min":0,"med":0.126197,"max":46.57183,"p(90)":0.23035790000000045,"p(95)":0.33145184999999994,"p(99)":0.8552939499999985}},"data_received":{"type":"counter","contains":"data","values":{"count":68795821,"rate":171055.73168228604}},"iteration_duration":{"type":"trend","contains":"time","values":{"p(95)":47715.305715149996,"p(99)":52424.26450280987,"avg":27072.388425249403,"min":321.378177,"med":24517.9842,"max":61400.315991,"p(90)":46347.870392599994}},"http_req_duration{expected_response:true}":{"contains":"time","values":{"p(99)":29451.302834099995,"avg":21337.41337186776,"min":33.19419,"med":22886.086614,"max":29998.515835,"p(90)":24472.517834,"p(95)":27637.5500655},"type":"trend"}},"root_group":{"id":"d41d8cd98f00b204e9800998ecf8427e","groups":[],"checks":[{"passes":3213,"fails":782,"name":"[gradebook] status 200","path":"::[gradebook] status 200","id":"9186de991ebaa0ed414ff11baa5503d0"},{"name":"[gradebook] success","path":"::[gradebook] success","id":"a15a69867e50cddaa06c049f7cde480d","passes":3213,"fails":782},{"name":"[quiz-attempt] start 201","path":"::[quiz-attempt] start 201","id":"18f54229dcbc1aba2aecf8a61f0db771","passes":3077,"fails":800},{"id":"0b00b1c9fc4243dfcbcade089d53f4c1","passes":1587,"fails":445,"name":"[grade-submission] status 200","path":"::[grade-submission] status 200"},{"name":"[grade-submission] success","path":"::[grade-submission] success","id":"dc7c3576ea1686ed510a59cbde26957e","passes":1587,"fails":445},{"name":"[submit-assignment] status 201 or 400","path":"::[submit-assignment] status 201 or 400","id":"c6b8e5b4b95e1cad4532c36b70154d08","passes":4564,"fails":1290},{"name":"[quiz-attempt] submit 200","path":"::[quiz-attempt] submit 200","id":"3aac290b0fb83ec96bbf8f19a1813a81","passes":2776,"fails":273},{"name":"[quiz-attempt] success","path":"::[quiz-attempt] success","id":"6398ec5c83f0a8abdc14be5794d5070f","passes":2776,"fails":273},{"path":"::[assignment-detail] status 200","id":"e710e6c64d866e8aa495eeee12857a96","passes":3146,"fails":847,"name":"[assignment-detail] status 200"},{"name":"[assignment-detail] success","path":"::[assignment-detail] success","id":"2eca0bd45992b6c1691069c6af81d1ee","passes":3147,"fails":846}],"name":"","path":""},"options":{"summaryTrendStats":["avg","min","med","max","p(90)","p(95)","p(99)"],"summaryTimeUnit":"","noColor":false},"state":{"isStdOutTTY":false,"isStdErrTTY":false,"testRunDurationMs":402183.66449}}