{"metrics":{"http_req_tls_handshaking":{"type":"trend","contains":"time","values":{"p(95)":0,"p(99)":0,"avg":0,"min":0,"med":0,"max":0,"p(90)":0}},"http_req_receiving":{"contains":"time","values":{"p(95)":0.275334,"p(99)":0.6595221500000017,"avg":0.09462254857013133,"min":0,"med":0,"max":32.393062,"p(90)":0.194166},"type":"trend"},"gradebook_duration":{"type":"trend","contains":"time","values":{"max":30056.828763,"p(90)":30000.879417800003,"p(95)":30001.0555981,"p(99)":30011.89637014,"avg":26813.35119521943,"min":0.964043,"med":29999.457822}},"http_req_failed":{"type":"rate","contains":"default","values":{"rate":0.5097972461794522,"passes":13477,"fails":12959},"thresholds":{"rate<0.10":{"ok":false}}},"vus_max":{"type":"gauge","contains":"default","values":{"min":1608,"max":2000,"value":2000}},"http_req_duration":{"type":"trend","contains":"time","values":{"p(99)":30011.2583884,"avg":26401.76180374869,"min":0.205398,"med":29999.674360999998,"max":30071.198628,"p(90)":30000.873067,"p(95)":30001.04205775},"thresholds":{"p(95)<3000":{"ok":false}}},"submit_assignment_duration":{"type":"trend","contains":"time","values":{"p(95)":30001.0755133,"p(99)":30011.73301862,"avg":27116.75717792473,"min":0.482586,"med":30000.030464,"max":30063.433517,"p(90)":30000.8939578}},"data_received":{"values":{"count":51598746,"rate":125797.39843067508},"type":"counter","contains":"data"},"iterations":{"values":{"count":24247,"rate":59.114024200289265},"type":"counter","contains":"default"},"http_reqs":{"contains":"default","values":{"count":26436,"rate":64.45079159313923},"type":"counter"},"iteration_duration":{"type":"trend","contains":"time","values":{"p(99)":54335.78466638,"avg":29538.68187461469,"min":383.365088,"med":30699.927777,"max":60998.997814,"p(90)":31436.344433399998,"p(95)":48590.80234840001}},"http_req_duration{expected_response:true}":{"contains":"time","values":{"max":30030.508792,"p(90)":29805.0625984,"p(95)":29904.191043799998,"p(99)":29982.5874152,"avg":22698.039580841767,"min":59.473508,"med":26471.094524},"type":"trend"},"checks":{"type":"rate","contains":"default","values":{"rate":0.508503778089542,"passes":20660,"fails":19969}},"submit_quiz_duration":{"type":"trend","contains":"time","values":{"min":0.33741,"med":23026.569987,"max":30000.814936,"p(90)":24867.882211199998,"p(95)":25112.29133745,"p(99)":25534.25301016,"avg":19907.76183706482}},"http_req_connecting":{"type":"trend","contains":"time","values":{"min":0,"med":0.2034745,"max":46.17597,"p(90)":0.283549,"p(95)":0.3925235,"p(99)":1.029568450000003,"avg":0.25096108787259874}},"http_req_waiting":{"values":{"avg":26401.583373978316,"min":0.164034,"med":29999.5639125,"max":30071.079536,"p(90)":30000.796063,"p(95)":30000.967131999998,"p(99)":30011.191121750002},"type":"trend","contains":"time"},"errors":{"contains":"default","values":{"rate":1,"passes":10836,"fails":0},"thresholds":{"rate<0.10":{"ok":false}},"type":"rate"},"http_req_blocked":{"contains":"time","values":{"med":0.28609850000000003,"max":46.278792,"p(90)":0.399969,"p(95)":0.523575,"p(99)":1.232786350000013,"avg":0.33946333541383034,"min":0.002955},"type":"trend"},"grade_submission_duration":{"type":"trend","contains":"time","values":{"p(90)":30000.91591,"p(95)":30001.0996386,"p(99)":30010.92089372,"avg":27321.775832321637,"min":9.511466,"med":30000.115669,"max":30071.198628}},"data_sent":{"type":"counter","contains":"data","values":{"rate":11451.895849264789,"count":4697263}},"assignment_detail_duration":{"type":"trend","contains":"time","values":{"avg":26786.71969841925,"min":0.905217,"med":29999.862538,"max":30057.537553,"p(90)":30000.8815326,"p(95)":30001.0687662,"p(99)":30012.71459196}},"vus":{"type":"gauge","contains":"default","values":{"min":0,"max":2000,"value":8}},"http_req_sending":{"type":"trend","contains":"time","values":{"p(95)":0.12773849999999998,"p(99)":0.20471615000000007,"avg":0.08380722189438658,"min":0.009595,"med":0.0699585,"max":43.216706,"p(90)":0.1091075}}},"root_group":{"name":"","path":"","id":"d41d8cd98f00b204e9800998ecf8427e","groups":[],"checks":[{"name":"[assignment-detail] status 200","path":"::[assignment-detail] status 200","id":"e710e6c64d866e8aa495eeee12857a96","passes":2328,"fails":2509},{"id":"2eca0bd45992b6c1691069c6af81d1ee","passes":2330,"fails":2507,"name":"[assignment-detail] success","path":"::[assignment-detail] success"},{"passes":2398,"fails":2465,"name":"[gradebook] status 200","path":"::[gradebook] status 200","id":"9186de991ebaa0ed414ff11baa5503d0"},{"fails":2464,"name":"[gradebook] success","path":"::[gradebook] success","id":"a15a69867e50cddaa06c049f7cde480d","passes":2399},{"fails":2643,"name":"[quiz-attempt] start 201","path":"::[quiz-attempt] start 201","id":"18f54229dcbc1aba2aecf8a61f0db771","passes":2172},{"name":"[submit-assignment] status 201 or 400","path":"::[submit-assignment] status 201 or 400","id":"c6b8e5b4b95e1cad4532c36b70154d08","passes":3085,"fails":4343},{"fails":10,"name":"[quiz-attempt] submit 200","path":"::[quiz-attempt] submit 200","id":"3aac290b0fb83ec96bbf8f19a1813a81","passes":2058},{"passes":2058,"fails":10,"name":"[quiz-attempt] success","path":"::[quiz-attempt] success","id":"6398ec5c83f0a8abdc14be5794d5070f"},{"name":"[grade-submission] status 200","path":"::[grade-submission] status 200","id":"0b00b1c9fc4243dfcbcade089d53f4c1","passes":916,"fails":1509},{"name":"[grade-submission] success","path":"::[grade-submission] success","id":"dc7c3576ea1686ed510a59cbde26957e","passes":916,"fails":1509}]},"options":{"summaryTrendStats":["avg","min","med","max","p(90)","p(95)","p(99)"],"summaryTimeUnit":"","noColor":false},"state":{"isStdOutTTY":false,"isStdErrTTY":false,"testRunDurationMs":410173.395028}}