{"state":{"testRunDurationMs":390713.852838,"isStdOutTTY":false,"isStdErrTTY":false},"metrics":{"http_reqs":{"type":"counter","contains":"default","values":{"count":24769,"rate":63.39422014368624}},"gradebook_duration":{"type":"trend","contains":"time","values":{"max":4425.733012,"p(90)":3204.031009,"p(95)":3311.6258335,"p(99)":3529.008072,"avg":2566.6703207817823,"min":20.472789,"med":2781.768813}},"http_req_duration":{"type":"trend","contains":"time","values":{"p(95)":3637.8426276,"p(99)":3927.7362427999997,"avg":2746.4342312782974,"min":20.472789,"med":2950.506797,"max":5547.709185,"p(90)":3486.8010872000004},"thresholds":{"p(95)<3000":{"ok":false}}},"http_req_receiving":{"type":"trend","contains":"time","values":{"avg":0.18222678549800225,"min":0.0255,"med":0.129682,"max":25.576613,"p(90)":0.24534260000000013,"p(95)":0.35244239999999993,"p(99)":0.8053906799999981}},"data_received":{"type":"counter","contains":"data","values":{"count":90662308,"rate":232042.72728356763}},"iterations":{"type":"counter","contains":"default","values":{"rate":52.79823034212538,"count":20629}},"http_req_waiting":{"contains":"time","values":{"med":2950.306452,"max":5547.609336,"p(90)":3486.6550514,"p(95)":3637.5953012,"p(99)":3927.5612010399996,"avg":2746.207973352204,"min":20.274773},"type":"trend"},"vus":{"contains":"default","values":{"value":5,"min":4,"max":250},"type":"gauge"},"iteration_duration":{"type":"trend","contains":"time","values":{"p(90)":7011.9845928,"p(95)":7501.416711599997,"p(99)":8173.7518558400025,"avg":4198.651094147211,"min":342.025872,"med":3940.228109,"max":9480.54486}},"http_req_duration{expected_response:true}":{"type":"trend","contains":"time","values":{"max":5547.709185,"p(90)":3486.8010872000004,"p(95)":3637.8426276,"p(99)":3927.7362427999997,"avg":2746.4342312782974,"min":20.472789,"med":2950.506797}},"errors":{"contains":"default","values":{"rate":0,"passes":0,"fails":0},"thresholds":{"rate<0.10":{"ok":true}},"type":"rate"},"submit_assignment_duration":{"type":"trend","contains":"time","values":{"max":4486.907062,"p(90)":3539.117408,"p(95)":3666.8294041,"p(99)":3949.6293314,"avg":2814.3170297493252,"min":33.706571,"med":3034.975509}},"http_req_tls_handshaking":{"type":"trend","contains":"time","values":{"p(90)":0,"p(95)":0,"p(99)":0,"avg":0,"min":0,"med":0,"max":0}},"data_sent":{"type":"counter","contains":"data","values":{"rate":12056.98739827695,"count":4710832}},"http_req_failed":{"values":{"rate":0,"passes":0,"fails":24769},"thresholds":{"rate<0.10":{"ok":true}},"type":"rate","contains":"default"},"grade_submission_duration":{"type":"trend","contains":"time","values":{"max":4820.908137,"p(90)":3630.0278344999997,"p(95)":3760.89270625,"p(99)":4080.350086450001,"avg":2868.35626956951,"min":40.581799,"med":3113.5820285}},"vus_max":{"type":"gauge","contains":"default","values":{"value":250,"min":250,"max":250}},"submit_quiz_duration":{"type":"trend","contains":"time","values":{"avg":2943.091582036232,"min":43.863694,"med":3159.2165295,"max":5174.817207,"p(90)":3684.4612047,"p(95)":3816.1870135,"p(99)":4080.1697117399995}},"assignment_detail_duration":{"values":{"p(90)":3264.8973118,"p(95)":3376.2321773,"p(99)":3643.7205169500003,"avg":2604.8782055145657,"min":22.348772,"med":2820.560867,"max":5547.709185},"type":"trend","contains":"time"},"http_req_sending":{"type":"trend","contains":"time","values":{"p(99)":0.13043735999999992,"avg":0.04403114057894928,"min":0.008628,"med":0.035919,"max":36.887591,"p(90)":0.05547160000000002,"p(95)":0.0665476}},"http_req_blocked":{"type":"trend","contains":"time","values":{"med":0.010056,"max":18.529581,"p(90)":0.0150474,"p(95)":0.022696399999999995,"p(99)":0.23255455999999952,"avg":0.01656157693084094,"min":0.003059}},"checks":{"type":"rate","contains":"default","values":{"rate":0.9998725595147067,"passes":39229,"fails":5}},"http_req_connecting":{"contains":"time","values":{"max":13.12872,"p(90)":0,"p(95)":0,"p(99)":0.13524283999999887,"avg":0.0032329113004158417,"min":0,"med":0},"type":"trend"}},"root_group":{"name":"","path":"","id":"d41d8cd98f00b204e9800998ecf8427e","groups":[],"checks":[{"name":"[submit-assignment] status 201 or 400","path":"::[submit-assignment] status 201 or 400","id":"c6b8e5b4b95e1cad4532c36b70154d08","passes":6159,"fails":0},{"id":"9186de991ebaa0ed414ff11baa5503d0","passes":4051,"fails":0,"name":"[gradebook] status 200","path":"::[gradebook] status 200"},{"name":"[gradebook] success","path":"::[gradebook] success","id":"a15a69867e50cddaa06c049f7cde480d","passes":4051,"fails":0},{"id":"0b00b1c9fc4243dfcbcade089d53f4c1","passes":2086,"fails":0,"name":"[grade-submission] status 200","path":"::[grade-submission] status 200"},{"name":"[grade-submission] success","path":"::[grade-submission] success","id":"dc7c3576ea1686ed510a59cbde26957e","passes":2086,"fails":0},{"name":"[assignment-detail] status 200","path":"::[assignment-detail] status 200","id":"e710e6c64d866e8aa495eeee12857a96","passes":4188,"fails":0},{"name":"[assignment-detail] success","path":"::[assignment-detail] success","id":"2eca0bd45992b6c1691069c6af81d1ee","passes":4188,"fails":0},{"name":"[quiz-attempt] start 201","path":"::[quiz-attempt] start 201","id":"18f54229dcbc1aba2aecf8a61f0db771","passes":4140,"fails":5},{"path":"::[quiz-attempt] submit 200","id":"3aac290b0fb83ec96bbf8f19a1813a81","passes":4140,"fails":0,"name":"[quiz-attempt] submit 200"},{"name":"[quiz-attempt] success","path":"::[quiz-attempt] success","id":"6398ec5c83f0a8abdc14be5794d5070f","passes":4140,"fails":0}]},"options":{"summaryTrendStats":["avg","min","med","max","p(90)","p(95)","p(99)"],"summaryTimeUnit":"","noColor":false}}