{"options":{"summaryTrendStats":["avg","min","med","max","p(90)","p(95)","p(99)"],"summaryTimeUnit":"","noColor":false},"state":{"isStdErrTTY":false,"testRunDurationMs":390472.817175,"isStdOutTTY":false},"metrics":{"vus_max":{"values":{"value":250,"min":250,"max":250},"type":"gauge","contains":"default"},"http_req_sending":{"type":"trend","contains":"time","values":{"p(99)":0.13628440000000003,"avg":0.03190066472103712,"min":0.005078,"med":0.027842,"max":18.04011,"p(90)":0.041243,"p(95)":0.048492049999999946}},"grade_submission_duration":{"type":"trend","contains":"time","values":{"avg":2335.288768411881,"min":30.491038,"med":2551.580198,"max":3855.785709,"p(90)":3019.4763786,"p(95)":3113.7465095,"p(99)":3369.44988224}},"course_structure_duration":{"contains":"time","values":{"p(95)":3314.9275267,"p(99)":3587.0800364799993,"avg":2478.67351723301,"min":30.621949,"med":2661.80677,"max":4030.147844,"p(90)":3182.3676168},"type":"trend"},"http_req_duration":{"values":{"p(90)":3398.9774738,"p(95)":6967.206224649999,"p(99)":9360.733433180001,"avg":2754.512428201271,"min":12.935805,"med":2558.984027,"max":12128.914388},"type":"trend","contains":"time"},"http_req_duration{expected_response:true}":{"type":"trend","contains":"time","values":{"avg":2835.088619905125,"min":13.873088,"med":2601.812795,"max":12128.914388,"p(90)":3539.794735,"p(95)":7267.77018,"p(99)":9451.844406800026}},"iteration_duration":{"values":{"min":321.111082,"med":3577.726144,"max":13331.559334,"p(90)":7941.759320600004,"p(95)":9098.998597599999,"p(99)":10537.963154739999,"avg":4263.0238635835985},"type":"trend","contains":"time"},"material_download_duration":{"contains":"time","values":{"min":21.499125,"med":2462.792128,"max":3695.545482,"p(90)":2889.6889287,"p(95)":3015.20133475,"p(99)":3250.06280312,"avg":2311.292545391532},"type":"trend"},"http_req_failed":{"values":{"rate":0.1199983898236857,"passes":2981,"fails":21861},"thresholds":{"rate<0.15":{"ok":true}},"type":"rate","contains":"default"},"gradebook_duration":{"values":{"p(99)":10778.583938979998,"avg":7224.444570815718,"min":167.326515,"med":7403.00804,"max":12128.914388,"p(90)":9520.0062185,"p(95)":9997.86324765},"type":"trend","contains":"time"},"grade_update_duration":{"type":"trend","contains":"time","values":{"min":15.137489,"med":2344.073456,"max":3670.473316,"p(90)":2769.154877,"p(95)":2886.2219228999998,"p(99)":3079.7626765800005,"avg":2165.239279795482}},"read_activity_duration":{"type":"trend","contains":"time","values":{"p(90)":2994.005454,"p(95)":3133.3787515,"p(99)":3386.3050223000005,"avg":2307.5905731192834,"min":23.218665,"med":2470.9418035,"max":3883.837937}},"http_reqs":{"values":{"rate":63.62030570969668,"count":24842},"type":"counter","contains":"default"},"http_req_failed{ef:1}":{"type":"rate","contains":"default","values":{"rate":1,"passes":2053,"fails":0},"thresholds":{"rate<1.01":{"ok":true}}},"http_req_blocked":{"type":"trend","contains":"time","values":{"p(99)":0.8505686900000011,"avg":0.1936953073021501,"min":0.001242,"med":0.0068,"max":1011.22005,"p(90)":0.008963,"p(95)":0.010595549999999973}},"checks":{"type":"rate","contains":"default","values":{"rate":0.9626439095080911,"passes":23914,"fails":928}},"http_req_receiving":{"type":"trend","contains":"time","values":{"med":0.101414,"max":983.616131,"p(90)":2.4464221000000097,"p(95)":23.039037199999942,"p(99)":75.76915873000004,"avg":4.000814223331467,"min":0.014102}},"user_grades_duration":{"type":"trend","contains":"time","values":{"min":13.873088,"med":2307.012331,"max":3427.704116,"p(90)":2720.6288672,"p(95)":2863.2741263999997,"p(99)":3060.8518953999996,"avg":2112.136619791709}},"http_req_tls_handshaking":{"type":"trend","contains":"time","values":{"med":0,"max":0,"p(90)":0,"p(95)":0,"p(99)":0,"avg":0,"min":0}},"http_req_waiting":{"type":"trend","contains":"time","values":{"med":2558.8259609999996,"max":12058.455505,"p(90)":3395.8675349000005,"p(95)":6915.249954249994,"p(99)":9309.267685050001,"avg":2750.4797133132292,"min":12.803231}},"submit_assignment_duration":{"type":"trend","contains":"time","values":{"max":4006.65374,"p(90)":2970.621808,"p(95)":3115.3566325,"p(99)":3350.3423142999995,"avg":2290.7896891203072,"min":22.876002,"med":2485.496041}},"vus":{"contains":"default","values":{"min":4,"max":250,"value":9},"type":"gauge"},"submit_quiz_duration":{"type":"trend","contains":"time","values":{"avg":2699.0721936120817,"min":54.002459,"med":2901.481289,"max":4129.398011,"p(90)":3458.6083736,"p(95)":3601.0375144,"p(99)":3867.9504714}},"cascade_read_duration":{"type":"trend","contains":"time","values":{"p(95)":3250.937345599999,"p(99)":3513.1851216,"avg":2438.851157400385,"min":14.143685,"med":2616.244125,"max":3740.269257,"p(90)":3134.2341318}},"http_req_connecting":{"type":"trend","contains":"time","values":{"avg":0.1845778884952902,"min":0,"med":0,"max":1011.158477,"p(90)":0,"p(95)":0,"p(99)":0.7785827700000004}},"data_received":{"values":{"count":1544986502,"rate":3956706.930786366},"type":"counter","contains":"data"},"errors":{"type":"rate","contains":"default","values":{"rate":1,"passes":928,"fails":0}},"marker_grade_duration":{"type":"trend","contains":"time","values":{"avg":2406.657361730389,"min":42.321648,"med":2594.0956189999997,"max":4002.608006,"p(90)":3095.3432133,"p(95)":3238.33610685,"p(99)":3483.56320757}},"iterations":{"values":{"count":20335,"rate":52.07788892225594},"type":"counter","contains":"default"},"data_sent":{"type":"counter","contains":"data","values":{"count":5509458,"rate":14109.709453938252}}},"root_group":{"name":"","path":"","id":"d41d8cd98f00b204e9800998ecf8427e","groups":[],"checks":[{"name":"[wh-structure] status 200","path":"::[wh-structure] status 200","id":"9f2134ec9c516bc3787570bcbc5bc9e6","passes":1987,"fails":0},{"passes":1027,"fails":0,"name":"[wh-grade] status 200","path":"::[wh-grade] status 200","id":"747a63480c5228e4182e0b619fd4205c"},{"id":"549ffdbc72b97a1cd0f05b844dbb0567","passes":1020,"fails":0,"name":"[wh-marker-grade] status 200","path":"::[wh-marker-grade] status 200"},{"name":"[wh-grade-update] status 200","path":"::[wh-grade-update] status 200","id":"e1c3184baa8417c6f8c9c7cd82501965","passes":1031,"fails":0},{"passes":968,"fails":0,"name":"[wh-material-dl] status 200","path":"::[wh-material-dl] status 200","id":"182e87b5d3b46cf8a10f81893f31e347"},{"name":"[wh-gradebook] status 200","path":"::[wh-gradebook] status 200","id":"04f91da34414db0af1a48a98d41fa661","passes":2062,"fails":0},{"name":"[wh-submit] status 201","path":"::[wh-submit] status 201","id":"49f223985d533388331178bd3e8d6a64","passes":3762,"fails":369},{"id":"6a9d912d2aeb5ec6cb64307cca9056b8","passes":825,"fails":0,"name":"[wh-cf-non-enrolled] status 403","path":"::[wh-cf-non-enrolled] status 403"},{"passes":2449,"fails":559,"name":"[wh-quiz] start 201","path":"::[wh-quiz] start 201","id":"bc382dfba4db61bcda740eb7d13cbecd"},{"fails":0,"name":"[wh-quiz] submit 200","path":"::[wh-quiz] submit 200","id":"4963f6adfea6303590e8a8e9c12d47a1","passes":2449},{"name":"[wh-cf-locked-grade] status 403","path":"::[wh-cf-locked-grade] status 403","id":"a0d2cffa4f26fbeb7022bec9298a706e","passes":237,"fails":0},{"name":"[wh-user-grades] status 200","path":"::[wh-user-grades] status 200","id":"827cabf91007e26e21b96eb0eaac2825","passes":1013,"fails":0},{"name":"[wh-grade-unauth] status 403","path":"::[wh-grade-unauth] status 403","id":"b9f37e7e4ff322953440a920c2825184","passes":991,"fails":0},{"fails":0,"name":"[wh-cascade-pre] status 200","path":"::[wh-cascade-pre] status 200","id":"6cf217efe14ab595b837401653c393f9","passes":1029},{"passes":1029,"fails":0,"name":"[wh-cascade-write] status 200","path":"::[wh-cascade-write] status 200","id":"9791881937dbec10111f5684ec5d2a68"},{"name":"[wh-cascade-post] status 200","path":"::[wh-cascade-post] status 200","id":"2eaa088a823153fd8e84cbe4e79e632d","passes":1029,"fails":0},{"path":"::[wh-activity] status 200","id":"aed3f8824d0bcca89ac7d3b2bf25119a","passes":1006,"fails":0,