{"state":{"isStdOutTTY":false,"isStdErrTTY":false,"testRunDurationMs":391377.42939},"metrics":{"http_req_duration":{"thresholds":{"p(95)<3000":{"ok":false}},"type":"trend","contains":"time","values":{"p(95)":7646.757086,"p(99)":7976.455693,"avg":6211.337256399693,"min":22.797665,"med":6783.991767,"max":9405.711756,"p(90)":7461.989718}},"vus_max":{"type":"gauge","contains":"default","values":{"value":500,"min":500,"max":500}},"data_received":{"type":"counter","contains":"data","values":{"count":93364806,"rate":238554.3952943791}},"gradebook_duration":{"type":"trend","contains":"time","values":{"min":23.150385,"med":6604.742223499999,"max":8245.941069,"p(90)":7206.3250473,"p(95)":7369.935936899999,"p(99)":7572.5464802199995,"avg":6006.207133721882}},"http_req_connecting":{"type":"trend","contains":"time","values":{"max":21.361963,"p(90)":0,"p(95)":0,"p(99)":0.2091,"avg":0.0063027404503819846,"min":0,"med":0}},"checks":{"type":"rate","contains":"default","values":{"fails":9,"rate":0.9997716779136435,"passes":39409}},"vus":{"type":"gauge","contains":"default","values":{"value":5,"min":5,"max":500}},"assignment_detail_duration":{"type":"trend","contains":"time","values":{"p(95)":7408.363141599999,"p(99)":7660.046768349998,"avg":6068.827058019467,"min":22.797665,"med":6666.6669135,"max":8462.378057,"p(90)":7277.4786277}},"iterations":{"type":"counter","contains":"default","values":{"count":20875,"rate":53.337260742234754}},"http_reqs":{"type":"counter","contains":"default","values":{"count":25001,"rate":63.87951405109514}},"http_req_tls_handshaking":{"values":{"min":0,"med":0,"max":0,"p(90)":0,"p(95)":0,"p(99)":0,"avg":0},"type":"trend","contains":"time"},"iteration_duration":{"type":"trend","contains":"time","values":{"p(90)":14653.290853200002,"p(95)":15259.495213799999,"p(99)":15980.193595359999,"avg":8342.372254175078,"min":353.17537,"med":7807.470965,"max":17093.651365}},"http_req_sending":{"type":"trend","contains":"time","values":{"p(99)":0.136313,"avg":0.04410660565577393,"min":0.008724,"med":0.037401,"max":17.673114,"p(90)":0.058412,"p(95)":0.073045}},"http_req_failed":{"type":"rate","contains":"default","values":{"rate":0,"passes":0,"fails":25001},"thresholds":{"rate<0.10":{"ok":true}}},"submit_quiz_duration":{"type":"trend","contains":"time","values":{"max":8796.821834,"p(90)":7664.370253,"p(95)":7857.1938525000005,"p(99)":8146.126784,"avg":6385.109041395543,"min":49.756238,"med":6971.721250500001}},"http_req_receiving":{"type":"trend","contains":"time","values":{"p(99)":0.770229,"avg":0.1796789642414295,"min":0.025066,"med":0.132888,"max":36.537385,"p(90)":0.248414,"p(95)":0.357938}},"submit_assignment_duration":{"type":"trend","contains":"time","values":{"med":6865.241763,"max":8747.715938,"p(90)":7545.521070599999,"p(95)":7719.484341199999,"p(99)":8048.3756766,"avg":6308.721120928522,"min":40.691344}},"data_sent":{"values":{"count":4760769,"rate":12164.13784366698},"type":"counter","contains":"data"},"grade_submission_duration":{"type":"trend","contains":"time","values":{"min":48.852756,"med":6963.210187,"max":9405.711756,"p(90)":7638.64323,"p(95)":7784.260919,"p(99)":8150.872456599999,"avg":6373.090561341903}},"http_req_blocked":{"type":"trend","contains":"time","values":{"p(95)":0.025023,"p(99)":0.318008,"avg":0.02130043346266141,"min":0.002727,"med":0.010057,"max":22.974863,"p(90)":0.015913}},"http_req_duration{expected_response:true}":{"type":"trend","contains":"time","values":{"med":6783.991767,"max":9405.711756,"p(90)":7461.989718,"p(95)":7646.757086,"p(99)":7976.455693,"avg":6211.337256399693,"min":22.797665}},"errors":{"type":"rate","contains":"default","values":{"fails":0,"rate":0,"passes":0},"thresholds":{"rate<0.10":{"ok":true}}},"http_req_waiting":{"values":{"p(99)":7976.297237,"avg":6211.1134708297395,"min":22.639826,"med":6783.831957,"max":9405.499288,"p(90)":7461.875242,"p(95)":7646.643516},"type":"trend","contains":"time"}},"root_group":{"name":"","path":"","id":"d41d8cd98f00b204e9800998ecf8427e","groups":[],"checks":[{"passes":4126,"fails":9,"name":"[quiz-attempt] start 201","path":"::[quiz-attempt] start 201","id":"18f54229dcbc1aba2aecf8a61f0db771"},{"id":"c6b8e5b4b95e1cad4532c36b70154d08","passes":6449,"fails":0,"name":"[submit-assignment] status 201 or 400","path":"::[submit-assignment] status 201 or 400"},{"path":"::[quiz-attempt] submit 200","id":"3aac290b0fb83ec96bbf8f19a1813a81","passes":4126,"fails":0,"name":"[quiz-attempt] submit 200"},{"id":"6398ec5c83f0a8abdc14be5794d5070f","passes":4126,"fails":0,"name":"[quiz-attempt] success","path":"::[quiz-attempt] success"},{"name":"[grade-submission] status 200","path":"::[grade-submission] status 200","id":"0b00b1c9fc4243dfcbcade089d53f4c1","passes":2021,"fails":0},{"name":"[grade-submission] success","path":"::[grade-submission] success","id":"dc7c3576ea1686ed510a59cbde26957e","passes":2021,"fails":0},{"path":"::[assignment-detail] status 200","id":"e710e6c64d866e8aa495eeee12857a96","passes":4110,"fails":0,"name":"[assignment-detail] status 200"},{"path":"::[assignment-detail] success","id":"2eca0bd45992b6c1691069c6af81d1ee","passes":4110,"fails":0,"name":"[assignment-detail] success"},{"name":"[gradebook] status 200","path":"::[gradebook] status 200","id":"9186de991ebaa0ed414ff11baa5503d0","passes":4160,"fails":0},{"name":"[gradebook] success","path":"::[gradebook] success","id":"a15a69867e50cddaa06c049f7cde480d","passes":4160,"fails":0}]},"options":{"summaryTimeUnit":"","noColor":false,"summaryTrendStats":["avg","min","med","max","p(90)","p(95)","p(99)"]}}