{"options":{"noColor":false,"summaryTrendStats":["avg","min","med","max","p(90)","p(95)","p(99)"],"summaryTimeUnit":""},"state":{"isStdErrTTY":false,"testRunDurationMs":391574.061058,"isStdOutTTY":false},"metrics":{"http_req_duration{expected_response:true}":{"type":"trend","contains":"time","values":{"p(99)":17641.248801440004,"avg":9977.506499028494,"min":20.427384,"med":10073.459672,"max":21888.563928,"p(90)":12766.079002600003,"p(95)":14730.984761399997}},"cascade_read_duration":{"type":"trend","contains":"time","values":{"avg":9331.925763051153,"min":20.427384,"med":10026.607851,"max":14081.49049,"p(90)":11549.1928544,"p(95)":12161.070154,"p(99)":13200.766694199998}},"user_grades_duration":{"type":"trend","contains":"time","values":{"p(95)":11787.20323475,"p(99)":13080.975449840009,"avg":9313.03724604176,"min":32.810511,"med":9743.3288395,"max":13604.037772,"p(90)":11375.0226192}},"http_req_failed{ef:1}":{"thresholds":{"rate<1.01":{"ok":true}},"type":"rate","contains":"default","values":{"rate":1,"passes":1993,"fails":0}},"http_req_connecting":{"type":"trend","contains":"time","values":{"max":1013.740884,"p(90)":0,"p(95)":0,"p(99)":2.9417067999999262,"avg":0.33807157952290295,"min":0,"med":0}},"iterations":{"type":"counter","contains":"default","values":{"count":20205,"rate":51.59943420513555}},"vus_max":{"type":"gauge","contains":"default","values":{"value":750,"min":750,"max":750}},"http_req_duration":{"type":"trend","contains":"time","values":{"p(95)":14384.588604,"p(99)":17415.5280051,"avg":9903.215076170181,"min":16.282959,"med":10028.545793,"max":21888.563928,"p(90)":12466.049142}},"http_req_tls_handshaking":{"type":"trend","contains":"time","values":{"max":0,"p(90)":0,"p(95)":0,"p(99)":0,"avg":0,"min":0,"med":0}},"grade_submission_duration":{"type":"trend","contains":"time","values":{"min":41.62244,"med":9968.805748499999,"max":14088.577358,"p(90)":11704.3826498,"p(95)":12152.08702755,"p(99)":13304.59883128,"avg":9597.481692915677}},"data_received":{"contains":"data","values":{"count":1535389173,"rate":3921069.666492996},"type":"counter"},"checks":{"type":"rate","contains":"default","values":{"rate":0.961402940342635,"passes":23738,"fails":953}},"http_req_receiving":{"type":"trend","contains":"time","values":{"min":0.013049,"med":0.101606,"max":498.734749,"p(90)":2.481362,"p(95)":25.165573000000002,"p(99)":79.6547085999995,"avg":4.0454499435016755}},"marker_grade_duration":{"type":"trend","contains":"time","values":{"max":14315.09888,"p(90)":11718.7564354,"p(95)":12219.9865948,"p(99)":13322.437978079997,"avg":9437.160720658612,"min":50.773798,"med":9986.1708055}},"http_req_failed":{"type":"rate","contains":"default","values":{"passes":2946,"fails":21745,"rate":0.11931473006358592},"thresholds":{"rate<0.15":{"ok":true}}},"data_sent":{"type":"counter","contains":"data","values":{"count":5505654,"rate":14060.313354577647}},"vus":{"type":"gauge","contains":"default","values":{"min":9,"max":750,"value":27}},"http_reqs":{"contains":"default","values":{"count":24691,"rate":63.05575995837673},"type":"counter"},"read_activity_duration":{"contains":"time","values":{"p(99)":13106.54598627999,"avg":9480.370238845395,"min":34.829027,"med":9908.367732,"max":14108.873559,"p(90)":11642.7706646,"p(95)":12123.676103199998},"type":"trend"},"errors":{"type":"rate","contains":"default","values":{"fails":0,"rate":1,"passes":953}},"grade_update_duration":{"type":"trend","contains":"time","values":{"p(90)":11450.002247,"p(95)":11810.2314031,"p(99)":12931.71423512,"avg":9278.788153479787,"min":22.084426,"med":9785.479397,"max":13724.577126}},"iteration_duration":{"values":{"min":373.227473,"med":11160.349496,"max":39681.871393,"p(90)":21359.4700248,"p(95)":25377.995265,"p(99)":32488.761709479993,"avg":13003.004238987793},"type":"trend","contains":"time"},"gradebook_duration":{"values":{"max":21888.563928,"p(90)":17716.147828,"p(95)":18739.448148,"p(99)":20297.944161599997,"avg":14639.010076281205,"min":285.993174,"med":14923.580325},"type":"trend","contains":"time"},"http_req_sending":{"type":"trend","contains":"time","values":{"avg":0.035111279494552436,"min":0.005118,"med":0.028674,"max":30.866086,"p(90)":0.043496,"p(95)":0.061869,"p(99)":0.1533229999999997}},"material_download_duration":{"type":"trend","contains":"time","values":{"p(90)":11226.6152396,"p(95)":11875.33810025,"p(99)":13149.689077379999,"avg":9278.377275465979,"min":34.209339,"med":9827.632859000001,"max":13879.832513}},"http_req_blocked":{"type":"trend","contains":"time","values":{"avg":0.3488334039528559,"min":0.001272,"med":0.00694,"max":1013.850912,"p(90)":0.009504,"p(95)":0.0147335,"p(99)":3.054899199999933}},"submit_quiz_duration":{"type":"trend","contains":"time","values":{"min":89.002051,"med":10333.143361499999,"max":14508.432441,"p(90)":12215.79173,"p(95)":12714.841876,"p(99)":13893.205014070001,"avg":9835.824251241978}},"submit_assignment_duration":{"contains":"time","values":{"med":9920.984242,"max":14199.083793,"p(90)":11652.7856956,"p(95)":12063.2309832,"p(99)":13189.558834480002,"avg":9489.466365122518,"min":37.164937},"type":"trend"},"course_structure_duration":{"type":"trend","contains":"time","values":{"p(99)":13656.173354140004,"avg":9639.509769148552,"min":48.790426,"med":10075.294972,"max":14310.134256,"p(90)":11787.20468,"p(95)":12367.6784621}},"http_req_waiting":{"type":"trend","contains":"time","values":{"avg":9899.13451494726,"min":16.135473,"med":10027.857395,"max":21857.489741,"p(90)":12458.247375,"p(95)":14341.6686195,"p(99)":17369.191730299997}}},"root_group":{"path":"","id":"d41d8cd98f00b204e9800998ecf8427e","groups":[],"checks":[{"name":"[wh-submit] status 201","path":"::[wh-submit] status 201","id":"49f223985d533388331178bd3e8d6a64","passes":3731,"fails":374},{"name":"[wh-grade] status 200","path":"::[wh-grade] status 200","id":"747a63480c5228e4182e0b619fd4205c","passes":1007,"fails":1},{"name":"[wh-structure] status 200","path":"::[wh-structure] status 200","id":"9f2134ec9c516bc3787570bcbc5bc9e6","passes":1959,"fails":0},{"id":"6cf217efe14ab595b837401653c393f9","passes":997,"fails":0,"name":"[wh-cascade-pre] status 200","path":"::[wh-cascade-pre] status 200"},{"name":"[wh-cascade-write] status 200","path":"::[wh-cascade-write] status 200","id":"9791881937dbec10111f5684ec5d2a68","passes":997,"fails":0},{"name":"[wh-cascade-post] status 200","path":"::[wh-cascade-post] status 200","id":"2eaa088a823153fd8e84cbe4e79e632d","passes":997,"fails":0},{"id":"bc382dfba4db61bcda740eb7d13cbecd","passes":2492,"fails":578,"name":"[wh-quiz] start 201","path":"::[wh-quiz] start 201"},{"name":"[wh-activity] status 200","path":"::[wh-activity] status 200","id":"aed3f8824d0bcca89ac7d3b2bf25119a","passes":1009,"fails":0},{"passes":1007,"fails":0,"name":"[wh-grade-unauth] status 403","path":"::[wh-grade-unauth] status 403","id":"b9f37e7e4ff322953440a920c2825184"},{"name":"[wh-quiz] submit 200","path":"::[wh-quiz] submit 200","id":"4963f6adfea6303590e8a8e9c12d47a1","passes":2492,"fails":0},{"name":"[wh-gradebook] status 200","path":"::[wh-gradebook] status 200","id":"04f91da34414db0af1a48a98d41fa661","passes":2041,"fails":0},{"name":"[wh-cf-non-enrolled] status 403","path":"::[wh-cf-non-enrolled] status 403","id":"6a9d912d2aeb5ec6cb64307cca9056b8","passes":755,"fails":0},{"path":"::[wh-marker-grade] status 200","id":"549ffdbc72b97a1cd0f05b844dbb0567","passes":1034,"fails":0,"name":"[wh-marker-grade] status 200"},{"name":"[wh-grade-update] status 200","path":"::[wh-grade-update] status 200","id":"e1c3184baa8417c6f8c9c7cd82501965","passes":965,"fails":0},{"name":"[wh-material-dl] status 200","path":"::[wh-material-dl] status 200","id":"182e87b5d3b46cf8a10f81893f31e347","passes":970,"fails":0},{"name":"[wh-user-grades] status 200","path":"::[wh-user-grades] status 200","id":"827cabf91007e26e21b96eb0eaac2825","passes":1054,"fails":0},{"name":"[wh-cf-locked-grade] status 403","path":"::[wh-cf-locked-grade] status 403","id":"a0d2cffa4f26fbeb7022bec9298a706e","passes":231,"fails":0}],