{"state":{"isStdOutTTY":false,"isStdErrTTY":false,"testRunDurationMs":392941.66504},"metrics":{"http_reqs":{"type":"counter","contains":"default","values":{"rate":67.0175813433256,"count":26334}},"http_req_waiting":{"type":"trend","contains":"time","values":{"p(99)":14725.87678468,"avg":12614.356366397938,"min":31.2101,"med":13715.112541999999,"max":17095.571057,"p(90)":14308.020881,"p(95)":14449.76062965}},"vus_max":{"type":"gauge","contains":"default","values":{"value":1000,"min":1000,"max":1000}},"grade_submission_duration":{"type":"trend","contains":"time","values":{"p(99)":14768.407443400005,"avg":12724.988043465504,"min":51.597642,"med":13780.52392,"max":15419.55302,"p(90)":14368.7668735,"p(95)":14509.054604500001}},"http_req_failed":{"type":"rate","contains":"default","values":{"rate":0,"passes":0,"fails":26334},"thresholds":{"rate<0.10":{"ok":true}}},"http_req_sending":{"type":"trend","contains":"time","values":{"p(95)":0.08485809999999994,"p(99)":0.15125082999999992,"avg":0.050223282828282624,"min":0.00863,"med":0.037533,"max":70.675619,"p(90)":0.06171230000000001}},"checks":{"type":"rate","contains":"default","values":{"passes":41783,"fails":7,"rate":0.9998324958123953}},"submit_quiz_duration":{"type":"trend","contains":"time","values":{"p(99)":14825.18377768,"avg":12744.29711322889,"min":54.278043,"med":13833.4470215,"max":17095.764071,"p(90)":14422.704159500001,"p(95)":14542.625484350001}},"http_req_duration":{"type":"trend","contains":"time","values":{"p(99)":14726.030198879998,"avg":12614.599500636912,"min":31.382441,"med":13715.309621,"max":17095.764071,"p(90)":14308.1590198,"p(95)":14449.967387300001},"thresholds":{"p(95)<3000":{"ok":false}}},"http_req_tls_handshaking":{"type":"trend","contains":"time","values":{"med":0,"max":0,"p(90)":0,"p(95)":0,"p(99)":0,"avg":0,"min":0}},"assignment_detail_duration":{"type":"trend","contains":"time","values":{"p(95)":14256.900174049999,"p(99)":14505.11395926,"avg":12479.157963437094,"min":31.382441,"med":13592.821802,"max":15473.940164,"p(90)":14160.144071}},"data_sent":{"type":"counter","contains":"data","values":{"count":4997249,"rate":12717.534037759266}},"iterations":{"type":"counter","contains":"default","values":{"count":21904,"rate":55.74364326514027}},"http_req_connecting":{"type":"trend","contains":"time","values":{"p(95)":0,"p(99)":0.2521804499999997,"avg":0.013037492633097917,"min":0,"med":0,"max":21.034498,"p(90)":0}},"gradebook_duration":{"type":"trend","contains":"time","values":{"med":13815.409441,"max":15342.071506,"p(90)":14412.2807275,"p(95)":14542.26499275,"p(99)":14822.051174150001,"avg":12673.644597250328,"min":44.161435}},"http_req_duration{expected_response:true}":{"contains":"time","values":{"min":31.382441,"med":13715.309621,"max":17095.764071,"p(90)":14308.1590198,"p(95)":14449.967387300001,"p(99)":14726.030198879998,"avg":12614.599500636912},"type":"trend"},"http_req_blocked":{"type":"trend","contains":"time","values":{"avg":0.03254212364243959,"min":0.002768,"med":0.010303,"max":27.71868,"p(90)":0.01907940000000001,"p(95)":0.03355604999999994,"p(99)":0.3840489299999995}},"vus":{"values":{"value":14,"min":6,"max":1000},"type":"gauge","contains":"default"},"http_req_receiving":{"type":"trend","contains":"time","values":{"avg":0.1929109561403509,"min":0.027459,"med":0.133015,"max":69.207284,"p(90)":0.24979660000000004,"p(95)":0.35471619999999976,"p(99)":0.80938788}},"data_received":{"type":"counter","contains":"data","values":{"count":98687472,"rate":251150.4398240741}},"iteration_duration":{"type":"trend","contains":"time","values":{"avg":16067.416029436232,"min":430.280498,"med":14760.756422999999,"max":32379.920573,"p(90)":28357.7326249,"p(95)":28911.249029399998,"p(99)":29600.55619408}},"errors":{"contains":"default","values":{"rate":0,"passes":0,"fails":0},"thresholds":{"rate<0.10":{"ok":true}},"type":"rate"},"submit_assignment_duration":{"type":"trend","contains":"time","values":{"min":34.333543,"med":13712.330097,"max":16106.126468,"p(90)":14296.626096,"p(95)":14423.155929,"p(99)":14700.522810800001,"avg":12611.737627639342}}},"root_group":{"groups":[],"checks":[{"name":"[submit-assignment] status 201 or 400","path":"::[submit-assignment] status 201 or 400","id":"c6b8e5b4b95e1cad4532c36b70154d08","passes":6441,"fails":0},{"passes":4434,"fails":0,"name":"[assignment-detail] status 200","path":"::[assignment-detail] status 200","id":"e710e6c64d866e8aa495eeee12857a96"},{"name":"[assignment-detail] success","path":"::[assignment-detail] success","id":"2eca0bd45992b6c1691069c6af81d1ee","passes":4434,"fails":0},{"fails":0,"name":"[gradebook] status 200","path":"::[gradebook] status 200","id":"9186de991ebaa0ed414ff11baa5503d0","passes":4446},{"name":"[gradebook] success","path":"::[gradebook] success","id":"a15a69867e50cddaa06c049f7cde480d","passes":4446,"fails":0},{"name":"[quiz-attempt] start 201","path":"::[quiz-attempt] start 201","id":"18f54229dcbc1aba2aecf8a61f0db771","passes":4430,"fails":7},{"path":"::[quiz-attempt] submit 200","id":"3aac290b0fb83ec96bbf8f19a1813a81","passes":4430,"fails":0,"name":"[quiz-attempt] submit 200"},{"id":"6398ec5c83f0a8abdc14be5794d5070f","passes":4430,"fails":0,"name":"[quiz-attempt] success","path":"::[quiz-attempt] success"},{"passes":2146,"fails":0,"name":"[grade-submission] status 200","path":"::[grade-submission] status 200","id":"0b00b1c9fc4243dfcbcade089d53f4c1"},{"name":"[grade-submission] success","path":"::[grade-submission] success","id":"dc7c3576ea1686ed510a59cbde26957e","passes":2146,"fails":0}],"name":"","path":"","id":"d41d8cd98f00b204e9800998ecf8427e"},"options":{"summaryTrendStats":["avg","min","med","max","p(90)","p(95)","p(99)"],"summaryTimeUnit":"","noColor":false}}