{"state":{"testRunDurationMs":403527.104213,"isStdOutTTY":false,"isStdErrTTY":false},"metrics":{"http_req_sending":{"type":"trend","contains":"time","values":{"avg":0.03592059404635481,"min":0.005158,"med":0.028674,"max":35.920909,"p(90)":0.046911,"p(95)":0.0830465,"p(99)":0.16214500000000018}},"submit_quiz_duration":{"type":"trend","contains":"time","values":{"avg":18641.308235350134,"min":79.288654,"med":20455.8219005,"max":25717.788055,"p(90)":21498.7747915,"p(95)":21912.91691575,"p(99)":22513.65134015}},"http_req_failed{ef:1}":{"type":"rate","contains":"default","values":{"rate":1,"passes":2255,"fails":0},"thresholds":{"rate<1.01":{"ok":true}}},"grade_submission_duration":{"type":"trend","contains":"time","values":{"min":32.983562,"med":20145.947807,"max":22419.900289,"p(90)":21115.6228738,"p(95)":21571.3095,"p(99)":22022.42628452,"avg":18469.850490336405}},"course_structure_duration":{"type":"trend","contains":"time","values":{"avg":18662.55674025111,"min":74.468125,"med":20290.9720265,"max":27166.062414,"p(90)":21249.864207799998,"p(95)":21672.82181925,"p(99)":22247.37579398}},"marker_grade_duration":{"type":"trend","contains":"time","values":{"p(95)":21613.7040152,"p(99)":22117.182961919996,"avg":18403.398138113855,"min":32.246187,"med":20203.638374,"max":25410.334547,"p(90)":21175.8194272}},"grade_update_duration":{"type":"trend","contains":"time","values":{"p(95)":21419.70722475,"p(99)":21877.873078399996,"avg":18202.92094834116,"min":32.398531,"med":19944.408469,"max":25127.29924,"p(90)":20963.617382}},"http_req_receiving":{"type":"trend","contains":"time","values":{"p(90)":5.248401,"p(95)":26.6497325,"p(99)":94.08986420000123,"avg":5.477485948189388,"min":0,"med":0.104008,"max":6748.254747}},"http_req_failed":{"type":"rate","contains":"default","values":{"rate":0.125443960309033,"passes":3426,"fails":23885},"thresholds":{"rate<0.15":{"ok":true}}},"http_req_waiting":{"type":"trend","contains":"time","values":{"max":30000.977379,"p(90)":21796.661079,"p(95)":24401.0921705,"p(99)":27039.543802800006,"avg":18854.639869684157,"min":18.568818,"med":20242.733838}},"cascade_read_duration":{"type":"trend","contains":"time","values":{"max":24674.059078,"p(90)":21389.9144625,"p(95)":21833.514667749998,"p(99)":22317.06545117,"avg":18412.870026976216,"min":78.481571,"med":20279.3758025}},"iteration_duration":{"type":"trend","contains":"time","values":{"p(99)":62862.04381877999,"avg":23803.486709882138,"min":359.863255,"med":21347.750688,"max":73440.428077,"p(90)":41463.6013948,"p(95)":43212.5814316}},"iterations":{"type":"counter","contains":"default","values":{"count":22407,"rate":55.52786855222634}},"http_req_tls_handshaking":{"type":"trend","contains":"time","values":{"med":0,"max":0,"p(90)":0,"p(95)":0,"p(99)":0,"avg":0,"min":0}},"read_activity_duration":{"values":{"min":57.801952,"med":20163.432249,"max":30000.29417,"p(90)":21388.042273,"p(95)":21736.213100999998,"p(99)":22244.20415345,"avg":18453.66756016636},"type":"trend","contains":"time"},"checks":{"type":"rate","contains":"default","values":{"rate":0.9571235033502984,"passes":26140,"fails":1171}},"gradebook_duration":{"values":{"p(99)":29125.8953984,"avg":23445.95787322956,"min":360.734545,"med":24836.2585695,"max":30001.454994,"p(90)":27294.8034176,"p(95)":27853.3691219},"type":"trend","contains":"time"},"http_reqs":{"type":"counter","contains":"default","values":{"count":27311,"rate":67.68070772659675}},"errors":{"type":"rate","contains":"default","values":{"rate":1,"passes":1171,"fails":0}},"http_req_duration{expected_response:true}":{"type":"trend","contains":"time","values":{"p(99)":27190.91860624,"avg":18853.426260141303,"min":18.749393,"med":20276.242617,"max":29998.175271,"p(90)":21942.797982,"p(95)":24745.525018199998}},"http_req_blocked":{"type":"trend","contains":"time","values":{"p(95)":1.0197265,"p(99)":14.052271500000082,"avg":0.7482193185529655,"min":0.001432,"med":0.006991,"max":1039.590675,"p(90)":0.010627}},"user_grades_duration":{"values":{"med":20107.211959,"max":22733.609188,"p(90)":21300.142576,"p(95)":21669.645554,"p(99)":22281.567417799997,"avg":18383.93772255129,"min":18.749393},"type":"trend","contains":"time"},"submit_assignment_duration":{"values":{"p(95)":21533.747286,"p(99)":21975.923390000004,"avg":18346.026798416344,"min":29.274681,"med":20130.477444,"max":26330.161663,"p(90)":21109.149799},"type":"trend","contains":"time"},"material_download_duration":{"type":"trend","contains":"time","values":{"max":26337.872753,"p(90)":21221.0864737,"p(95)":21676.44725175,"p(99)":22078.67383759,"avg":18509.520043856734,"min":49.052465,"med":20125.2589895}},"http_req_connecting":{"type":"trend","contains":"time","values":{"p(95)":0.94014,"p(99)":13.87794280000001,"avg":0.7347250241294707,"min":0,"med":0,"max":1039.509081,"p(90)":0}},"data_received":{"type":"counter","contains":"data","values":{"count":1749830540,"rate":4336339.546293178}},"vus":{"type":"gauge","contains":"default","values":{"max":1500,"value":1,"min":1}},"vus_max":{"type":"gauge","contains":"default","values":{"min":1500,"max":1500,"value":1500}},"data_sent":{"type":"counter","contains":"data","values":{"count":6046639,"rate":14984.468049036697}},"http_req_duration":{"contains":"time","values":{"min":18.749393,"med":20244.080707,"max":30001.454994,"p(90)":21799.582964,"p(95)":24438.0008665,"p(99)":27113.918586800002,"avg":18860.153276226312},"type":"trend"}},"root_group":{"name":"","path":"","id":"d41d8cd98f00b204e9800998ecf8427e","groups":[],"checks":[{"name":"[wh-submit] status 201","path":"::[wh-submit] status 201","id":"49f223985d533388331178bd3e8d6a64","passes":4053,"fails":468},{"name":"[wh-material-dl] status 200","path":"::[wh-material-dl] status 200","id":"182e87b5d3b46cf8a10f81893f31e347","passes":1040,"fails":0},{"name":"[wh-quiz] start 201","path":"::[wh-quiz] start 201","id":"bc382dfba4db61bcda740eb7d13cbecd","passes":2653,"fails":691},{"passes":848,"fails":0,"name":"[wh-cf-non-enrolled] status 403","path":"::[wh-cf-non-enrolled] status 403","id":"6a9d912d2aeb5ec6cb64307cca9056b8"},{"name":"[wh-quiz] submit 200","path":"::[wh-quiz] submit 200","id":"4963f6adfea6303590e8a8e9c12d47a1","passes":2636,"fails":0},{"fails":0,"name":"[wh-marker-grade] status 200","path":"::[wh-marker-grade] status 200","id":"549ffdbc72b97a1cd0f05b844dbb0567","passes":1045},{"id":"e1c3184baa8417c6f8c9c7cd82501965","passes":1199,"fails":0,"name":"[wh-grade-update] status 200","path":"::[wh-grade-update] status 200"},{"path":"::[wh-user-grades] status 200","id":"827cabf91007e26e21b96eb0eaac2825","passes":1141,"fails":0,"name":"[wh-user-grades] status 200"},{"path":"::[wh-grade] status 200","id":"747a63480c5228e4182e0b619fd4205c","passes":1189,"fails":0,"name":"[wh-grade] status 200"},{"passes":2263,"fails":11,"name":"[wh-gradebook] status 200","path":"::[wh-gradebook] status 200","id":"04f91da34414db0af1a48a98d41fa661"},{"id":"9f2134ec9c516bc3787570bcbc5bc9e6","passes":2230,"fails":0,"name":"[wh-structure] status 200","path":"::[wh-structure] status 200"},{"name":"[wh-activity] status 200","path":"::[wh-activity] status 200","id":"aed3f8824d0bcca89ac7d3b2bf25119a","passes":1099,"fails":1},{"name":"[wh-grade-unauth] status 403","path":"::[wh-grade-unauth] status 403","id":"b9f37e7e4ff322953440a920c2825184","passes":1116,"fails":0},{"id":"6cf217efe14ab595b837401653c393f9","passes":1123,"fails":0,"name":"[wh-cascade-pre] status 200","path":"::[wh-cascade-pre] status 200"},{"passes":1120,"fails":0,"name":"[wh-cascade-write] status 200","path":"::[wh-cascade-write] status 200","id":"9791881937dbec10111f5684ec5d2a68"},{"name":"[wh-cascade-post] status 200","path":"::[wh-cascade-post] status 200","id":"2eaa088a823153fd8e84cbe4e79e632d","passes":1094,"fails":0},{"fails":0,"name":"[wh-cf-locked-grade] status 403","path":"::[wh-cf-locked-grade] status 403","id":"a0d2cffa4f26fbeb7022bec9298a706e","passes":291}]},"options":{"noColor":false,"summaryTrendStats":["avg","min","med","max","p(90)","p(95)","p(99)"],"summaryTimeUnit":""}}