{"options":{"summaryTrendStats":["avg","min","med","max","p(90)","p(95)","p(99)"],"summaryTimeUnit":"","noColor":false},"state":{"isStdOutTTY":false,"isStdErrTTY":false,"testRunDurationMs":409328.039875},"metrics":{"http_req_duration{expected_response:true}":{"type":"trend","contains":"time","values":{"min":36.939494,"med":21837.448624,"max":25838.223564,"p(90)":22697.690555,"p(95)":23043.479604,"p(99)":24870.108287500003,"avg":20004.02992922521}},"http_req_tls_handshaking":{"type":"trend","contains":"time","values":{"med":0,"max":0,"p(90)":0,"p(95)":0,"p(99)":0,"avg":0,"min":0}},"iterations":{"type":"counter","contains":"default","values":{"count":21913,"rate":53.53407991959642}},"errors":{"values":{"rate":1,"passes":287,"fails":0},"thresholds":{"rate<0.10":{"ok":false}},"type":"rate","contains":"default"},"http_req_failed":{"type":"rate","contains":"default","values":{"rate":0.013317605874966706,"passes":350,"fails":25931},"thresholds":{"rate<0.10":{"ok":true}}},"gradebook_duration":{"type":"trend","contains":"time","values":{"avg":19806.209153294465,"min":0.252373,"med":21921.563477,"max":25632.268797,"p(90)":22793.9541884,"p(95)":23118.706494,"p(99)":25036.689812239998}},"http_req_duration":{"thresholds":{"p(95)<3000":{"ok":false}},"type":"trend","contains":"time","values":{"p(90)":22692.179321,"p(95)":23034.343201,"p(99)":24864.955345,"avg":19737.675682339133,"min":0,"med":21827.037016,"max":25838.223564}},"http_req_sending":{"type":"trend","contains":"time","values":{"med":0.064983,"max":35.980486,"p(90)":0.103655,"p(95)":0.122147,"p(99)":0.18846340000000017,"avg":0.07916123785244092,"min":0}},"submit_assignment_duration":{"contains":"time","values":{"avg":19520.75326601937,"min":0,"med":21813.7212865,"max":25838.223564,"p(90)":22671.9404595,"p(95)":22962.73366485,"p(99)":24830.96159153},"type":"trend"},"http_reqs":{"values":{"count":26281,"rate":64.20522768981488},"type":"counter","contains":"default"},"data_received":{"type":"counter","contains":"data","values":{"count":97770227,"rate":238855.4349461545}},"grade_submission_duration":{"contains":"time","values":{"avg":19822.644863228,"min":0,"med":21881.169717999997,"max":25432.543744,"p(90)":22733.303981,"p(95)":23077.44338165,"p(99)":24919.279016160002},"type":"trend"},"vus_max":{"values":{"max":1500,"value":1500,"min":1500},"type":"gauge","contains":"default"},"http_req_connecting":{"type":"trend","contains":"time","values":{"avg":0.1942900533465239,"min":0,"med":0.18979,"max":35.49995,"p(90)":0.267464,"p(95)":0.311977,"p(99)":0.7479340000000013}},"http_req_waiting":{"type":"trend","contains":"time","values":{"avg":19737.409002212953,"min":0,"med":21826.885957,"max":25837.975216,"p(90)":22691.953173,"p(95)":23034.137734,"p(99)":24864.7046482}},"http_req_receiving":{"type":"trend","contains":"time","values":{"p(90)":0.252727,"p(95)":0.357372,"p(99)":0.8496282000000027,"avg":0.1875188883223611,"min":0,"med":0.13607,"max":63.766481}},"submit_quiz_duration":{"type":"trend","contains":"time","values":{"p(90)":22867.508989,"p(95)":23292.803107,"p(99)":25145.8401174,"avg":20252.67599677732,"min":0.158052,"med":21979.755058,"max":25807.413815}},"vus":{"type":"gauge","contains":"default","values":{"value":6,"min":0,"max":1500}},"http_req_blocked":{"values":{"med":0.265788,"max":35.600709,"p(90)":0.375912,"p(95)":0.439949,"p(99)":0.8935092000000006,"avg":0.26741165397055033,"min":0.003083},"type":"trend","contains":"time"},"iteration_duration":{"type":"trend","contains":"time","values":{"min":315.276066,"med":22894.743417,"max":48614.7348,"p(90)":44625.0092638,"p(95)":45258.565029,"p(99)":46185.80741352001,"avg":24446.999892046057}},"assignment_detail_duration":{"type":"trend","contains":"time","values":{"p(99)":24640.989647129998,"avg":19574.044839058588,"min":0,"med":21700.0209405,"max":25270.463721,"p(90)":22539.448889900003,"p(95)":22840.0683412}},"checks":{"type":"rate","contains":"default","values":{"passes":40947,"fails":544,"rate":0.9868887228555591}},"data_sent":{"type":"counter","contains":"data","values":{"count":5012744,"rate":12246.275631473438}}},"root_group":{"checks":[{"name":"[assignment-detail] status 200","path":"::[assignment-detail] status 200","id":"e710e6c64d866e8aa495eeee12857a96","passes":4216,"fails":72},{"path":"::[assignment-detail] success","id":"2eca0bd45992b6c1691069c6af81d1ee","passes":4216,"fails":72,"name":"[assignment-detail] success"},{"id":"9186de991ebaa0ed414ff11baa5503d0","passes":4423,"fails":50,"name":"[gradebook] status 200","path":"::[gradebook] status 200"},{"passes":4423,"fails":50,"name":"[gradebook] success","path":"::[gradebook] success","id":"a15a69867e50cddaa06c049f7cde480d"},{"path":"::[submit-assignment] status 201 or 400","id":"c6b8e5b4b95e1cad4532c36b70154d08","passes":6533,"fails":107,"name":"[submit-assignment] status 201 or 400"},{"id":"18f54229dcbc1aba2aecf8a61f0db771","passes":4354,"fails":77,"name":"[quiz-attempt] start 201","path":"::[quiz-attempt] start 201"},{"name":"[quiz-attempt] submit 200","path":"::[quiz-attempt] submit 200","id":"3aac290b0fb83ec96bbf8f19a1813a81","passes":4225,"fails":36},{"name":"[quiz-attempt] success","path":"::[quiz-attempt] success","id":"6398ec5c83f0a8abdc14be5794d5070f","passes":4225,"fails":36},{"fails":22,"name":"[grade-submission] status 200","path":"::[grade-submission] status 200","id":"0b00b1c9fc4243dfcbcade089d53f4c1","passes":2166},{"passes":2166,"fails":22,"name":"[grade-submission] success","path":"::[grade-submission] success","id":"dc7c3576ea1686ed510a59cbde26957e"}],"name":"","path":"","id":"d41d8cd98f00b204e9800998ecf8427e","groups":[]}}