{"metrics":{"submit_assignment_duration":{"values":{"min":25.121764,"med":6067.611321,"max":10489.735456,"p(90)":6778.6996012,"p(95)":7031.134305199999,"p(99)":7474.087033720004,"avg":5571.453900396494},"type":"trend","contains":"time"},"checks":{"values":{"rate":0.9598190115244799,"passes":24819,"fails":1039},"type":"rate","contains":"default"},"http_req_duration{expected_response:true}":{"type":"trend","contains":"time","values":{"p(95)":10852.139644649997,"p(99)":13282.854512410002,"avg":6053.696815076189,"min":14.376452,"med":6202.110788,"max":28004.827907,"p(90)":7471.1049825}},"user_grades_duration":{"type":"trend","contains":"time","values":{"max":11178.085116,"p(90)":7001.383709600001,"p(95)":7277.0406502,"p(99)":8104.987701790002,"avg":5620.3267355255275,"min":14.376452,"med":6038.136801000001}},"http_req_failed":{"thresholds":{"rate<0.15":{"ok":true}},"type":"rate","contains":"default","values":{"rate":0.12313403975558822,"passes":3184,"fails":22674}},"vus_max":{"type":"gauge","contains":"default","values":{"value":500,"min":500,"max":500}},"http_req_blocked":{"type":"trend","contains":"time","values":{"avg":1.6854839453167083,"min":0.001192,"med":0.00676,"max":7284.900823,"p(90)":0.009064,"p(95)":0.011357,"p(99)":1.4923768200000027}},"http_req_tls_handshaking":{"type":"trend","contains":"time","values":{"min":0,"med":0,"max":0,"p(90)":0,"p(95)":0,"p(99)":0,"avg":0}},"cascade_read_duration":{"contains":"time","values":{"p(95)":7088.3647189,"p(99)":7668.672965110002,"avg":5575.200010808128,"min":30.854249,"med":6200.765388,"max":9552.75219,"p(90)":6884.0013305},"type":"trend"},"http_req_waiting":{"contains":"time","values":{"med":6161.7730135,"max":16763.174138,"p(90)":7286.8927968,"p(95)":10467.379561999995,"p(99)":13093.03968779,"avg":5983.642297356726,"min":14.193363},"type":"trend"},"data_sent":{"type":"counter","contains":"data","values":{"count":5705206,"rate":14586.492493772232}},"grade_update_duration":{"type":"trend","contains":"time","values":{"avg":5407.730932937171,"min":14.629608,"med":5956.812277,"max":10114.071016,"p(90)":6595.3869644,"p(95)":6813.863338099999,"p(99)":7378.360304159999}},"data_received":{"contains":"data","values":{"count":1645527378,"rate":4207117.630370175},"type":"counter"},"gradebook_duration":{"type":"trend","contains":"time","values":{"max":28004.827907,"p(90)":13361.886434,"p(95)":13825.403564599997,"p(99)":15372.019840760004,"avg":10658.59830236818,"min":249.31272,"med":11007.367729}},"http_reqs":{"type":"counter","contains":"default","values":{"count":25858,"rate":66.11111376240619}},"read_activity_duration":{"values":{"avg":5475.9247911968,"min":22.741223,"med":6070.806017,"max":10402.223385,"p(90)":6830.366551900001,"p(95)":7069.584781599999,"p(99)":7508.15390913001},"type":"trend","contains":"time"},"http_req_connecting":{"type":"trend","contains":"time","values":{"p(90)":0,"p(95)":0,"p(99)":1.4033638300000006,"avg":1.6766076968056305,"min":0,"med":0,"max":7284.692116}},"marker_grade_duration":{"type":"trend","contains":"time","values":{"avg":5565.088456325213,"min":39.031825,"med":6129.273589,"max":9927.648791,"p(90)":6847.8324348,"p(95)":7107.495080899999,"p(99)":7528.093044659999}},"http_req_receiving":{"type":"trend","contains":"time","values":{"p(95)":30.813500249999905,"p(99)":99.58150749,"avg":9.393112141116884,"min":0.012489,"med":0.10182949999999999,"max":14847.033596,"p(90)":8.195539199999951}},"grade_submission_duration":{"type":"trend","contains":"time","values":{"max":10070.681562,"p(90)":6794.707326199999,"p(95)":7084.635944299999,"p(99)":7620.853014790001,"avg":5528.964702027977,"min":34.301679,"med":6149.680936500001}},"http_req_sending":{"type":"trend","contains":"time","values":{"max":16.965411,"p(90)":0.0418233,"p(95)":0.05247149999999998,"p(99)":0.14170517,"avg":0.03263712603449614,"min":0.004787,"med":0.028153}},"vus":{"type":"gauge","contains":"default","values":{"value":1,"min":1,"max":500}},"errors":{"type":"rate","contains":"default","values":{"passes":1039,"fails":0,"rate":1}},"material_download_duration":{"type":"trend","contains":"time","values":{"min":28.428077,"med":6082.689874,"max":10103.423171,"p(90)":6818.7850544,"p(95)":7032.73429895,"p(99)":7458.99065204,"avg":5485.381353213083}},"iterations":{"values":{"count":21256,"rate":54.34518656252247},"type":"counter","contains":"default"},"http_req_failed{ef:1}":{"type":"rate","contains":"default","values":{"rate":1,"passes":2145,"fails":0},"thresholds":{"rate<1.01":{"ok":true}}},"course_structure_duration":{"type":"trend","contains":"time","values":{"p(95)":7210.2243056,"p(99)":7730.543708530001,"avg":5731.9786175261615,"min":34.184289,"med":6251.098058,"max":11221.913449,"p(90)":6925.283479600001}},"submit_quiz_duration":{"type":"trend","contains":"time","values":{"p(99)":8088.0715927,"avg":5814.080298409893,"min":54.831918,"med":6438.583096,"max":10879.749868,"p(90)":7160.5053375,"p(95)":7388.107484}},"iteration_duration":{"type":"trend","contains":"time","values":{"p(95)":15143.26959475,"p(99)":20406.87061765,"avg":8192.539434913502,"min":370.376238,"med":7214.7662565,"max":28799.254066,"p(90)":13829.2025755}},"http_req_duration":{"type":"trend","contains":"time","values":{"max":28004.827907,"p(90)":7293.315342299999,"p(95)":10521.677456399999,"p(99)":13155.551205800002,"avg":5993.068046623841,"min":14.376452,"med":6162.2217715}}},"root_group":{"name":"","path":"","id":"d41d8cd98f00b204e9800998ecf8427e","groups":[],"checks":[{"path":"::[wh-user-grades] status 200","id":"827cabf91007e26e21b96eb0eaac2825","passes":1058,"fails":0,"name":"[wh-user-grades] status 200"},{"passes":1062,"fails":0,"name":"[wh-activity] status 200","path":"::[wh-activity] status 200","id":"aed3f8824d0bcca89ac7d3b2bf25119a"},{"path":"::[wh-quiz] start 201","id":"bc382dfba4db61bcda740eb7d13cbecd","passes":2486,"fails":616,"name":"[wh-quiz] start 201"},{"name":"[wh-structure] status 200","path":"::[wh-structure] status 200","id":"9f2134ec9c516bc3787570bcbc5bc9e6","passes":2140,"fails":0},{"id":"4963f6adfea6303590e8a8e9c12d47a1","passes":2486,"fails":0,"name":"[wh-quiz] submit 200","path":"::[wh-quiz] submit 200"},{"name":"[wh-cascade-pre] status 200","path":"::[wh-cascade-pre] status 200","id":"6cf217efe14ab595b837401653c393f9","passes":1058,"fails":0},{"fails":0,"name":"[wh-cascade-write] status 200","path":"::[wh-cascade-write] status 200","id":"9791881937dbec10111f5684ec5d2a68","passes":1058},{"path":"::[wh-cascade-post] status 200","id":"2eaa088a823153fd8e84cbe4e79e632d","passes":1058,"fails":0,"name":"[wh-cascade-post] status 200"},{"fails":0,"name":"[wh-cf-non-enrolled] status 403","path":"::[wh-cf-non-enrolled] status 403","id":"6a9d912d2aeb5ec6cb64307cca9056b8","passes":806},{"name":"[wh-grade-unauth] status 403","path":"::[wh-grade-unauth] status 403","id":"b9f37e7e4ff322953440a920c2825184","passes":1068,"fails":0},{"path":"::[wh-material-dl] status 200","id":"182e87b5d3b46cf8a10f81893f31e347","passes":1070,"fails":0,"name":"[wh-material-dl] status 200"},{"name":"[wh-submit] status 201","path":"::[wh-submit] status 201","id":"49f223985d533388331178bd3e8d6a64","passes":3814,"fails":423},{"passes":1108,"fails":0,"name":"[wh-grade] status 200","path":"::[wh-grade] status 200","id":"747a63480c5228e4182e0b619fd4205c"},{"id":"e1c3184baa8417c6f8c9c7cd82501965","passes":1096,"fails":0,"name":"[wh-grade-update] status 200","path":"::[wh-grade-update] status 200"},{"name":"[wh-gradebook] status 200","path":"::[wh-gradebook] status 200","id":"04f91da34414db0af1a48a98d41fa661","passes":2113,"fails":0},{"id":"549ffdbc72b97a1cd0f05b844dbb0567","passes":1067,"fails":0,"name":"[wh-marker-grade] status 200","path":"::[wh-marker-grade] status 200"},{"fails":0,"name":"[wh-cf-locked-grade] status 403","path":"::[wh-cf-locked-grade] status 403","id":"a0d2cffa4f26fbeb7022bec9298a706e","passes":271}]},"options":{"summaryTrendStats":["avg","min","med","max","p(90)","p(95)","p(99)"],"summaryTimeUnit":"","noColor":false},"state":{"isStdErrTTY":false,