{"metrics":{"iterations":{"type":"counter","contains":"default","values":{"count":21350,"rate":54.58418867903964}},"http_req_tls_handshaking":{"type":"trend","contains":"time","values":{"max":0,"p(90)":0,"p(95)":0,"p(99)":0,"avg":0,"min":0,"med":0}},"iteration_duration":{"values":{"p(90)":14011.772052900002,"p(95)":14486.86064005,"p(99)":15158.892347689996,"avg":8143.749427198332,"min":356.454712,"med":7561.6046665,"max":16876.156826},"type":"trend","contains":"time"},"errors":{"values":{"fails":0,"rate":0,"passes":0},"thresholds":{"rate<0.10":{"ok":true}},"type":"rate","contains":"default"},"http_req_duration":{"type":"trend","contains":"time","values":{"min":26.893739,"med":6531.210654,"max":8734.406203,"p(90)":7062.3038795,"p(95)":7237.87814025,"p(99)":7575.93479052,"avg":6041.446349029752},"thresholds":{"p(95)<3000":{"ok":false}}},"http_req_connecting":{"type":"trend","contains":"time","values":{"avg":0.006685608970852545,"min":0,"med":0,"max":25.166126,"p(90)":0,"p(95)":0,"p(99)":0.2524297699999999}},"assignment_detail_duration":{"type":"trend","contains":"time","values":{"p(90)":6885.9044194,"p(95)":7048.9758219,"p(99)":7388.013823999998,"avg":5911.579076359874,"min":27.954562,"med":6414.687817,"max":8315.170902}},"checks":{"contains":"default","values":{"rate":0.9998270366435226,"passes":40464,"fails":7},"type":"rate"},"vus":{"type":"gauge","contains":"default","values":{"value":3,"min":3,"max":500}},"http_req_waiting":{"type":"trend","contains":"time","values":{"p(95)":7237.5763239,"p(99)":7575.830908229999,"avg":6041.219245833754,"min":26.755077,"med":6531.0037985,"max":8734.274546,"p(90)":7062.1414606}},"http_req_receiving":{"type":"trend","contains":"time","values":{"p(95)":0.36172314999999994,"p(99)":0.8300740099999998,"avg":0.1802609728451987,"min":0.027088,"med":0.133925,"max":41.223596,"p(90)":0.25327500000000014}},"grade_submission_duration":{"type":"trend","contains":"time","values":{"p(99)":7556.923210920003,"avg":6037.856211295152,"min":35.457452,"med":6587.369838,"max":7958.736398,"p(90)":7121.9349582,"p(95)":7273.6701844}},"data_sent":{"type":"counter","contains":"data","values":{"count":4870037,"rate":12450.914214609094}},"submit_assignment_duration":{"type":"trend","contains":"time","values":{"avg":6049.831167450833,"min":37.29761,"med":6541.93146,"max":8210.218383,"p(90)":7044.18407,"p(95)":7218.2202595,"p(99)":7555.448036450003}},"submit_quiz_duration":{"type":"trend","contains":"time","values":{"p(90)":7182.5635484,"p(95)":7349.9680945499995,"p(99)":7702.766092149999,"avg":6174.437416454983,"min":45.214739,"med":6655.764029,"max":8734.406203}},"http_req_sending":{"type":"trend","contains":"time","values":{"p(90)":0.059789400000000006,"p(95)":0.07506019999999992,"p(99)":0.15717156999999998,"avg":0.046842223138235724,"min":0.007992,"med":0.037383,"max":19.076875}},"data_received":{"type":"counter","contains":"data","values":{"count":94052751,"rate":240458.6935066386}},"http_reqs":{"type":"counter","contains":"default","values":{"count":25594,"rate":65.43455386657332}},"vus_max":{"contains":"default","values":{"max":500,"value":500,"min":500},"type":"gauge"},"http_req_duration{expected_response:true}":{"contains":"time","values":{"p(99)":7575.93479052,"avg":6041.446349029752,"min":26.893739,"med":6531.210654,"max":8734.406203,"p(90)":7062.3038795,"p(95)":7237.87814025},"type":"trend"},"gradebook_duration":{"type":"trend","contains":"time","values":{"p(95)":7329.824643,"p(99)":7717.145859599998,"avg":6120.264559630382,"min":39.910373,"med":6625.677902,"max":8410.415479,"p(90)":7155.476141}},"http_req_failed":{"thresholds":{"rate<0.10":{"ok":true}},"type":"rate","contains":"default","values":{"rate":0,"passes":0,"fails":25594}},"http_req_blocked":{"type":"trend","contains":"time","values":{"min":0.003037,"med":0.010453,"max":25.358806,"p(90)":0.0165731,"p(95)":0.025651149999999956,"p(99)":0.38470984999999996,"avg":0.021497997460342023}}},"root_group":{"id":"d41d8cd98f00b204e9800998ecf8427e","groups":[],"checks":[{"name":"[quiz-attempt] start 201","path":"::[quiz-attempt] start 201","id":"18f54229dcbc1aba2aecf8a61f0db771","passes":4244,"fails":7},{"name":"[assignment-detail] status 200","path":"::[assignment-detail] status 200","id":"e710e6c64d866e8aa495eeee12857a96","passes":4307,"fails":0},{"name":"[assignment-detail] success","path":"::[assignment-detail] success","id":"2eca0bd45992b6c1691069c6af81d1ee","passes":4307,"fails":0},{"id":"3aac290b0fb83ec96bbf8f19a1813a81","passes":4244,"fails":0,"name":"[quiz-attempt] submit 200","path":"::[quiz-attempt] submit 200"},{"name":"[quiz-attempt] success","path":"::[quiz-attempt] success","id":"6398ec5c83f0a8abdc14be5794d5070f","passes":4244,"fails":0},{"name":"[submit-assignment] status 201 or 400","path":"::[submit-assignment] status 201 or 400","id":"c6b8e5b4b95e1cad4532c36b70154d08","passes":6466,"fails":0},{"id":"9186de991ebaa0ed414ff11baa5503d0","passes":4161,"fails":0,"name":"[gradebook] status 200","path":"::[gradebook] status 200"},{"id":"a15a69867e50cddaa06c049f7cde480d","passes":4161,"fails":0,"name":"[gradebook] success","path":"::[gradebook] success"},{"name":"[grade-submission] status 200","path":"::[grade-submission] status 200","id":"0b00b1c9fc4243dfcbcade089d53f4c1","passes":2165,"fails":0},{"id":"dc7c3576ea1686ed510a59cbde26957e","passes":2165,"fails":0,"name":"[grade-submission] success","path":"::[grade-submission] success"}],"name":"","path":""},"options":{"summaryTrendStats":["avg","min","med","max","p(90)","p(95)","p(99)"],"summaryTimeUnit":"","noColor":false},"state":{"isStdOutTTY":false,"isStdErrTTY":false,"testRunDurationMs":391138.908843}}