{"options":{"summaryTrendStats":["avg","min","med","max","p(90)","p(95)","p(99)"],"summaryTimeUnit":"","noColor":false},"state":{"isStdOutTTY":false,"isStdErrTTY":false,"testRunDurationMs":391782.051198},"metrics":{"iteration_duration":{"type":"trend","contains":"time","values":{"avg":12688.14105897755,"min":368.5815,"med":11260.4090875,"max":36056.824464,"p(90)":21369.263413,"p(95)":23376.45327975,"p(99)":32607.908565}},"http_req_receiving":{"type":"trend","contains":"time","values":{"max":1948.02032,"p(90)":5.875491900000008,"p(95)":27.139107399999936,"p(99)":94.51827278999986,"avg":4.973810542148635,"min":0.015825,"med":0.10424349999999999}},"http_req_connecting":{"type":"trend","contains":"time","values":{"avg":0.5086321042623992,"min":0,"med":0,"max":1078.968221,"p(90)":0,"p(95)":0,"p(99)":1.8526905599999988}},"iterations":{"values":{"count":20726,"rate":52.90186198327251},"type":"counter","contains":"default"},"http_reqs":{"type":"counter","contains":"default","values":{"count":25244,"rate":64.4337838418282}},"cascade_read_duration":{"type":"trend","contains":"time","values":{"p(99)":11740.65986326,"avg":9201.620597946372,"min":39.263954,"med":10176.387617,"max":11999.835847,"p(90)":11175.693832199999,"p(95)":11499.015086099998}},"http_req_blocked":{"type":"trend","contains":"time","values":{"p(95)":0.014591499999999986,"p(99)":2.011513349999999,"avg":0.5199439740136295,"min":0.001412,"med":0.00691,"max":1079.067412,"p(90)":0.009465}},"http_req_duration":{"type":"trend","contains":"time","values":{"p(95)":14537.718379049998,"p(99)":17385.92151861,"avg":9678.065747343668,"min":15.336182,"med":10164.1821485,"max":20701.788575,"p(90)":11478.8437644}},"user_grades_duration":{"type":"trend","contains":"time","values":{"avg":9299.401645779311,"min":24.163872,"med":10062.987693,"max":12417.241174,"p(90)":11080.8143547,"p(95)":11380.5898018,"p(99)":11881.32591244}},"gradebook_duration":{"type":"trend","contains":"time","values":{"max":20701.788575,"p(90)":17609.534704100002,"p(95)":18155.1764132,"p(99)":19132.431850559995,"avg":14549.873885508443,"min":277.233755,"med":15223.120726500001}},"http_req_failed":{"type":"rate","contains":"default","values":{"rate":0.1182063064490572,"passes":2984,"fails":22260},"thresholds":{"rate<0.15":{"ok":true}}},"grade_submission_duration":{"type":"trend","contains":"time","values":{"med":10145.7118835,"max":11889.812724,"p(90)":11048.8127598,"p(95)":11365.6633277,"p(99)":11634.32377181,"avg":9339.672864877772,"min":30.36743}},"data_sent":{"contains":"data","values":{"count":5606808,"rate":14311.038453281299},"type":"counter"},"checks":{"type":"rate","contains":"default","values":{"rate":0.9620107748375851,"passes":24285,"fails":959}},"submit_quiz_duration":{"type":"trend","contains":"time","values":{"max":12597.087281,"p(90)":11468.736650800001,"p(95)":11746.0455663,"p(99)":12152.589957669998,"avg":9482.710020129762,"min":60.589699,"med":10404.080665000001}},"http_req_duration{expected_response:true}":{"type":"trend","contains":"time","values":{"min":23.146942,"med":10200.206747,"max":20701.788575,"p(90)":11588.594321400004,"p(95)":14963.73760175,"p(99)":17516.509769499997,"avg":9731.132506390699}},"course_structure_duration":{"type":"trend","contains":"time","values":{"med":10232.407513,"max":12155.026066,"p(90)":11240.317142,"p(95)":11477.6401465,"p(99)":11799.4890294,"avg":9412.346055030317,"min":38.603758}},"http_req_sending":{"type":"trend","contains":"time","values":{"med":0.028493499999999998,"max":33.15868,"p(90)":0.043045,"p(95)":0.06106099999999997,"p(99)":0.15074553999999993,"avg":0.03401272718269695,"min":0.005518}},"http_req_failed{ef:1}":{"contains":"default","values":{"rate":1,"passes":2025,"fails":0},"thresholds":{"rate<1.01":{"ok":true}},"type":"rate"},"read_activity_duration":{"type":"trend","contains":"time","values":{"p(95)":11267.020164399999,"p(99)":11752.296143500002,"avg":9227.38295909573,"min":24.456397,"med":10046.042433,"max":12157.841,"p(90)":11041.9217498}},"marker_grade_duration":{"contains":"time","values":{"min":34.105819,"med":10119.8707105,"max":11797.439465,"p(90)":11083.1174626,"p(95)":11323.938186899999,"p(99)":11686.733400609999,"avg":9346.395089588059},"type":"trend"},"data_received":{"values":{"rate":4002769.241737039,"count":1568213144},"type":"counter","contains":"data"},"http_req_tls_handshaking":{"type":"trend","contains":"time","values":{"min":0,"med":0,"max":0,"p(90)":0,"p(95)":0,"p(99)":0,"avg":0}},"vus":{"type":"gauge","contains":"default","values":{"value":2,"min":2,"max":750}},"material_download_duration":{"values":{"min":30.442074,"med":10068.012309,"max":11765.219478,"p(90)":11043.0747248,"p(95)":11305.2945102,"p(99)":11566.415758840001,"avg":9280.097296745062},"type":"trend","contains":"time"},"errors":{"type":"rate","contains":"default","values":{"rate":1,"passes":959,"fails":0}},"http_req_waiting":{"values":{"avg":9673.057924074374,"min":15.205503,"med":10163.241359,"max":20661.450438,"p(90)":11476.474526799999,"p(95)":14485.922502399999,"p(99)":17287.543656789996},"type":"trend","contains":"time"},"grade_update_duration":{"type":"trend","contains":"time","values":{"med":9932.125108,"max":11658.960529,"p(90)":10881.0789972,"p(95)":11106.3212993,"p(99)":11383.804202299998,"avg":9125.571872099626,"min":17.222899}},"submit_assignment_duration":{"type":"trend","contains":"time","values":{"min":24.596662,"med":10048.285138,"max":11930.666927,"p(90)":11009.328779,"p(95)":11268.010519699998,"p(99)":11575.0526257,"avg":9206.889627772269}},"vus_max":{"values":{"value":750,"min":750,"max":750},"type":"gauge","contains":"default"}},"root_group":{"path":"","id":"d41d8cd98f00b204e9800998ecf8427e","groups":[],"checks":[{"path":"::[wh-user-grades] status 200","id":"827cabf91007e26e21b96eb0eaac2825","passes":1024,"fails":0,"name":"[wh-user-grades] status 200"},{"name":"[wh-submit] status 201","path":"::[wh-submit] status 201","id":"49f223985d533388331178bd3e8d6a64","passes":3787,"fails":376},{"name":"[wh-quiz] start 201","path":"::[wh-quiz] start 201","id":"bc382dfba4db61bcda740eb7d13cbecd","passes":2504,"fails":583},{"name":"[wh-quiz] submit 200","path":"::[wh-quiz] submit 200","id":"4963f6adfea6303590e8a8e9c12d47a1","passes":2504,"fails":0},{"fails":0,"name":"[wh-grade-update] status 200","path":"::[wh-grade-update] status 200","id":"e1c3184baa8417c6f8c9c7cd82501965","passes":1075},{"id":"b9f37e7e4ff322953440a920c2825184","passes":1003,"fails":0,"name":"[wh-grade-unauth] status 403","path":"::[wh-grade-unauth] status 403"},{"id":"aed3f8824d0bcca89ac7d3b2bf25119a","passes":1055,"fails":0,"name":"[wh-activity] status 200","path":"::[wh-activity] status 200"},{"id":"182e87b5d3b46cf8a10f81893f31e347","passes":1063,"fails":0,"name":"[wh-material-dl] status 200","path":"::[wh-material-dl] status 200"},{"name":"[wh-cf-non-enrolled] status 403","path":"::[wh-cf-non-enrolled] status 403","id":"6a9d912d2aeb5ec6cb64307cca9056b8","passes":761,"fails":0},{"passes":2014,"fails":0,"name":"[wh-gradebook] status 200","path":"::[wh-gradebook] status 200","id":"04f91da34414db0af1a48a98d41fa661"},{"path":"::[wh-cascade-pre] status 200","id":"6cf217efe14ab595b837401653c393f9","passes":1007,"fails":0,"name":"[wh-cascade-pre] status 200"},{"name":"[wh-cascade-write] status 200","path":"::[wh-cascade-write] status 200","id":"9791881937dbec10111f5684ec5d2a68","passes":1007,"fails":0},{"id":"2eaa088a823153fd8e84cbe4e79e632d","passes":1007,"fails":0,"name":"[wh-cascade-post] status 200","path":"::[wh-cascade-post] status 200"},{"fails":0,"name":"[wh-grade] status 200","path":"::[wh-grade] status 200","id":"747a63480c5228e4182e0b619fd4205c","passes":1080},{"passes":2111,"fails":0,"name":"[wh-structure] status 200","path":"::[wh-structure] status 200","id":"9f2134ec9c516bc3787570bcbc5bc9e6"},{"name":"[wh-marker-grade] status 200","path":"::[wh-marker-grade] status 200","id":"549ffdbc72b97a1cd0f05b844dbb0567","passes":1022,"fails":0},{"fails":0,"name":"[wh-cf-locked-grade] status 403",