{"state":{"isStdOutTTY":false,"isStdErrTTY":false,"testRunDurationMs":391122.043674},"metrics":{"http_req_failed":{"type":"rate","contains":"default","values":{"rate":0,"passes":0,"fails":26340},"thresholds":{"rate<0.10":{"ok":true}}},"http_req_waiting":{"type":"trend","contains":"time","values":{"avg":9206.469428849847,"min":23.870497,"med":10102.174189000001,"max":12637.731369,"p(90)":10622.4861991,"p(95)":10765.07930735,"p(99)":11072.359563490001}},"vus":{"contains":"default","values":{"value":5,"min":5,"max":750},"type":"gauge"},"assignment_detail_duration":{"values":{"avg":9072.020232133866,"min":24.161358,"med":9987.296967,"max":12115.308817,"p(90)":10460.374466199999,"p(95)":10584.401003600002,"p(99)":10846.26416744001},"type":"trend","contains":"time"},"http_reqs":{"type":"counter","contains":"default","values":{"count":26340,"rate":67.34470845103881}},"http_req_connecting":{"type":"trend","contains":"time","values":{"p(99)":0.24070625000000007,"avg":0.009387953758542138,"min":0,"med":0,"max":29.840491,"p(90)":0,"p(95)":0}},"submit_quiz_duration":{"type":"trend","contains":"time","values":{"p(99)":11214.46482063,"avg":9349.09210705159,"min":38.308228,"med":10225.344904,"max":11862.157445,"p(90)":10738.791000899999,"p(95)":10886.955122749998}},"errors":{"values":{"rate":0,"passes":0,"fails":0},"thresholds":{"rate<0.10":{"ok":true}},"type":"rate","contains":"default"},"vus_max":{"type":"gauge","contains":"default","values":{"value":750,"min":750,"max":750}},"grade_submission_duration":{"type":"trend","contains":"time","values":{"avg":9265.715613858225,"min":36.232549,"med":10184.0728755,"max":12281.009409,"p(90)":10705.207794,"p(95)":10836.99680495,"p(99)":11124.048053089999}},"iteration_duration":{"type":"trend","contains":"time","values":{"med":11132.520026499998,"max":23399.13984,"p(90)":21144.650714699997,"p(95)":21612.826431899997,"p(99)":22242.555628129998,"avg":11971.011659409602,"min":343.291524}},"http_req_duration{expected_response:true}":{"type":"trend","contains":"time","values":{"avg":9206.695513715353,"min":24.161358,"med":10102.401326,"max":12637.873579,"p(90)":10622.6529593,"p(95)":10765.2796035,"p(99)":11072.57478386}},"http_req_tls_handshaking":{"type":"trend","contains":"time","values":{"p(90)":0,"p(95)":0,"p(99)":0,"avg":0,"min":0,"med":0,"max":0}},"iterations":{"contains":"default","values":{"count":21918,"rate":56.03877448101248},"type":"counter"},"data_received":{"type":"counter","contains":"data","values":{"count":95731624,"rate":244761.5151034347}},"checks":{"type":"rate","contains":"default","values":{"rate":0.9997837889780425,"passes":41617,"fails":9}},"http_req_receiving":{"type":"trend","contains":"time","values":{"avg":0.17720183078967258,"min":0.024981,"med":0.1320325,"max":53.176261,"p(90)":0.2520464000000001,"p(95)":0.36309594999999995,"p(99)":0.8080566800000005}},"gradebook_duration":{"type":"trend","contains":"time","values":{"avg":9289.788624910572,"min":45.875641,"med":10202.745888,"max":12160.960466,"p(90)":10714.257245,"p(95)":10847.332818,"p(99)":11113.18731564}},"http_req_duration":{"type":"trend","contains":"time","values":{"avg":9206.695513715353,"min":24.161358,"med":10102.401326,"max":12637.873579,"p(90)":10622.6529593,"p(95)":10765.2796035,"p(99)":11072.57478386},"thresholds":{"p(95)<3000":{"ok":false}}},"http_req_blocked":{"type":"trend","contains":"time","values":{"avg":0.023674064388762333,"min":0.003232,"med":0.009875,"max":29.953826,"p(90)":0.016755400000000007,"p(95)":0.02731944999999999,"p(99)":0.35600778000000005}},"http_req_sending":{"contains":"time","values":{"p(90)":0.05973730000000001,"p(95)":0.07853574999999999,"p(99)":0.1483715900000002,"avg":0.04888303477600589,"min":0.007769,"med":0.037261,"max":26.808332},"type":"trend"},"submit_assignment_duration":{"type":"trend","contains":"time","values":{"avg":9194.117274348946,"min":29.988748,"med":10107.355433,"max":12637.873579,"p(90)":10597.7221358,"p(95)":10728.0091725,"p(99)":11019.35864418}},"data_sent":{"type":"counter","contains":"data","values":{"rate":12817.88659342001,"count":5013358}}},"root_group":{"groups":[],"checks":[{"id":"e710e6c64d866e8aa495eeee12857a96","passes":4445,"fails":0,"name":"[assignment-detail] status 200","path":"::[assignment-detail] status 200"},{"passes":4445,"fails":0,"name":"[assignment-detail] success","path":"::[assignment-detail] success","id":"2eca0bd45992b6c1691069c6af81d1ee"},{"id":"c6b8e5b4b95e1cad4532c36b70154d08","passes":6623,"fails":0,"name":"[submit-assignment] status 201 or 400","path":"::[submit-assignment] status 201 or 400"},{"path":"::[gradebook] status 200","id":"9186de991ebaa0ed414ff11baa5503d0","passes":4317,"fails":0,"name":"[gradebook] status 200"},{"name":"[gradebook] success","path":"::[gradebook] success","id":"a15a69867e50cddaa06c049f7cde480d","passes":4317,"fails":0},{"name":"[grade-submission] status 200","path":"::[grade-submission] status 200","id":"0b00b1c9fc4243dfcbcade089d53f4c1","passes":2102,"fails":0},{"fails":0,"name":"[grade-submission] success","path":"::[grade-submission] success","id":"dc7c3576ea1686ed510a59cbde26957e","passes":2102},{"path":"::[quiz-attempt] start 201","id":"18f54229dcbc1aba2aecf8a61f0db771","passes":4422,"fails":9,"name":"[quiz-attempt] start 201"},{"name":"[quiz-attempt] submit 200","path":"::[quiz-attempt] submit 200","id":"3aac290b0fb83ec96bbf8f19a1813a81","passes":4422,"fails":0},{"name":"[quiz-attempt] success","path":"::[quiz-attempt] success","id":"6398ec5c83f0a8abdc14be5794d5070f","passes":4422,"fails":0}],"name":"","path":"","id":"d41d8cd98f00b204e9800998ecf8427e"},"options":{"summaryTrendStats":["avg","min","med","max","p(90)","p(95)","p(99)"],"summaryTimeUnit":"","noColor":false}}