{"options":{"summaryTrendStats":["avg","min","med","max","p(90)","p(95)","p(99)"],"summaryTimeUnit":"","noColor":false},"state":{"isStdOutTTY":false,"isStdErrTTY":false,"testRunDurationMs":410697.865767},"metrics":{"assignment_detail_duration":{"type":"trend","contains":"time","values":{"avg":26669.57889330426,"min":62.858408,"med":29182.317891,"max":30055.026226,"p(90)":30000.7705638,"p(95)":30000.95466,"p(99)":30009.80663648}},"gradebook_duration":{"type":"trend","contains":"time","values":{"avg":26552.073320633248,"min":50.396317,"med":29160.233329000002,"max":30074.561973,"p(90)":30000.747811700003,"p(95)":30000.95131615,"p(99)":30007.748642140003}},"data_sent":{"type":"counter","contains":"data","values":{"count":4897503,"rate":11924.831873313133}},"vus":{"type":"gauge","contains":"default","values":{"value":6,"min":0,"max":2000}},"http_req_sending":{"type":"trend","contains":"time","values":{"med":0.071821,"max":23.13244,"p(90)":0.1112558,"p(95)":0.13069089999999994,"p(99)":0.22487559999999968,"avg":0.08381088853704846,"min":0.010323}},"http_req_failed":{"type":"rate","contains":"default","values":{"rate":0.3350594195879745,"passes":8994,"fails":17849},"thresholds":{"rate<0.10":{"ok":false}}},"iterations":{"type":"counter","contains":"default","values":{"count":23829,"rate":58.02075439446972}},"data_received":{"type":"counter","contains":"data","values":{"count":70318069,"rate":171216.05652534202}},"iteration_duration":{"type":"trend","contains":"time","values":{"avg":30015.709766693082,"min":357.786413,"med":30476.956016,"max":60216.712482,"p(90)":36127.62033900007,"p(95)":52370.422317,"p(99)":53808.542613319994}},"http_req_connecting":{"type":"trend","contains":"time","values":{"med":0.205923,"max":62.455345,"p(90)":0.29012219999999994,"p(95)":0.39273149999999984,"p(99)":1.0746955599999746,"avg":0.24601341578810063,"min":0}},"http_req_tls_handshaking":{"type":"trend","contains":"time","values":{"med":0,"max":0,"p(90)":0,"p(95)":0,"p(99)":0,"avg":0,"min":0}},"http_reqs":{"type":"counter","contains":"default","values":{"count":26843,"rate":65.35948257210754}},"submit_assignment_duration":{"type":"trend","contains":"time","values":{"avg":26692.86251764316,"min":0.267388,"med":29469.851611,"max":30072.38931,"p(90)":30000.78298,"p(95)":30000.987199,"p(99)":30010.3055012}},"submit_quiz_duration":{"type":"trend","contains":"time","values":{"max":30000.506138,"p(90)":24200.5770574,"p(95)":24522.771965999997,"p(99)":25018.30352328,"avg":20711.74017723982,"min":0.155818,"med":22711.184731}},"vus_max":{"type":"gauge","contains":"default","values":{"value":2000,"min":1122,"max":2000}},"http_req_duration":{"thresholds":{"p(95)<3000":{"ok":false}},"type":"trend","contains":"time","values":{"p(99)":30008.65058646,"avg":26017.07826611223,"min":0.155818,"med":29147.819527,"max":30074.561973,"p(90)":30000.7365462,"p(95)":30000.9414368}},"checks":{"type":"rate","contains":"default","values":{"fails":13365,"rate":0.6786255320172169,"passes":28222}},"http_req_blocked":{"values":{"p(90)":0.4123484,"p(95)":0.5290702999999989,"p(99)":1.2590421999999977,"avg":0.3325620099839812,"min":0.00364,"med":0.29189,"max":62.589491},"type":"trend","contains":"time"},"http_req_waiting":{"contains":"time","values":{"avg":26016.855558458563,"min":0.13589,"med":29147.590679,"max":30074.498184,"p(90)":30000.6506454,"p(95)":30000.8624756,"p(99)":30008.57499086},"type":"trend"},"grade_submission_duration":{"type":"trend","contains":"time","values":{"max":30054.256212,"p(90)":30000.776263,"p(95)":30000.96896555,"p(99)":30010.8942796,"avg":26714.12764654061,"min":0.755301,"med":29567.0423885}},"http_req_duration{expected_response:true}":{"type":"trend","contains":"time","values":{"avg":24046.538382395545,"min":50.396317,"med":28507.115915,"max":30008.006101,"p(90)":29572.4805986,"p(95)":29769.8614934,"p(99)":29956.08922536}},"http_req_receiving":{"type":"trend","contains":"time","values":{"p(99)":0.7753474399999972,"avg":0.13889676515292626,"min":0,"med":0.122518,"max":38.683773,"p(90)":0.22272419999999996,"p(95)":0.30886729999999935}},"errors":{"type":"rate","contains":"default","values":{"rate":1,"passes":7218,"fails":0},"thresholds":{"rate<0.10":{"ok":false}}}},"root_group":{"id":"d41d8cd98f00b204e9800998ecf8427e","groups":[],"checks":[{"name":"[assignment-detail] status 200","path":"::[assignment-detail] status 200","id":"e710e6c64d866e8aa495eeee12857a96","passes":3024,"fails":1693},{"name":"[assignment-detail] success","path":"::[assignment-detail] success","id":"2eca0bd45992b6c1691069c6af81d1ee","passes":3025,"fails":1692},{"name":"[gradebook] status 200","path":"::[gradebook] status 200","id":"9186de991ebaa0ed414ff11baa5503d0","passes":3127,"fails":1703},{"fails":1703,"name":"[gradebook] success","path":"::[gradebook] success","id":"a15a69867e50cddaa06c049f7cde480d","passes":3127},{"passes":4469,"fails":2852,"name":"[submit-assignment] status 201 or 400","path":"::[submit-assignment] status 201 or 400","id":"c6b8e5b4b95e1cad4532c36b70154d08"},{"id":"0b00b1c9fc4243dfcbcade089d53f4c1","passes":1382,"fails":958,"name":"[grade-submission] status 200","path":"::[grade-submission] status 200"},{"id":"dc7c3576ea1686ed510a59cbde26957e","passes":1382,"fails":958,"name":"[grade-submission] success","path":"::[grade-submission] success"},{"name":"[quiz-attempt] start 201","path":"::[quiz-attempt] start 201","id":"18f54229dcbc1aba2aecf8a61f0db771","passes":2996,"fails":1782},{"path":"::[quiz-attempt] submit 200","id":"3aac290b0fb83ec96bbf8f19a1813a81","passes":2845,"fails":12,"name":"[quiz-attempt] submit 200"},{"passes":2845,"fails":12,"name":"[quiz-attempt] success","path":"::[quiz-attempt] success","id":"6398ec5c83f0a8abdc14be5794d5070f"}],"name":"","path":""}}