{"metrics":{"grade_update_duration":{"type":"trend","contains":"time","values":{"p(99)":15391.12664232,"avg":12571.251362109831,"min":30.518402,"med":13765.747308,"max":15867.746212,"p(90)":14847.291824799999,"p(95)":15055.1722474}},"course_structure_duration":{"type":"trend","contains":"time","values":{"p(90)":15219.873789500001,"p(95)":15491.043302799999,"p(99)":15865.190620180001,"avg":12927.849596530028,"min":48.145453,"med":14084.074666,"max":16388.918257}},"http_req_failed{ef:1}":{"type":"rate","contains":"default","values":{"passes":2117,"fails":0,"rate":1},"thresholds":{"rate<1.01":{"ok":true}}},"http_req_duration{expected_response:true}":{"type":"trend","contains":"time","values":{"avg":13221.142943556028,"min":22.652988,"med":14051.268301,"max":23752.418912,"p(90)":15601.5015585,"p(95)":18584.491951300002,"p(99)":21186.949874909995}},"http_req_waiting":{"type":"trend","contains":"time","values":{"avg":13171.343028724057,"min":18.380252,"med":14021.672614,"max":23737.307575,"p(90)":15471.344141000001,"p(95)":18118.580412799987,"p(99)":20990.60487988}},"errors":{"type":"rate","contains":"default","values":{"passes":988,"fails":0,"rate":1}},"iteration_duration":{"type":"trend","contains":"time","values":{"p(99)":45136.95219124,"avg":17022.971569420486,"min":334.493142,"med":15218.398018,"max":47527.605954,"p(90)":29032.299966000002,"p(95)":31559.457506699997}},"user_grades_duration":{"type":"trend","contains":"time","values":{"med":13971.275840499999,"max":16712.604771,"p(90)":15145.6656874,"p(95)":15456.694828349999,"p(99)":15883.747806749998,"avg":12854.994692274438,"min":22.652988}},"http_req_failed":{"type":"rate","contains":"default","values":{"rate":0.1226448631354426,"passes":3105,"fails":22212},"thresholds":{"rate<0.15":{"ok":true}}},"vus_max":{"type":"gauge","contains":"default","values":{"value":1000,"min":1000,"max":1000}},"gradebook_duration":{"type":"trend","contains":"time","values":{"max":23752.418912,"p(90)":21319.1813178,"p(95)":21869.1216561,"p(99)":22800.165640859996,"avg":17957.36457237883,"min":289.303736,"med":18827.325193}},"cascade_read_duration":{"type":"trend","contains":"time","values":{"p(99)":15866.42450023,"avg":12629.996642514117,"min":58.121349,"med":13834.2486905,"max":16372.82736,"p(90)":15205.1042841,"p(95)":15427.455369000001}},"checks":{"values":{"rate":0.9609748390409606,"passes":24329,"fails":988},"type":"rate","contains":"default"},"http_req_sending":{"type":"trend","contains":"time","values":{"avg":0.04262957866255866,"min":0.004847,"med":0.027913,"max":183.83795,"p(90)":0.04372100000000002,"p(95)":0.06774579999999997,"p(99)":0.15086080000000004}},"vus":{"type":"gauge","contains":"default","values":{"value":25,"min":12,"max":1000}},"marker_grade_duration":{"type":"trend","contains":"time","values":{"max":16044.085922,"p(90)":15140.707021,"p(95)":15366.978407199998,"p(99)":15654.30489844,"avg":12725.106907776379,"min":68.579441,"med":13931.337013}},"http_req_duration":{"type":"trend","contains":"time","values":{"p(99)":21048.06751956,"avg":13175.955763776834,"min":18.529209,"med":14022.169585,"max":23752.418912,"p(90)":15474.5085364,"p(95)":18164.127139199994}},"http_req_connecting":{"values":{"p(90)":0,"p(95)":0,"p(99)":2.9953305600000055,"avg":0.6143652986135799,"min":0,"med":0,"max":1060.726251},"type":"trend","contains":"time"},"http_req_blocked":{"type":"trend","contains":"time","values":{"avg":0.6260745657463376,"min":0.001472,"med":0.006781,"max":1060.816287,"p(90)":0.009674,"p(95)":0.02325999999999994,"p(99)":3.088348000000001}},"submit_quiz_duration":{"type":"trend","contains":"time","values":{"med":14155.859134,"max":16886.025366,"p(90)":15418.5794124,"p(95)":15692.039958099998,"p(99)":16145.7741361,"avg":13004.90011564707,"min":67.768723}},"grade_submission_duration":{"type":"trend","contains":"time","values":{"min":41.887315,"med":13960.908464,"max":16219.908064,"p(90)":15120.2925414,"p(95)":15359.8681242,"p(99)":15769.951369000002,"avg":12751.972095021216}},"material_download_duration":{"type":"trend","contains":"time","values":{"min":36.35837,"med":13819.315587000001,"max":16020.670571,"p(90)":14940.580329299999,"p(95)":15162.93741245,"p(99)":15576.984089590002,"avg":12581.402149084735}},"http_req_receiving":{"type":"trend","contains":"time","values":{"max":1528.873234,"p(90)":4.563186600000002,"p(95)":25.744966199999975,"p(99)":86.15484448000002,"avg":4.570105474147806,"min":0.015024,"med":0.102888}},"read_activity_duration":{"type":"trend","contains":"time","values":{"max":16129.717643,"p(90)":15011.915911,"p(95)":15212.960009999999,"p(99)":15677.180547,"avg":12712.751514385485,"min":86.373087,"med":13878.000403}},"iterations":{"type":"counter","contains":"default","values":{"count":20694,"rate":52.58763970269574}},"data_sent":{"type":"counter","contains":"data","values":{"count":5615870,"rate":14271.061572300085}},"http_req_tls_handshaking":{"type":"trend","contains":"time","values":{"min":0,"med":0,"max":0,"p(90)":0,"p(95)":0,"p(99)":0,"avg":0}},"data_received":{"type":"counter","contains":"data","values":{"count":1569195777,"rate":3987643.8650752725}},"http_reqs":{"type":"counter","contains":"default","values":{"count":25317,"rate":64.33561778066822}},"submit_assignment_duration":{"contains":"time","values":{"p(90)":15007.154031799999,"p(95)":15259.5570041,"p(99)":15645.39987981,"avg":12734.656953702168,"min":34.995439,"med":13870.0970865,"max":16215.870977},"type":"trend"}},"root_group":{"name":"","path":"","id":"d41d8cd98f00b204e9800998ecf8427e","groups":[],"checks":[{"name":"[wh-cf-non-enrolled] status 403","path":"::[wh-cf-non-enrolled] status 403","id":"6a9d912d2aeb5ec6cb64307cca9056b8","passes":793,"fails":0},{"fails":595,"name":"[wh-quiz] start 201","path":"::[wh-quiz] start 201","id":"bc382dfba4db61bcda740eb7d13cbecd","passes":2499},{"name":"[wh-structure] status 200","path":"::[wh-structure] status 200","id":"9f2134ec9c516bc3787570bcbc5bc9e6","passes":2032,"fails":0},{"fails":0,"name":"[wh-material-dl] status 200","path":"::[wh-material-dl] status 200","id":"182e87b5d3b46cf8a10f81893f31e347","passes":1062},{"passes":2499,"fails":0,"name":"[wh-quiz] submit 200","path":"::[wh-quiz] submit 200","id":"4963f6adfea6303590e8a8e9c12d47a1"},{"name":"[wh-grade-update] status 200","path":"::[wh-grade-update] status 200","id":"e1c3184baa8417c6f8c9c7cd82501965","passes":1025,"fails":0},{"path":"::[wh-gradebook] status 200","id":"04f91da34414db0af1a48a98d41fa661","passes":2043,"fails":0,"name":"[wh-gradebook] status 200"},{"name":"[wh-cascade-pre] status 200","path":"::[wh-cascade-pre] status 200","id":"6cf217efe14ab595b837401653c393f9","passes":1062,"fails":0},{"name":"[wh-cascade-write] status 200","path":"::[wh-cascade-write] status 200","id":"9791881937dbec10111f5684ec5d2a68","passes":1062,"fails":0},{"name":"[wh-cascade-post] status 200","path":"::[wh-cascade-post] status 200","id":"2eaa088a823153fd8e84cbe4e79e632d","passes":1062,"fails":0},{"passes":1082,"fails":0,"name":"[wh-grade-unauth] status 403","path":"::[wh-grade-unauth] status 403","id":"b9f37e7e4ff322953440a920c2825184"},{"path":"::[wh-marker-grade] status 200","id":"549ffdbc72b97a1cd0f05b844dbb0567","passes":957,"fails":0,"name":"[wh-marker-grade] status 200"},{"name":"[wh-submit] status 201","path":"::[wh-submit] status 201","id":"49f223985d533388331178bd3e8d6a64","passes":3817,"fails":393},{"name":"[wh-grade] status 200","path":"::[wh-grade] status 200","id":"747a63480c5228e4182e0b619fd4205c","passes":1037,"fails":0},{"passes":1064,"fails":0,"name":"[wh-user-grades] status 200","path":"::[wh-user-grades] status 200","id":"827cabf91007e26e21b96eb0eaac2825"},{"fails":0,"name":"[wh-cf-locked-grade] status 403","path":"::[wh-cf-locked-grade] status 403","id":"a0d2cffa4f26fbeb7022bec9298a706e","passes":242},{"id":"aed3f8824d0bcca89ac7d3b2bf25119a","passes":991,"fails":0,"name":"[wh-activity] status 200","path":"::[wh-activity] status 200"}]},"options":{"summaryTrendStats":["avg","min","med","max","p(90)","p(95)","p(99)"],