{"state":{"isStdOutTTY":false,"isStdErrTTY":false,"testRunDurationMs":390352.646313},"metrics":{"vus":{"type":"gauge","contains":"default","values":{"value":2,"min":2,"max":100}},"data_received":{"type":"counter","contains":"data","values":{"count":1435217586,"rate":3676720.523239867}},"gradebook_duration":{"type":"trend","contains":"time","values":{"p(95)":7975.551652,"p(99)":9212.46825232,"avg":4825.186383226522,"min":188.268054,"med":4903.767056,"max":17781.674098,"p(90)":7289.7563366}},"checks":{"values":{"passes":21858,"fails":762,"rate":0.9663129973474801},"type":"rate","contains":"default"},"submit_quiz_duration":{"type":"trend","contains":"time","values":{"med":766.065949,"max":2507.913974,"p(90)":1189.4780688,"p(95)":1313.6108051000003,"p(99)":1543.9562014200003,"avg":739.644072413372,"min":44.998494}},"errors":{"type":"rate","contains":"default","values":{"rate":1,"passes":762,"fails":0}},"grade_submission_duration":{"type":"trend","contains":"time","values":{"med":410.557754,"max":1684.809333,"p(90)":758.2388888000004,"p(95)":842.6047066999998,"p(99)":1028.37398988,"avg":430.89738383531886,"min":29.583407}},"read_activity_duration":{"contains":"time","values":{"min":21.9931,"med":322.832917,"max":2811.178674,"p(90)":738.2478684000002,"p(95)":879.5768328499998,"p(99)":1216.0143903899998,"avg":381.44749219684275},"type":"trend"},"marker_grade_duration":{"contains":"time","values":{"p(95)":881.2745853999998,"p(99)":1046.8764466400003,"avg":454.76282377644526,"min":30.840617,"med":439.597099,"max":2254.182026,"p(90)":784.9890209999999},"type":"trend"},"data_sent":{"type":"counter","contains":"data","values":{"count":5039445,"rate":12909.980366725056}},"http_req_duration{expected_response:true}":{"values":{"p(99)":7221.6458642100015,"avg":867.7439703689979,"min":15.111292,"med":452.7920055,"max":17781.674098,"p(90)":1235.6884361000004,"p(95)":4786.968509500002},"type":"trend","contains":"time"},"cascade_read_duration":{"type":"trend","contains":"time","values":{"min":31.342592,"med":520.3064265,"max":1478.187356,"p(90)":848.9038820999999,"p(95)":953.9642713000001,"p(99)":1194.7060517199993,"avg":508.3144595704993}},"http_req_tls_handshaking":{"values":{"p(99)":0,"avg":0,"min":0,"med":0,"max":0,"p(90)":0,"p(95)":0},"type":"trend","contains":"time"},"course_structure_duration":{"type":"trend","contains":"time","values":{"avg":524.0330146844155,"min":32.547661,"med":520.25443,"max":2367.203205,"p(90)":873.5060336,"p(95)":995.5241185999997,"p(99)":1215.7591201200005}},"user_grades_duration":{"values":{"med":266.2563695,"max":2511.286843,"p(90)":883.2370630999999,"p(95)":1118.4923912999998,"p(99)":1464.3728584300002,"avg":380.8246120021007,"min":15.111292},"type":"trend","contains":"time"},"vus_max":{"type":"gauge","contains":"default","values":{"value":100,"min":100,"max":100}},"http_req_failed{ef:1}":{"type":"rate","contains":"default","values":{"rate":1,"passes":1866,"fails":0},"thresholds":{"rate<1.01":{"ok":true}}},"iteration_duration":{"type":"trend","contains":"time","values":{"p(90)":3068.738838199997,"p(95)":5875.1470204,"p(99)":8250.438315639989,"avg":1872.928522262535,"min":342.475628,"med":1456.498929,"max":18787.341728}},"http_req_receiving":{"contains":"time","values":{"p(99)":87.74228816000007,"avg":5.364591670910739,"min":0.014162,"med":0.1010095,"max":11592.626636,"p(90)":5.420208200000088,"p(95)":23.668870299999995},"type":"trend"},"iterations":{"type":"counter","contains":"default","values":{"count":18473,"rate":47.323875409794525}},"material_download_duration":{"type":"trend","contains":"time","values":{"med":324.939133,"max":1058.029343,"p(90)":615.0519902000001,"p(95)":690.5369432,"p(99)":874.7507990000003,"avg":340.9480284418607,"min":19.022308}},"http_req_sending":{"type":"trend","contains":"time","values":{"p(90)":0.040652,"p(95)":0.04602,"p(99)":0.12348390000000038,"avg":0.030574387577364966,"min":0.004808,"med":0.028233,"max":2.502838}},"http_req_failed":{"type":"rate","contains":"default","values":{"rate":0.11618037135278515,"passes":2628,"fails":19992},"thresholds":{"rate<0.15":{"ok":true}}},"http_req_connecting":{"contains":"time","values":{"avg":0.025537584526967295,"min":0,"med":0,"max":64.053501,"p(90)":0,"p(95)":0,"p(99)":0},"type":"trend"},"http_reqs":{"type":"counter","contains":"default","values":{"count":22620,"rate":57.947602542605544}},"submit_assignment_duration":{"type":"trend","contains":"time","values":{"med":372.28555900000003,"max":2568.602995,"p(90)":674.229992,"p(95)":773.165077,"p(99)":959.1562635499995,"avg":385.7337223777958,"min":23.95369}},"http_req_waiting":{"type":"trend","contains":"time","values":{"avg":785.21560471269,"min":12.901421,"med":408.33354099999997,"max":10790.259478,"p(90)":1110.3670159000023,"p(95)":4472.954897149995,"p(99)":7006.912003160032}},"grade_update_duration":{"contains":"time","values":{"min":14.483775,"med":193.726719,"max":1939.569604,"p(90)":454.88474590000004,"p(95)":539.2133549499998,"p(99)":703.7000179699995,"avg":229.76044475214104},"type":"trend"},"http_req_blocked":{"type":"trend","contains":"time","values":{"avg":0.032989240804597204,"min":0.001262,"med":0.006479,"max":64.154624,"p(90)":0.008522,"p(95)":0.009555,"p(99)":0.03430591000000067}},"http_req_duration":{"type":"trend","contains":"time","values":{"avg":790.6107707711786,"min":13.038339,"med":409.0488265,"max":17781.674098,"p(90)":1115.2017715000002,"p(95)":4527.900866749999,"p(99)":7084.95010979}}},"root_group":{"id":"d41d8cd98f00b204e9800998ecf8427e","groups":[],"checks":[{"name":"[wh-quiz] start 201","path":"::[wh-quiz] start 201","id":"bc382dfba4db61bcda740eb7d13cbecd","passes":2303,"fails":476},{"path":"::[wh-quiz] submit 200","id":"4963f6adfea6303590e8a8e9c12d47a1","passes":2303,"fails":0,"name":"[wh-quiz] submit 200"},{"name":"[wh-submit] status 201","path":"::[wh-submit] status 201","id":"49f223985d533388331178bd3e8d6a64","passes":3380,"fails":286},{"passes":1885,"fails":0,"name":"[wh-gradebook] status 200","path":"::[wh-gradebook] status 200","id":"04f91da34414db0af1a48a98d41fa661"},{"passes":1803,"fails":0,"name":"[wh-structure] status 200","path":"::[wh-structure] status 200","id":"9f2134ec9c516bc3787570bcbc5bc9e6"},{"name":"[wh-cf-locked-grade] status 403","path":"::[wh-cf-locked-grade] status 403","id":"a0d2cffa4f26fbeb7022bec9298a706e","passes":243,"fails":0},{"path":"::[wh-material-dl] status 200","id":"182e87b5d3b46cf8a10f81893f31e347","passes":903,"fails":0,"name":"[wh-material-dl] status 200"},{"name":"[wh-cf-non-enrolled] status 403","path":"::[wh-cf-non-enrolled] status 403","id":"6a9d912d2aeb5ec6cb64307cca9056b8","passes":671,"fails":0},{"id":"e1c3184baa8417c6f8c9c7cd82501965","passes":907,"fails":0,"name":"[wh-grade-update] status 200","path":"::[wh-grade-update] status 200"},{"fails":0,"name":"[wh-grade-unauth] status 403","path":"::[wh-grade-unauth] status 403","id":"b9f37e7e4ff322953440a920c2825184","passes":952},{"name":"[wh-cascade-pre] status 200","path":"::[wh-cascade-pre] status 200","id":"6cf217efe14ab595b837401653c393f9","passes":922,"fails":0},{"name":"[wh-cascade-write] status 200","path":"::[wh-cascade-write] status 200","id":"9791881937dbec10111f5684ec5d2a68","passes":922,"fails":0},{"passes":922,"fails":0,"name":"[wh-cascade-post] status 200","path":"::[wh-cascade-post] status 200","id":"2eaa088a823153fd8e84cbe4e79e632d"},{"id":"aed3f8824d0bcca89ac7d3b2bf25119a","passes":950,"fails":0,"name":"[wh-activity] status 200","path":"::[wh-activity] status 200"},{"name":"[wh-marker-grade] status 200","path":"::[wh-marker-grade] status 200","id":"549ffdbc72b97a1cd0f05b844dbb0567","passes":917,"fails":0},{"name":"[wh-grade] status 200","path":"::[wh-grade] status 200","id":"747a63480c5228e4182e0b619fd4205c","passes":923,"fails":0},{"name":"[wh-user-grades] status 200","path":"::[wh-user-grades] status 200","id":"827cabf91007e26e21b96eb0eaac2825","passes":952,"fails":0}],"name":"","path":""},"options":{"summaryTrendStats":["avg","min","med","max","p(90)","p(95)","p(99)"],