{"options":{"summaryTrendStats":["avg","min","med","max","p(90)","p(95)","p(99)"],"summaryTimeUnit":"","noColor":false},"state":{"isStdOutTTY":false,"isStdErrTTY":false,"testRunDurationMs":402510.3905},"metrics":{"iterations":{"type":"counter","contains":"default","values":{"rate":54.58244189102492,"count":21970}},"vus_max":{"type":"gauge","contains":"default","values":{"max":1500,"value":1500,"min":1500}},"submit_quiz_duration":{"type":"trend","contains":"time","values":{"p(99)":24767.694415399994,"avg":19245.37418846862,"min":58.398118,"med":20531.991347,"max":25628.683943,"p(90)":22126.0432774,"p(95)":23452.2344712}},"data_received":{"type":"counter","contains":"data","values":{"count":1679663441,"rate":4172969.1472399393}},"submit_assignment_duration":{"type":"trend","contains":"time","values":{"max":24989.64675,"p(90)":21705.5547935,"p(95)":23104.50005135,"p(99)":24283.290804840002,"avg":18822.933933429693,"min":30.921507,"med":20141.554852499998}},"data_sent":{"type":"counter","contains":"data","values":{"count":5939597,"rate":14756.381798297949}},"http_req_tls_handshaking":{"contains":"time","values":{"p(99)":0,"avg":0,"min":0,"med":0,"max":0,"p(90)":0,"p(95)":0},"type":"trend"},"http_req_waiting":{"type":"trend","contains":"time","values":{"p(99)":27203.314342600002,"avg":19308.241205498955,"min":12.292524,"med":20288.197173,"max":30001.236981,"p(90)":23367.329651,"p(95)":24640.234989}},"http_req_receiving":{"type":"trend","contains":"time","values":{"max":733.880513,"p(90)":3.090956,"p(95)":21.9126155,"p(99)":74.76912060000008,"avg":3.9289431724589594,"min":0,"med":0.101995}},"errors":{"type":"rate","contains":"default","values":{"rate":1,"passes":1145,"fails":0}},"gradebook_duration":{"contains":"time","values":{"min":262.390489,"med":24852.572408,"max":30001.263672,"p(90)":27451.371979,"p(95)":28386.4238665,"p(99)":30000.359725000002,"avg":23550.953759333643},"type":"trend"},"marker_grade_duration":{"type":"trend","contains":"time","values":{"p(99)":24577.37893737,"avg":18921.374722263998,"min":40.634877,"med":20264.646973,"max":25087.608008,"p(90)":21699.5502573,"p(95)":23002.384386499998}},"grade_update_duration":{"type":"trend","contains":"time","values":{"med":20061.264668,"max":24794.124231,"p(90)":21472.6782866,"p(95)":22701.210937199998,"p(99)":24069.806739199998,"avg":18699.666823372485,"min":12.390334}},"http_req_connecting":{"type":"trend","contains":"time","values":{"avg":0.6977863295050685,"min":0,"med":0,"max":1038.187117,"p(90)":0,"p(95)":0.8988815,"p(99)":8.78385140000001}},"http_req_sending":{"values":{"avg":0.0347233372114773,"min":0.005018,"med":0.028163,"max":19.477006,"p(90)":0.045541,"p(95)":0.07877,"p(99)":0.1479440000000002},"type":"trend","contains":"time"},"http_req_duration":{"type":"trend","contains":"time","values":{"p(95)":24654.905307499997,"p(99)":27248.31670030001,"avg":19312.204872008493,"min":12.390334,"med":20288.871086,"max":30001.263672,"p(90)":23376.507032}},"checks":{"type":"rate","contains":"default","values":{"rate":0.9571658374172309,"passes":25586,"fails":1145}},"http_req_failed":{"type":"rate","contains":"default","values":{"rate":0.12498597134413228,"passes":3341,"fails":23390},"thresholds":{"rate<0.15":{"ok":true}}},"read_activity_duration":{"type":"trend","contains":"time","values":{"avg":18921.400001219492,"min":74.076929,"med":20183.4823615,"max":25123.516206,"p(90)":21614.968893800004,"p(95)":23008.976185800002,"p(99)":24291.72834188}},"cascade_read_duration":{"type":"trend","contains":"time","values":{"p(99)":24469.735019420004,"avg":18816.314298556303,"min":42.078248,"med":20304.896103,"max":25009.125371,"p(90)":21679.4884285,"p(95)":22772.23926915}},"http_req_blocked":{"type":"trend","contains":"time","values":{"p(99)":8.874477100000002,"avg":0.7094668535408305,"min":0.001162,"med":0.00676,"max":1038.290315,"p(90)":0.010716,"p(95)":0.9715175}},"vus":{"type":"gauge","contains":"default","values":{"value":5,"min":5,"max":1500}},"material_download_duration":{"contains":"time","values":{"max":24588.903271,"p(90)":21349.5586216,"p(95)":22093.303101149995,"p(99)":24136.69063827,"avg":18643.962710396536,"min":32.909229,"med":20062.3801845},"type":"trend"},"http_req_duration{expected_response:true}":{"type":"trend","contains":"time","values":{"avg":19338.973398255253,"min":18.633139,"med":20328.5218795,"max":29996.929763,"p(90)":23628.421377600003,"p(95)":24839.165742399997,"p(99)":27254.696633860003}},"course_structure_duration":{"contains":"time","values":{"avg":19057.665322631008,"min":40.386628,"med":20311.258888,"max":25232.363072,"p(90)":21962.6813639,"p(95)":23301.8757621,"p(99)":24639.39899121},"type":"trend"},"grade_submission_duration":{"type":"trend","contains":"time","values":{"p(95)":23295.016687699997,"p(99)":24238.31056812,"avg":18966.888716433277,"min":38.246723,"med":20244.248519,"max":24906.539309,"p(90)":21869.0344385}},"iteration_duration":{"type":"trend","contains":"time","values":{"min":362.755506,"med":21420.049302,"max":68160.231917,"p(90)":41673.6067582,"p(95)":45699.09514205,"p(99)":62856.04254882002,"avg":24322.52950085008}},"user_grades_duration":{"type":"trend","contains":"time","values":{"avg":18965.635549459035,"min":18.633139,"med":20135.856169500003,"max":25225.999158,"p(90)":21866.8104681,"p(95)":23454.661231,"p(99)":24569.120499509998}},"http_req_failed{ef:1}":{"thresholds":{"rate<1.01":{"ok":true}},"type":"rate","contains":"default","values":{"passes":2196,"fails":0,"rate":1}},"http_reqs":{"type":"counter","contains":"default","values":{"count":26731,"rate":66.41070797400943}}},"root_group":{"name":"","path":"","id":"d41d8cd98f00b204e9800998ecf8427e","groups":[],"checks":[{"fails":713,"name":"[wh-quiz] start 201","path":"::[wh-quiz] start 201","id":"bc382dfba4db61bcda740eb7d13cbecd","passes":2645},{"fails":0,"name":"[wh-marker-grade] status 200","path":"::[wh-marker-grade] status 200","id":"549ffdbc72b97a1cd0f05b844dbb0567","passes":1144},{"name":"[wh-quiz] submit 200","path":"::[wh-quiz] submit 200","id":"4963f6adfea6303590e8a8e9c12d47a1","passes":2633,"fails":0},{"name":"[wh-cf-locked-grade] status 403","path":"::[wh-cf-locked-grade] status 403","id":"a0d2cffa4f26fbeb7022bec9298a706e","passes":289,"fails":0},{"name":"[wh-gradebook] status 200","path":"::[wh-gradebook] status 200","id":"04f91da34414db0af1a48a98d41fa661","passes":2219,"fails":32},{"name":"[wh-grade-update] status 200","path":"::[wh-grade-update] status 200","id":"e1c3184baa8417c6f8c9c7cd82501965","passes":1119,"fails":0},{"path":"::[wh-cf-non-enrolled] status 403","id":"6a9d912d2aeb5ec6cb64307cca9056b8","passes":818,"fails":0,"name":"[wh-cf-non-enrolled] status 403"},{"name":"[wh-material-dl] status 200","path":"::[wh-material-dl] status 200","id":"182e87b5d3b46cf8a10f81893f31e347","passes":1044,"fails":0},{"id":"747a63480c5228e4182e0b619fd4205c","passes":1094,"fails":0,"name":"[wh-grade] status 200","path":"::[wh-grade] status 200"},{"fails":0,"name":"[wh-user-grades] status 200","path":"::[wh-user-grades] status 200","id":"827cabf91007e26e21b96eb0eaac2825","passes":1074},{"fails":0,"name":"[wh-structure] status 200","path":"::[wh-structure] status 200","id":"9f2134ec9c516bc3787570bcbc5bc9e6","passes":2168},{"name":"[wh-submit] status 201","path":"::[wh-submit] status 201","id":"49f223985d533388331178bd3e8d6a64","passes":3950,"fails":400},{"name":"[wh-activity] status 200","path":"::[wh-activity] status 200","id":"aed3f8824d0bcca89ac7d3b2bf25119a","passes":1162,"fails":0},{"name":"[wh-cascade-pre] status 200","path":"::[wh-cascade-pre] status 200","id":"6cf217efe14ab595b837401653c393f9","passes":1057,"fails":0},{"name":"[wh-cascade-write] status 200","path":"::[wh-cascade-write] status 200","id":"9791881937dbec10111f5684ec5d2a68","passes":1051,"fails":0},{"name":"[wh-cascade-post] status 200","path":"::[wh-cascade-post] status 200","id":"2eaa088a823153fd8e84cbe4e79e632d","passes":1030,"fails":0},{"fails":0,"name":"[wh-grade-unauth] status 403","path":"::[wh-grade-unauth] status 403",