{"metrics":{"iteration_duration":{"type":"trend","contains":"time","values":{"avg":30781.36843795894,"min":2.284725,"med":30001.447728500003,"max":90506.89895,"p(90)":47681.28029890001,"p(95)":59076.2550576,"p(99)":86700.41596847}},"data_received":{"type":"counter","contains":"data","values":{"count":391822546,"rate":952575.9231766827}},"http_req_duration":{"contains":"time","values":{"avg":25868.17849274182,"min":0,"med":28743.822791500002,"max":30174.218881,"p(90)":29999.5756627,"p(95)":30000.0717825,"p(99)":30001.0854013},"type":"trend"},"http_req_failed{ef:1}":{"type":"rate","contains":"default","values":{"fails":0,"rate":1,"passes":2360},"thresholds":{"rate<1.01":{"ok":true}}},"http_req_sending":{"type":"trend","contains":"time","values":{"avg":0.08985080933579277,"min":0,"med":0.054183,"max":68.905514,"p(90)":0.10018410000000004,"p(95)":0.12381094999999998,"p(99)":0.24280529999999947}},"http_req_tls_handshaking":{"type":"trend","contains":"time","values":{"p(90)":0,"p(95)":0,"p(99)":0,"avg":0,"min":0,"med":0,"max":0}},"read_activity_duration":{"type":"trend","contains":"time","values":{"max":30035.521081,"p(90)":29999.1672496,"p(95)":29999.6864099,"p(99)":30000.22705216,"avg":25794.237408057343,"min":0.691024,"med":28584.520151}},"http_req_blocked":{"values":{"avg":8.970160883136485,"min":0.001041,"med":1.1542705,"max":2006.052798,"p(90)":12.771683100000017,"p(95)":28.117902399999988,"p(99)":116.72241031999982},"type":"trend","contains":"time"},"user_grades_duration":{"contains":"time","values":{"avg":25962.623851188233,"min":0.772949,"med":28679.4978,"max":30007.090833,"p(90)":29999.32448,"p(95)":29999.672916,"p(99)":30000.162392719998},"type":"trend"},"http_req_duration{expected_response:true}":{"type":"trend","contains":"time","values":{"avg":24592.194647324097,"min":19.794195,"med":28375.725018,"max":30015.922446,"p(90)":29580.6885577,"p(95)":29789.6063137,"p(99)":29949.12458065}},"vus":{"values":{"value":2,"min":2,"max":2000},"type":"gauge","contains":"default"},"course_structure_duration":{"type":"trend","contains":"time","values":{"max":30119.474319,"p(90)":29999.310643,"p(95)":29999.7373031,"p(99)":30000.16813,"avg":26125.78262831382,"min":0.745217,"med":28809.596881}},"http_reqs":{"type":"counter","contains":"default","values":{"count":27100,"rate":65.88392572511154}},"data_sent":{"contains":"data","values":{"count":5886579,"rate":14311.104561291564},"type":"counter"},"grade_submission_duration":{"type":"trend","contains":"time","values":{"avg":25645.91947346249,"min":0.873122,"med":28695.783717,"max":30042.925753,"p(90)":29999.3898264,"p(95)":29999.6992837,"p(99)":30000.191466469998}},"submit_quiz_duration":{"type":"trend","contains":"time","values":{"p(95)":30001.05168935,"p(99)":30001.30841328,"avg":24600.477910770853,"min":0.074664,"med":28857.857209,"max":30084.448184,"p(90)":30000.826021}},"http_req_connecting":{"type":"trend","contains":"time","values":{"avg":8.904167832361638,"min":0,"med":1.08172,"max":2005.937312,"p(90)":12.63799760000001,"p(95)":28.030694949999994,"p(99)":116.63240977999983}},"http_req_receiving":{"type":"trend","contains":"time","values":{"p(90)":0.7815361000000004,"p(95)":1.258778,"p(99)":24.702078439999998,"avg":1.0501766323985176,"min":0,"med":0.08433299999999999,"max":1847.045193}},"grade_update_duration":{"contains":"time","values":{"avg":25594.23636704343,"min":0.770255,"med":28469.528131,"max":30049.607911,"p(90)":29999.0061153,"p(95)":29999.561758750002,"p(99)":30000.13279008},"type":"trend"},"marker_grade_duration":{"type":"trend","contains":"time","values":{"max":30061.68934,"p(90)":29999.176952,"p(95)":29999.668083700002,"p(99)":30000.133741,"avg":26267.94639484732,"min":0.107534,"med":28736.2398115}},"vus_max":{"type":"gauge","contains":"default","values":{"value":2000,"min":2000,"max":2000}},"gradebook_duration":{"type":"trend","contains":"time","values":{"p(99)":30006.92221106,"avg":27557.817690949214,"min":0.835034,"med":29999.056311,"max":30174.218881,"p(90)":30000.068208800003,"p(95)":30000.350316}},"iterations":{"type":"counter","contains":"default","values":{"count":23212,"rate":56.43164885355311}},"errors":{"contains":"default","values":{"rate":1,"passes":7975,"fails":0},"type":"rate"},"http_req_waiting":{"type":"trend","contains":"time","values":{"avg":25867.03846530023,"min":0,"med":28742.191102,"max":30174.169226,"p(90)":29999.5108918,"p(95)":30000.004139049997,"p(99)":30001.05489453}},"material_download_duration":{"type":"trend","contains":"time","values":{"p(90)":29999.1976686,"p(95)":29999.614701399998,"p(99)":30000.15730684,"avg":26007.52278285545,"min":0.76626,"med":28560.03052,"max":30006.177749}},"checks":{"type":"rate","contains":"default","values":{"rate":0.705719557195572,"passes":19125,"fails":7975}},"http_req_failed":{"type":"rate","contains":"default","values":{"passes":9996,"fails":17104,"rate":0.3688560885608856},"thresholds":{"rate<0.15":{"ok":false}}},"submit_assignment_duration":{"type":"trend","contains":"time","values":{"avg":25793.016833314316,"min":0,"med":28633.014718,"max":30084.663027,"p(90)":29999.222407600002,"p(95)":29999.6673051,"p(99)":30000.22287053}},"cascade_read_duration":{"type":"trend","contains":"time","values":{"med":28511.311254,"max":30027.405175,"p(90)":30000.3521988,"p(95)":30000.6843601,"p(99)":30001.12732592,"avg":24587.705322143727,"min":52.301915}}},"root_group":{"name":"","path":"","id":"d41d8cd98f00b204e9800998ecf8427e","groups":[],"checks":[{"passes":1811,"fails":528,"name":"[wh-structure] status 200","path":"::[wh-structure] status 200","id":"9f2134ec9c516bc3787570bcbc5bc9e6"},{"id":"bc382dfba4db61bcda740eb7d13cbecd","passes":2267,"fails":1338,"name":"[wh-quiz] start 201","path":"::[wh-quiz] start 201"},{"name":"[wh-grade-unauth] status 403","path":"::[wh-grade-unauth] status 403","id":"b9f37e7e4ff322953440a920c2825184","passes":1043,"fails":163},{"name":"[wh-quiz] submit 200","path":"::[wh-quiz] submit 200","id":"4963f6adfea6303590e8a8e9c12d47a1","passes":1517,"fails":665},{"id":"49f223985d533388331178bd3e8d6a64","passes":3289,"fails":1311,"name":"[wh-submit] status 201","path":"::[wh-submit] status 201"},{"path":"::[wh-user-grades] status 200","id":"827cabf91007e26e21b96eb0eaac2825","passes":985,"fails":242,"name":"[wh-user-grades] status 200"},{"name":"[wh-grade-update] status 200","path":"::[wh-grade-update] status 200","id":"e1c3184baa8417c6f8c9c7cd82501965","passes":946,"fails":237},{"path":"::[wh-cf-non-enrolled] status 403","id":"6a9d912d2aeb5ec6cb64307cca9056b8","passes":718,"fails":131,"name":"[wh-cf-non-enrolled] status 403"},{"name":"[wh-grade] status 200","path":"::[wh-grade] status 200","id":"747a63480c5228e4182e0b619fd4205c","passes":861,"fails":259},{"name":"[wh-gradebook] status 200","path":"::[wh-gradebook] status 200","id":"04f91da34414db0af1a48a98d41fa661","passes":434,"fails":1869},{"name":"[wh-material-dl] status 200","path":"::[wh-material-dl] status 200","id":"182e87b5d3b46cf8a10f81893f31e347","passes":963,"fails":234},{"fails":45,"name":"[wh-cf-locked-grade] status 403","path":"::[wh-cf-locked-grade] status 403","id":"a0d2cffa4f26fbeb7022bec9298a706e","passes":260},{"fails":228,"name":"[wh-activity] status 200","path":"::[wh-activity] status 200","id":"aed3f8824d0bcca89ac7d3b2bf25119a","passes":975},{"name":"[wh-marker-grade] status 200","path":"::[wh-marker-grade] status 200","id":"549ffdbc72b97a1cd0f05b844dbb0567","passes":890,"fails":230},{"name":"[wh-cascade-pre] status 200","path":"::[wh-cascade-pre] status 200","id":"6cf217efe14ab595b837401653c393f9","passes":909,"fails":243},{"fails":166,"name":"[wh-cascade-write] status 200","path":"::[wh-cascade-write] status 200","id":"9791881937dbec10111f5684ec5d2a68","passes":696},{"name":"[wh-cascade-post] status 200","path":"::[wh-cascade-post] status 200","id":"2eaa088a823153fd8e84cbe4e79e632d","passes":561,"fails":86}]},"options":{"summaryTrendStats":["avg","min","med","max","p(90)","p(95)","p(99)"],"summaryTimeUnit":"","noColor":false},