{"metrics":{"submit_quiz_duration":{"type":"trend","contains":"time","values":{"med":22943.274202,"max":27912.127509,"p(90)":25427.5419195,"p(95)":25654.750587249997,"p(99)":25896.23231565,"avg":18543.46244189097,"min":0.377071}},"assignment_detail_duration":{"type":"trend","contains":"time","values":{"p(90)":30000.974939699998,"p(95)":30002.19266215,"p(99)":30013.92459213,"avg":27270.756473194142,"min":52.555979,"med":30000.240990500002,"max":30052.970079}},"http_req_connecting":{"type":"trend","contains":"time","values":{"avg":0.27097336638874764,"min":0,"med":0.209749,"max":66.358126,"p(90)":0.30176460000000005,"p(95)":0.46571019999999735,"p(99)":1.200180259999984}},"data_received":{"type":"counter","contains":"data","values":{"count":32837982,"rate":79977.46890637485}},"http_req_duration":{"thresholds":{"p(95)<3000":{"ok":false}},"type":"trend","contains":"time","values":{"p(90)":30000.9631012,"p(95)":30001.8206245,"p(99)":30014.09169782,"avg":26787.563594478856,"min":0.232917,"med":30000.209422,"max":30071.04719}},"http_reqs":{"type":"counter","contains":"default","values":{"count":26027,"rate":63.38920531798264}},"grade_submission_duration":{"type":"trend","contains":"time","values":{"avg":27076.409911540224,"min":62.864984,"med":30000.268023,"max":30053.037424,"p(90)":30000.9881584,"p(95)":30002.4585853,"p(99)":30018.22251562}},"vus_max":{"values":{"value":2000,"min":1302,"max":2000},"type":"gauge","contains":"default"},"http_req_waiting":{"type":"trend","contains":"time","values":{"med":30000.126216,"max":30070.966106,"p(90)":30000.8838542,"p(95)":30001.738142299997,"p(99)":30014.02619952,"avg":26787.407705078273,"min":0.052494}},"checks":{"type":"rate","contains":"default","values":{"passes":13102,"fails":26589,"rate":0.33010002267516564}},"http_req_sending":{"type":"trend","contains":"time","values":{"avg":0.09142209413301587,"min":0.009137,"med":0.075975,"max":63.220116,"p(90)":0.1148874,"p(95)":0.13343299999999994,"p(99)":0.2156183399999996}},"http_req_failed":{"thresholds":{"rate<0.10":{"ok":false}},"type":"rate","contains":"default","values":{"fails":8221,"rate":0.6841357052291851,"passes":17806}},"vus":{"values":{"value":38,"min":0,"max":2000},"type":"gauge","contains":"default"},"http_req_tls_handshaking":{"contains":"time","values":{"p(95)":0,"p(99)":0,"avg":0,"min":0,"med":0,"max":0,"p(90)":0},"type":"trend"},"http_req_receiving":{"type":"trend","contains":"time","values":{"avg":0.0644673062973066,"min":0,"med":0,"max":31.138092,"p(90)":0.17763600000000002,"p(95)":0.2275808999999997,"p(99)":0.554085019999999}},"iterations":{"type":"counter","contains":"default","values":{"count":24619,"rate":59.95999714617185}},"http_req_blocked":{"type":"trend","contains":"time","values":{"p(95)":0.5937495999999994,"p(99)":1.4004572599999996,"avg":0.3663540549429428,"min":0.00331,"med":0.298198,"max":66.503946,"p(90)":0.42768560000000005}},"iteration_duration":{"contains":"time","values":{"max":57013.22572,"p(90)":31395.2141478,"p(95)":31478.300148000002,"p(99)":53640.67177856,"avg":29050.91607081791,"min":468.432908,"med":30765.652196},"type":"trend"},"submit_assignment_duration":{"type":"trend","contains":"time","values":{"avg":27235.919899763623,"min":2.463325,"med":30000.269981,"max":30071.04719,"p(90)":30000.974387000002,"p(95)":30001.8833056,"p(99)":30014.5069564}},"data_sent":{"type":"counter","contains":"data","values":{"count":4507834,"rate":10978.907095146693}},"errors":{"type":"rate","contains":"default","values":{"rate":1,"passes":14225,"fails":0},"thresholds":{"rate<0.10":{"ok":false}}},"http_req_duration{expected_response:true}":{"type":"trend","contains":"time","values":{"p(90)":29771.115843,"p(95)":29893.660197,"p(99)":29982.1846238,"avg":19849.174010350238,"min":52.555979,"med":23287.633156,"max":30000.834629}},"gradebook_duration":{"type":"trend","contains":"time","values":{"p(95)":30001.868549,"p(99)":30013.570011,"avg":27221.1035492289,"min":0.930988,"med":30000.219453,"max":30055.582906,"p(90)":30000.985972}}},"root_group":{"name":"","path":"","id":"d41d8cd98f00b204e9800998ecf8427e","groups":[],"checks":[{"passes":1453,"fails":3469,"name":"[assignment-detail] status 200","path":"::[assignment-detail] status 200","id":"e710e6c64d866e8aa495eeee12857a96"},{"path":"::[assignment-detail] success","id":"2eca0bd45992b6c1691069c6af81d1ee","passes":1455,"fails":3467,"name":"[assignment-detail] success"},{"passes":1392,"fails":3586,"name":"[quiz-attempt] start 201","path":"::[quiz-attempt] start 201","id":"18f54229dcbc1aba2aecf8a61f0db771"},{"id":"0b00b1c9fc4243dfcbcade089d53f4c1","passes":674,"fails":1921,"name":"[grade-submission] status 200","path":"::[grade-submission] status 200"},{"name":"[grade-submission] success","path":"::[grade-submission] success","id":"dc7c3576ea1686ed510a59cbde26957e","passes":674,"fails":1921},{"passes":1941,"fails":5444,"name":"[submit-assignment] status 201 or 400","path":"::[submit-assignment] status 201 or 400","id":"c6b8e5b4b95e1cad4532c36b70154d08"},{"id":"9186de991ebaa0ed414ff11baa5503d0","passes":1493,"fails":3388,"name":"[gradebook] status 200","path":"::[gradebook] status 200"},{"path":"::[gradebook] success","id":"a15a69867e50cddaa06c049f7cde480d","passes":1494,"fails":3387,"name":"[gradebook] success"},{"name":"[quiz-attempt] submit 200","path":"::[quiz-attempt] submit 200","id":"3aac290b0fb83ec96bbf8f19a1813a81","passes":1263,"fails":3},{"name":"[quiz-attempt] success","path":"::[quiz-attempt] success","id":"6398ec5c83f0a8abdc14be5794d5070f","passes":1263,"fails":3}]},"options":{"summaryTrendStats":["avg","min","med","max","p(90)","p(95)","p(99)"],"summaryTimeUnit":"","noColor":false},"state":{"isStdOutTTY":false,"isStdErrTTY":false,"testRunDurationMs":410590.413138}}