{"options":{"noColor":false,"summaryTrendStats":["avg","min","med","max","p(90)","p(95)","p(99)"],"summaryTimeUnit":""},"state":{"isStdOutTTY":false,"isStdErrTTY":false,"testRunDurationMs":390613.359265},"metrics":{"vus_max":{"type":"gauge","contains":"default","values":{"value":250,"min":250,"max":250}},"course_structure_duration":{"contains":"time","values":{"avg":2270.684628151029,"min":34.449292,"med":2460.827929,"max":4015.558154,"p(90)":2948.4329724,"p(95)":3059.5567711999997,"p(99)":3320.3918262799993},"type":"trend"},"user_grades_duration":{"type":"trend","contains":"time","values":{"p(99)":3555.07662819,"avg":2200.1862790446726,"min":19.001246,"med":2277.226103,"max":3968.038408,"p(90)":2944.0511604999997,"p(95)":3181.9870932499994}},"http_req_receiving":{"type":"trend","contains":"time","values":{"p(90)":2.9503407000000026,"p(95)":20.83564499999998,"p(99)":71.3747502999999,"avg":3.731084303883274,"min":0.013841,"med":0.100644,"max":2079.02898}},"data_received":{"values":{"count":1666283148,"rate":4265811.981278295},"type":"counter","contains":"data"},"grade_update_duration":{"type":"trend","contains":"time","values":{"p(99)":2905.670382009999,"avg":2013.4103342838164,"min":14.987533,"med":2201.915298,"max":3171.458796,"p(90)":2602.451649,"p(95)":2713.1937729499996}},"iterations":{"type":"counter","contains":"default","values":{"count":21422,"rate":54.8419543056818}},"gradebook_duration":{"type":"trend","contains":"time","values":{"p(95)":9349.1873687,"p(99)":10187.149150719995,"avg":6802.775338239625,"min":151.647673,"med":6977.684501,"max":11863.914593,"p(90)":8893.59756}},"checks":{"type":"rate","contains":"default","values":{"rate":0.9608992034313726,"passes":25091,"fails":1021}},"submit_assignment_duration":{"type":"trend","contains":"time","values":{"med":2318.100914,"max":3611.989518,"p(90)":2755.1607997,"p(95)":2875.2740593,"p(99)":3105.93412539,"avg":2145.879921074945,"min":20.226215}},"http_req_duration":{"contains":"time","values":{"p(95)":6624.210537049992,"p(99)":8768.588800219999,"avg":2581.4330299871353,"min":13.914055,"med":2392.3983825,"max":11863.914593,"p(90)":3171.136572500001},"type":"trend"},"http_req_failed{ef:1}":{"values":{"rate":1,"passes":2160,"fails":0},"thresholds":{"rate<1.01":{"ok":true}},"type":"rate","contains":"default"},"http_req_tls_handshaking":{"type":"trend","contains":"time","values":{"med":0,"max":0,"p(90)":0,"p(95)":0,"p(99)":0,"avg":0,"min":0}},"read_activity_duration":{"type":"trend","contains":"time","values":{"avg":2178.377276969609,"min":21.812205,"med":2334.563961,"max":3524.487474,"p(90)":2800.9937258000004,"p(95)":2919.5712522,"p(99)":3160.9610775200003}},"http_req_connecting":{"type":"trend","contains":"time","values":{"p(99)":0,"avg":0.08605432456341908,"min":0,"med":0,"max":1033.549524,"p(90)":0,"p(95)":0}},"http_reqs":{"values":{"count":26112,"rate":66.84871211044549},"type":"counter","contains":"default"},"http_req_waiting":{"type":"trend","contains":"time","values":{"max":11535.298382,"p(90)":3167.635523900001,"p(95)":6585.173939549996,"p(99)":8726.859029459993,"avg":2577.670414684212,"min":13.802826,"med":2392.0030765}},"data_sent":{"type":"counter","contains":"data","values":{"count":5760779,"rate":14748.033735558367}},"grade_submission_duration":{"type":"trend","contains":"time","values":{"min":34.93191,"med":2394.186147,"max":3404.756194,"p(90)":2830.322854,"p(95)":2954.752534,"p(99)":3193.712111599999,"avg":2230.009234986288}},"http_req_duration{expected_response:true}":{"type":"trend","contains":"time","values":{"min":18.703793,"med":2430.880164,"max":11863.914593,"p(90)":3333.831701,"p(95)":6873.627551,"p(99)":8868.311120300003,"avg":2657.8088783941416}},"iteration_duration":{"type":"trend","contains":"time","values":{"med":3406.6507265,"max":13098.361106,"p(90)":7505.610376800005,"p(95)":8564.2175911,"p(99)":9902.829423590001,"avg":4045.8676159364177,"min":326.99015}},"submit_quiz_duration":{"type":"trend","contains":"time","values":{"med":2676.608009,"max":4194.292364,"p(90)":3204.5112833,"p(95)":3354.3194663,"p(99)":3562.1132126400003,"avg":2469.7001081083026,"min":54.752925}},"marker_grade_duration":{"type":"trend","contains":"time","values":{"max":3379.370567,"p(90)":2854.755802,"p(95)":2959.537189,"p(99)":3197.400774350003,"avg":2243.4698733039754,"min":42.062025,"med":2406.5925275}},"http_req_blocked":{"type":"trend","contains":"time","values":{"min":0.001192,"med":0.00648,"max":1033.636096,"p(90)":0.008723,"p(95)":0.010536,"p(99)":0.18938350999999648,"avg":0.09539000314032187}},"material_download_duration":{"type":"trend","contains":"time","values":{"min":22.323123,"med":2278.161533,"max":3342.509409,"p(90)":2706.0013498,"p(95)":2798.4168432,"p(99)":3029.2812413600013,"avg":2121.3278995321043}},"errors":{"type":"rate","contains":"default","values":{"rate":1,"passes":1021,"fails":0}},"http_req_sending":{"type":"trend","contains":"time","values":{"min":0.004447,"med":0.027352,"max":35.809166,"p(90)":0.040111,"p(95)":0.04699099999999994,"p(99)":0.1274643099999999,"avg":0.031530999042585765}},"http_req_failed":{"type":"rate","contains":"default","values":{"rate":0.12182138480392157,"passes":3181,"fails":22931},"thresholds":{"rate<0.15":{"ok":true}}},"cascade_read_duration":{"type":"trend","contains":"time","values":{"min":36.409172,"med":2463.862492,"max":3531.612094,"p(90)":2926.0843463,"p(95)":3036.9228629,"p(99)":3212.9837641700005,"avg":2294.0319550296263}},"vus":{"type":"gauge","contains":"default","values":{"value":6,"min":4,"max":250}}},"root_group":{"path":"","id":"d41d8cd98f00b204e9800998ecf8427e","groups":[],"checks":[{"name":"[wh-structure] status 200","path":"::[wh-structure] status 200","id":"9f2134ec9c516bc3787570bcbc5bc9e6","passes":2185,"fails":0},{"name":"[wh-quiz] start 201","path":"::[wh-quiz] start 201","id":"bc382dfba4db61bcda740eb7d13cbecd","passes":2530,"fails":583},{"passes":2530,"fails":0,"name":"[wh-quiz] submit 200","path":"::[wh-quiz] submit 200","id":"4963f6adfea6303590e8a8e9c12d47a1"},{"fails":0,"name":"[wh-gradebook] status 200","path":"::[wh-gradebook] status 200","id":"04f91da34414db0af1a48a98d41fa661","passes":2195},{"id":"b9f37e7e4ff322953440a920c2825184","passes":1050,"fails":0,"name":"[wh-grade-unauth] status 403","path":"::[wh-grade-unauth] status 403"},{"id":"49f223985d533388331178bd3e8d6a64","passes":3832,"fails":438,"name":"[wh-submit] status 201","path":"::[wh-submit] status 201"},{"fails":0,"name":"[wh-grade-update] status 200","path":"::[wh-grade-update] status 200","id":"e1c3184baa8417c6f8c9c7cd82501965","passes":1100},{"passes":1137,"fails":0,"name":"[wh-material-dl] status 200","path":"::[wh-material-dl] status 200","id":"182e87b5d3b46cf8a10f81893f31e347"},{"name":"[wh-cascade-pre] status 200","path":"::[wh-cascade-pre] status 200","id":"6cf217efe14ab595b837401653c393f9","passes":1080,"fails":0},{"id":"9791881937dbec10111f5684ec5d2a68","passes":1080,"fails":0,"name":"[wh-cascade-write] status 200","path":"::[wh-cascade-write] status 200"},{"name":"[wh-cascade-post] status 200","path":"::[wh-cascade-post] status 200","id":"2eaa088a823153fd8e84cbe4e79e632d","passes":1080,"fails":0},{"name":"[wh-cf-non-enrolled] status 403","path":"::[wh-cf-non-enrolled] status 403","id":"6a9d912d2aeb5ec6cb64307cca9056b8","passes":850,"fails":0},{"id":"549ffdbc72b97a1cd0f05b844dbb0567","passes":1056,"fails":0,"name":"[wh-marker-grade] status 200","path":"::[wh-marker-grade] status 200"},{"name":"[wh-activity] status 200","path":"::[wh-activity] status 200","id":"aed3f8824d0bcca89ac7d3b2bf25119a","passes":1053,"fails":0},{"fails":0,"name":"[wh-grade] status 200","path":"::[wh-grade] status 200","id":"747a63480c5228e4182e0b619fd4205c","passes":1021},{"id":"827cabf91007e26e21b96eb0eaac2825","passes":1052,"fails":0,"name":"[wh-user-grades] status 200","path":"::[wh-user-grades] status 200"},{"name":"[wh-cf-locked-grade] status 403","path":"::[wh-cf-locked-grade] status 403","id":"a0d2cffa4f26fbeb7022bec9298a706e","passes":260,"fails":0}],"name":""}}