{"state":{"isStdOutTTY":false,"isStdErrTTY":false,"testRunDurationMs":393620.919431},"metrics":{"http_req_sending":{"type":"trend","contains":"time","values":{"med":0.037734000000000004,"max":71.273527,"p(90)":0.06269620000000002,"p(95)":0.08514099999999997,"p(99)":0.14740493999999937,"avg":0.05173165618860522,"min":0.007754}},"http_req_duration":{"type":"trend","contains":"time","values":{"max":17808.935444,"p(90)":14929.1787586,"p(95)":15096.6873659,"p(99)":15392.621476949998,"avg":13076.611074904185,"min":23.541819,"med":14293.5397675},"thresholds":{"p(95)<3000":{"ok":false}}},"grade_submission_duration":{"contains":"time","values":{"avg":13144.310020856536,"min":54.78571,"med":14438.148293999999,"max":16070.700594,"p(90)":15067.487027500001,"p(95)":15222.1761854,"p(99)":15480.22759663},"type":"trend"},"http_req_receiving":{"type":"trend","contains":"time","values":{"avg":0.18436594864440123,"min":0.027862,"med":0.136473,"max":30.218506,"p(90)":0.2601001,"p(95)":0.3714633499999999,"p(99)":0.8400673799999993}},"errors":{"type":"rate","contains":"default","values":{"fails":0,"rate":0,"passes":0},"thresholds":{"rate<0.10":{"ok":true}}},"http_req_duration{expected_response:true}":{"values":{"max":17808.935444,"p(90)":14929.1787586,"p(95)":15096.6873659,"p(99)":15392.621476949998,"avg":13076.611074904185,"min":23.541819,"med":14293.5397675},"type":"trend","contains":"time"},"data_sent":{"type":"counter","contains":"data","values":{"count":4820242,"rate":12245.898939944342}},"http_req_blocked":{"type":"trend","contains":"time","values":{"p(99)":0.36506127999999916,"avg":0.03388875921414503,"min":0.002952,"med":0.010241,"max":88.038156,"p(90)":0.019624400000000007,"p(95)":0.03571934999999999}},"http_reqs":{"type":"counter","contains":"default","values":{"rate":64.65611644012552,"count":25450}},"vus_max":{"type":"gauge","contains":"default","values":{"value":1000,"min":1000,"max":1000}},"iteration_duration":{"type":"trend","contains":"time","values":{"p(99)":30986.74529745,"avg":16570.86713623156,"min":435.735786,"med":15299.80643,"max":32889.352386,"p(90)":29660.958704300003,"p(95)":30273.781384650003}},"checks":{"values":{"rate":0.9997771118650783,"passes":40370,"fails":9},"type":"rate","contains":"default"},"http_req_connecting":{"type":"trend","contains":"time","values":{"med":0,"max":87.93235,"p(90)":0,"p(95)":0,"p(99)":0.24366917999999982,"avg":0.01821221088408645,"min":0}},"vus":{"type":"gauge","contains":"default","values":{"value":5,"min":5,"max":1000}},"http_req_failed":{"type":"rate","contains":"default","values":{"rate":0,"passes":0,"fails":25450},"thresholds":{"rate<0.10":{"ok":true}}},"http_req_waiting":{"type":"trend","contains":"time","values":{"avg":13076.374977299412,"min":22.482908,"med":14293.257121,"max":17808.777236,"p(90)":14928.814083000001,"p(95)":15096.5314593,"p(99)":15392.472119619999}},"iterations":{"contains":"default","values":{"count":21242,"rate":53.965627717923226},"type":"counter"},"gradebook_duration":{"type":"trend","contains":"time","values":{"min":23.541819,"med":14110.436147,"max":16626.335069,"p(90)":14656.7369076,"p(95)":14780.2904258,"p(99)":15031.643788039999,"avg":12811.603821326087}},"http_req_tls_handshaking":{"type":"trend","contains":"time","values":{"max":0,"p(90)":0,"p(95)":0,"p(99)":0,"avg":0,"min":0,"med":0}},"submit_assignment_duration":{"type":"trend","contains":"time","values":{"med":14389.536331,"max":16520.469032,"p(90)":14993.6482736,"p(95)":15141.6682513,"p(99)":15399.818365740002,"avg":13184.914782897524,"min":39.443172}},"submit_quiz_duration":{"type":"trend","contains":"time","values":{"p(95)":15291.9910187,"p(99)":15626.85347339,"avg":13323.60446750193,"min":57.992244,"med":14510.294577,"max":17808.935444,"p(90)":15134.3142097}},"assignment_detail_duration":{"type":"trend","contains":"time","values":{"med":14161.092556,"max":15543.942517,"p(90)":14732.7276879,"p(95)":14871.5914326,"p(99)":15129.363341749999,"avg":12935.383605210094,"min":32.514748}},"data_received":{"type":"counter","contains":"data","values":{"count":96238478,"rate":244495.33357911426}}},"root_group":{"groups":[],"checks":[{"fails":0,"name":"[gradebook] status 200","path":"::[gradebook] status 200","id":"9186de991ebaa0ed414ff11baa5503d0","passes":4305},{"passes":4305,"fails":0,"name":"[gradebook] success","path":"::[gradebook] success","id":"a15a69867e50cddaa06c049f7cde480d"},{"id":"18f54229dcbc1aba2aecf8a61f0db771","passes":4208,"fails":9,"name":"[quiz-attempt] start 201","path":"::[quiz-attempt] start 201"},{"path":"::[assignment-detail] status 200","id":"e710e6c64d866e8aa495eeee12857a96","passes":4332,"fails":0,"name":"[assignment-detail] status 200"},{"name":"[assignment-detail] success","path":"::[assignment-detail] success","id":"2eca0bd45992b6c1691069c6af81d1ee","passes":4332,"fails":0},{"id":"c6b8e5b4b95e1cad4532c36b70154d08","passes":6304,"fails":0,"name":"[submit-assignment] status 201 or 400","path":"::[submit-assignment] status 201 or 400"},{"name":"[quiz-attempt] submit 200","path":"::[quiz-attempt] submit 200","id":"3aac290b0fb83ec96bbf8f19a1813a81","passes":4208,"fails":0},{"fails":0,"name":"[quiz-attempt] success","path":"::[quiz-attempt] success","id":"6398ec5c83f0a8abdc14be5794d5070f","passes":4208},{"name":"[grade-submission] status 200","path":"::[grade-submission] status 200","id":"0b00b1c9fc4243dfcbcade089d53f4c1","passes":2084,"fails":0},{"passes":2084,"fails":0,"name":"[grade-submission] success","path":"::[grade-submission] success","id":"dc7c3576ea1686ed510a59cbde26957e"}],"name":"","path":"","id":"d41d8cd98f00b204e9800998ecf8427e"},"options":{"summaryTrendStats":["avg","min","med","max","p(90)","p(95)","p(99)"],"summaryTimeUnit":"","noColor":false}}