{"metrics":{"http_req_tls_handshaking":{"type":"trend","contains":"time","values":{"p(95)":0,"p(99)":0,"avg":0,"min":0,"med":0,"max":0,"p(90)":0}},"http_req_sending":{"type":"trend","contains":"time","values":{"med":0.067548,"max":23.953919,"p(90)":0.1076092,"p(95)":0.12508339999999998,"p(99)":0.20520829999999926,"avg":0.07764471806408672,"min":0}},"http_req_waiting":{"contains":"time","values":{"p(99)":24120.486196759997,"avg":20172.842668579426,"min":0,"med":22735.8732,"max":25444.907516,"p(90)":23598.7975892,"p(95)":23786.337822200003},"type":"trend"},"gradebook_duration":{"type":"trend","contains":"time","values":{"max":24393.697334,"p(90)":23372.039996,"p(95)":23518.1856305,"p(99)":23738.1706843,"avg":19924.39654714003,"min":0,"med":22549.863563}},"submit_assignment_duration":{"type":"trend","contains":"time","values":{"p(90)":23681.679760400002,"p(95)":23859.45354485,"p(99)":24157.8716853,"avg":20250.95798635461,"min":0.154512,"med":22827.6864565,"max":25441.092595}},"submit_quiz_duration":{"type":"trend","contains":"time","values":{"p(95)":23996.83726815,"p(99)":24303.335003120003,"avg":20591.56478127492,"min":0.17944,"med":22977.116994,"max":25445.040201,"p(90)":23835.7842503}},"errors":{"values":{"rate":1,"passes":300,"fails":0},"thresholds":{"rate<0.10":{"ok":false}},"type":"rate","contains":"default"},"checks":{"type":"rate","contains":"default","values":{"rate":0.9863180071880034,"passes":39793,"fails":552}},"data_sent":{"type":"counter","contains":"data","values":{"count":4854989,"rate":12058.326538413388}},"iterations":{"type":"counter","contains":"default","values":{"count":21366,"rate":53.06669177205972}},"http_req_receiving":{"type":"trend","contains":"time","values":{"avg":0.18327754912164126,"min":0,"med":0.140617,"max":66.747224,"p(90)":0.25344760000000005,"p(95)":0.34848189999999996,"p(99)":0.8086838399999973}},"data_received":{"type":"counter","contains":"data","values":{"count":93843018,"rate":233077.71745604475}},"http_reqs":{"type":"counter","contains":"default","values":{"count":25559,"rate":63.48083754573034}},"http_req_connecting":{"type":"trend","contains":"time","values":{"med":0.189208,"max":58.524692,"p(90)":0.27064780000000005,"p(95)":0.3253638,"p(99)":0.781482159999999,"avg":0.19701138334833246,"min":0}},"vus_max":{"type":"gauge","contains":"default","values":{"value":1500,"min":1420,"max":1500}},"grade_submission_duration":{"contains":"time","values":{"avg":20126.657547834235,"min":0.355429,"med":22888.18684,"max":24455.082776,"p(90)":23736.745321000002,"p(95)":23913.5383186,"p(99)":24193.34709488},"type":"trend"},"vus":{"type":"gauge","contains":"default","values":{"value":26,"min":0,"max":1500}},"assignment_detail_duration":{"type":"trend","contains":"time","values":{"max":24469.579647,"p(90)":23422.076896000002,"p(95)":23567.1660645,"p(99)":23805.402124509998,"avg":19968.505758429885,"min":0.382767,"med":22599.4987565}},"http_req_duration{expected_response:true}":{"type":"trend","contains":"time","values":{"p(90)":23603.8790206,"p(95)":23789.843828099998,"p(99)":24121.98295682,"avg":20462.053386607884,"min":24.908823,"med":22751.093575500003,"max":25445.040201}},"iteration_duration":{"contains":"time","values":{"p(90)":46588.3110595,"p(95)":47289.5100445,"p(99)":48062.812075949994,"avg":25000.660817472944,"min":303.82928,"med":23782.967466000002,"max":50075.530473},"type":"trend"},"http_req_duration":{"thresholds":{"p(95)<3000":{"ok":false}},"type":"trend","contains":"time","values":{"p(99)":24120.69164066,"avg":20173.10359084664,"min":0,"med":22736.058379,"max":25445.040201,"p(90)":23599.079393800002,"p(95)":23786.637648}},"http_req_blocked":{"type":"trend","contains":"time","values":{"avg":0.2684660082554083,"min":0.003441,"med":0.268519,"max":58.634165,"p(90)":0.38156980000000007,"p(95)":0.45036249999999983,"p(99)":0.9307711799999925}},"http_req_failed":{"type":"rate","contains":"default","values":{"passes":361,"fails":25198,"rate":0.014124183262255957},"thresholds":{"rate<0.10":{"ok":true}}}},"root_group":{"name":"","path":"","id":"d41d8cd98f00b204e9800998ecf8427e","groups":[],"checks":[{"name":"[gradebook] status 200","path":"::[gradebook] status 200","id":"9186de991ebaa0ed414ff11baa5503d0","passes":4228,"fails":63},{"name":"[gradebook] success","path":"::[gradebook] success","id":"a15a69867e50cddaa06c049f7cde480d","passes":4228,"fails":63},{"passes":4187,"fails":72,"name":"[quiz-attempt] start 201","path":"::[quiz-attempt] start 201","id":"18f54229dcbc1aba2aecf8a61f0db771"},{"name":"[submit-assignment] status 201 or 400","path":"::[submit-assignment] status 201 or 400","id":"c6b8e5b4b95e1cad4532c36b70154d08","passes":6394,"fails":120},{"id":"e710e6c64d866e8aa495eeee12857a96","passes":4218,"fails":50,"name":"[assignment-detail] status 200","path":"::[assignment-detail] status 200"},{"name":"[assignment-detail] success","path":"::[assignment-detail] success","id":"2eca0bd45992b6c1691069c6af81d1ee","passes":4218,"fails":50},{"passes":4125,"fails":33,"name":"[quiz-attempt] submit 200","path":"::[quiz-attempt] submit 200","id":"3aac290b0fb83ec96bbf8f19a1813a81"},{"fails":33,"name":"[quiz-attempt] success","path":"::[quiz-attempt] success","id":"6398ec5c83f0a8abdc14be5794d5070f","passes":4125},{"id":"0b00b1c9fc4243dfcbcade089d53f4c1","passes":2035,"fails":34,"name":"[grade-submission] status 200","path":"::[grade-submission] status 200"},{"name":"[grade-submission] success","path":"::[grade-submission] success","id":"dc7c3576ea1686ed510a59cbde26957e","passes":2035,"fails":34}]},"options":{"summaryTrendStats":["avg","min","med","max","p(90)","p(95)","p(99)"],"summaryTimeUnit":"","noColor":false},"state":{"isStdOutTTY":false,"isStdErrTTY":false,"testRunDurationMs":402625.437662}}