{"state":{"isStdErrTTY":false,"testRunDurationMs":409310.745868,"isStdOutTTY":false},"metrics":{"data_sent":{"type":"counter","contains":"data","values":{"count":4613557,"rate":11271.526698416663}},"http_req_tls_handshaking":{"type":"trend","contains":"time","values":{"med":0,"max":0,"p(90)":0,"p(95)":0,"p(99)":0,"avg":0,"min":0}},"checks":{"type":"rate","contains":"default","values":{"rate":0.5024536056794121,"passes":20171,"fails":19974}},"http_req_receiving":{"type":"trend","contains":"time","values":{"med":0,"max":26.564347,"p(90)":0.20098270000000001,"p(95)":0.2754699999999998,"p(99)":0.6927975699999898,"avg":0.0977697339284349,"min":0}},"errors":{"values":{"fails":0,"rate":1,"passes":10809},"thresholds":{"rate<0.10":{"ok":false}},"type":"rate","contains":"default"},"vus_max":{"type":"gauge","contains":"default","values":{"max":2000,"value":2000,"min":1261}},"http_req_duration":{"type":"trend","contains":"time","values":{"med":29999.855418,"max":30095.32191,"p(90)":30000.866727099998,"p(95)":30001.0376418,"p(99)":30011.59181064,"avg":26725.419086871014,"min":0.556357},"thresholds":{"p(95)<3000":{"ok":false}}},"http_req_waiting":{"contains":"time","values":{"p(99)":30011.500848480002,"avg":26725.236876123792,"min":0.516657,"med":29999.758671000003,"max":30095.215447,"p(90)":30000.788597400002,"p(95)":30000.96480695},"type":"trend"},"gradebook_duration":{"contains":"time","values":{"p(90)":30000.8607958,"p(95)":30001.0133782,"p(99)":30012.0632184,"avg":27187.25867375147,"min":1.712968,"med":29999.269026,"max":30065.827564},"type":"trend"},"http_req_connecting":{"contains":"time","values":{"p(99)":1.0006977299999928,"avg":0.25906925591908636,"min":0,"med":0.206496,"max":52.427727,"p(90)":0.29350240000000005,"p(95)":0.3909913999999999},"type":"trend"},"data_received":{"type":"counter","contains":"data","values":{"count":53307894,"rate":130238.19808823548}},"http_reqs":{"values":{"count":26102,"rate":63.77061991042307},"type":"counter","contains":"default"},"http_req_blocked":{"type":"trend","contains":"time","values":{"med":0.29203599999999996,"max":52.50033,"p(90)":0.41663340000000004,"p(95)":0.5283985499999999,"p(99)":1.1878154199999904,"avg":0.3488713694736031,"min":0.003745}},"iteration_duration":{"contains":"time","values":{"p(90)":31441.1817797,"p(95)":49738.42813614997,"p(99)":54272.55587546,"avg":29857.67685553536,"min":487.708524,"med":30720.5971115,"max":60863.696728},"type":"trend"},"vus":{"type":"gauge","contains":"default","values":{"max":2000,"value":26,"min":0}},"http_req_failed":{"contains":"default","values":{"rate":0.5182361504865528,"passes":13527,"fails":12575},"thresholds":{"rate<0.10":{"ok":false}},"type":"rate"},"submit_assignment_duration":{"type":"trend","contains":"time","values":{"med":30000.0765985,"max":30095.32191,"p(90)":30000.909374500003,"p(95)":30001.16302095,"p(99)":30012.47856945,"avg":27345.42727144546,"min":5.083135}},"grade_submission_duration":{"values":{"p(90)":30000.9259351,"p(95)":30001.1321092,"p(99)":30012.22920932,"avg":27147.96001360061,"min":176.825901,"med":30000.119674,"max":30043.831821},"type":"trend","contains":"time"},"submit_quiz_duration":{"contains":"time","values":{"p(95)":25381.26960815,"p(99)":25795.20931097,"avg":20529.23584190644,"min":0.556357,"med":23012.5508955,"max":30000.572524,"p(90)":25091.2059411},"type":"trend"},"http_req_sending":{"values":{"avg":0.08444101329400039,"min":0.009436,"med":0.0724315,"max":35.721693,"p(90)":0.11329260000000001,"p(95)":0.13541159999999985,"p(99)":0.2209934699999997},"type":"trend","contains":"time"},"iterations":{"type":"counter","contains":"default","values":{"count":24008,"rate":58.6547024292942}},"assignment_detail_duration":{"contains":"time","values":{"med":29999.878547499997,"max":30075.407864,"p(90)":30000.8563035,"p(95)":30001.0518183,"p(99)":30012.18489791,"avg":27142.25736964512,"min":5.464248},"type":"trend"},"http_req_duration{expected_response:true}":{"type":"trend","contains":"time","values":{"min":49.143583,"med":27333.677868,"max":30014.396746,"p(90)":29831.4865442,"p(95)":29915.965467399998,"p(99)":29983.85795148,"avg":23230.48023693874}}},"root_group":{"path":"","id":"d41d8cd98f00b204e9800998ecf8427e","groups":[],"checks":[{"fails":2514,"name":"[assignment-detail] status 200","path":"::[assignment-detail] status 200","id":"e710e6c64d866e8aa495eeee12857a96","passes":2280},{"path":"::[assignment-detail] success","id":"2eca0bd45992b6c1691069c6af81d1ee","passes":2281,"fails":2513,"name":"[assignment-detail] success"},{"fails":2456,"name":"[gradebook] status 200","path":"::[gradebook] status 200","id":"9186de991ebaa0ed414ff11baa5503d0","passes":2399},{"name":"[gradebook] success","path":"::[gradebook] success","id":"a15a69867e50cddaa06c049f7cde480d","passes":2400,"fails":2455},{"fails":2725,"name":"[quiz-attempt] start 201","path":"::[quiz-attempt] start 201","id":"18f54229dcbc1aba2aecf8a61f0db771","passes":2086},{"name":"[submit-assignment] status 201 or 400","path":"::[submit-assignment] status 201 or 400","id":"c6b8e5b4b95e1cad4532c36b70154d08","passes":2882,"fails":4366},{"id":"0b00b1c9fc4243dfcbcade089d53f4c1","passes":917,"fails":1467,"name":"[grade-submission] status 200","path":"::[grade-submission] status 200"},{"name":"[grade-submission] success","path":"::[grade-submission] success","id":"dc7c3576ea1686ed510a59cbde26957e","passes":918,"fails":1466},{"name":"[quiz-attempt] submit 200","path":"::[quiz-attempt] submit 200","id":"3aac290b0fb83ec96bbf8f19a1813a81","passes":2004,"fails":6},{"name":"[quiz-attempt] success","path":"::[quiz-attempt] success","id":"6398ec5c83f0a8abdc14be5794d5070f","passes":2004,"fails":6}],"name":""},"options":{"noColor":false,"summaryTrendStats":["avg","min","med","max","p(90)","p(95)","p(99)"],"summaryTimeUnit":""}}