{"state":{"isStdOutTTY":false,"isStdErrTTY":false,"testRunDurationMs":390744.774097},"metrics":{"http_req_blocked":{"type":"trend","contains":"time","values":{"avg":0.021613742681546266,"min":0.003174,"med":0.0103585,"max":24.570399,"p(90)":0.01717140000000001,"p(95)":0.025784449999999997,"p(99)":0.3294060199999998}},"gradebook_duration":{"type":"trend","contains":"time","values":{"avg":6078.264755665944,"min":20.290319,"med":6709.136204,"max":8385.333311,"p(90)":7133.524154,"p(95)":7241.092417,"p(99)":7502.889944439999}},"iterations":{"type":"counter","contains":"default","values":{"rate":52.860591796097886,"count":20655}},"http_req_tls_handshaking":{"type":"trend","contains":"time","values":{"p(99)":0,"avg":0,"min":0,"med":0,"max":0,"p(90)":0,"p(95)":0}},"vus_max":{"type":"gauge","contains":"default","values":{"value":500,"min":500,"max":500}},"assignment_detail_duration":{"type":"trend","contains":"time","values":{"avg":6167.045209420204,"min":22.73199,"med":6757.0942915,"max":9426.642534,"p(90)":7194.4188099,"p(95)":7301.6532459,"p(99)":7536.777503709999}},"http_req_duration":{"thresholds":{"p(95)<3000":{"ok":false}},"type":"trend","contains":"time","values":{"med":6887.3371735,"max":9426.642534,"p(90)":7416.7588454,"p(95)":7563.0934437999995,"p(99)":7854.28706491,"avg":6283.031400085685,"min":20.290319}},"http_req_sending":{"type":"trend","contains":"time","values":{"min":0.008517,"med":0.0376725,"max":31.927028,"p(90)":0.0584628,"p(95)":0.07232919999999995,"p(99)":0.14323555999999985,"avg":0.04887831501698211}},"http_req_connecting":{"type":"trend","contains":"time","values":{"med":0,"max":24.428476,"p(90)":0,"p(95)":0,"p(99)":0.21850091999999977,"avg":0.007700048196668277,"min":0}},"errors":{"type":"rate","contains":"default","values":{"rate":0,"passes":0,"fails":0},"thresholds":{"rate<0.10":{"ok":true}}},"submit_quiz_duration":{"type":"trend","contains":"time","values":{"med":7111.870443,"max":9380.345119,"p(90)":7603.5009352,"p(95)":7738.2168874,"p(99)":8059.412749,"avg":6465.939768689735,"min":41.169896}},"vus":{"type":"gauge","contains":"default","values":{"value":2,"min":2,"max":500}},"data_received":{"values":{"rate":241176.84802767404,"count":94238593},"type":"counter","contains":"data"},"grade_submission_duration":{"values":{"p(95)":7674.78220895,"p(99)":7944.95042334,"avg":6420.37599272201,"min":57.229391,"med":7063.301813,"max":9207.585327,"p(90)":7555.7306204},"type":"trend","contains":"time"},"http_req_receiving":{"type":"trend","contains":"time","values":{"avg":0.18882999741225936,"min":0.024343,"med":0.135849,"max":36.92969,"p(90)":0.25739210000000007,"p(95)":0.37632874999999955,"p(99)":0.859257879999999}},"checks":{"type":"rate","contains":"default","values":{"rate":0.9998470012239902,"passes":39210,"fails":6}},"data_sent":{"type":"counter","contains":"data","values":{"count":4688830,"rate":11999.725423931137}},"iteration_duration":{"type":"trend","contains":"time","values":{"max":17439.491252,"p(90)":14837.018318,"p(95)":15328.0432577,"p(99)":15972.456816879996,"avg":8426.766887792375,"min":360.021223,"med":7874.893916}},"http_req_failed":{"type":"rate","contains":"default","values":{"fails":24732,"rate":0,"passes":0},"thresholds":{"rate<0.10":{"ok":true}}},"submit_assignment_duration":{"values":{"avg":6372.330378932673,"min":31.900965,"med":7000.61976,"max":9171.940616,"p(90)":7465.8292752,"p(95)":7589.0559618,"p(99)":7862.4099571199995},"type":"trend","contains":"time"},"http_req_duration{expected_response:true}":{"type":"trend","contains":"time","values":{"p(90)":7416.7588454,"p(95)":7563.0934437999995,"p(99)":7854.28706491,"avg":6283.031400085685,"min":20.290319,"med":6887.3371735,"max":9426.642534}},"http_reqs":{"type":"counter","contains":"default","values":{"count":24732,"rate":63.29451252970675}},"http_req_waiting":{"type":"trend","contains":"time","values":{"med":6887.152146,"max":9426.473623,"p(90)":7416.5405123,"p(95)":7562.932535599999,"p(99)":7854.163088739999,"avg":6282.793691773319,"min":20.095661}}},"root_group":{"groups":[],"checks":[{"name":"[gradebook] status 200","path":"::[gradebook] status 200","id":"9186de991ebaa0ed414ff11baa5503d0","passes":4137,"fails":0},{"name":"[gradebook] success","path":"::[gradebook] success","id":"a15a69867e50cddaa06c049f7cde480d","passes":4137,"fails":0},{"name":"[submit-assignment] status 201 or 400","path":"::[submit-assignment] status 201 or 400","id":"c6b8e5b4b95e1cad4532c36b70154d08","passes":6165,"fails":0},{"name":"[assignment-detail] status 200","path":"::[assignment-detail] status 200","id":"e710e6c64d866e8aa495eeee12857a96","passes":4198,"fails":0},{"name":"[assignment-detail] success","path":"::[assignment-detail] success","id":"2eca0bd45992b6c1691069c6af81d1ee","passes":4198,"fails":0},{"id":"18f54229dcbc1aba2aecf8a61f0db771","passes":4077,"fails":6,"name":"[quiz-attempt] start 201","path":"::[quiz-attempt] start 201"},{"path":"::[grade-submission] status 200","id":"0b00b1c9fc4243dfcbcade089d53f4c1","passes":2072,"fails":0,"name":"[grade-submission] status 200"},{"name":"[grade-submission] success","path":"::[grade-submission] success","id":"dc7c3576ea1686ed510a59cbde26957e","passes":2072,"fails":0},{"name":"[quiz-attempt] submit 200","path":"::[quiz-attempt] submit 200","id":"3aac290b0fb83ec96bbf8f19a1813a81","passes":4077,"fails":0},{"name":"[quiz-attempt] success","path":"::[quiz-attempt] success","id":"6398ec5c83f0a8abdc14be5794d5070f","passes":4077,"fails":0}],"name":"","path":"","id":"d41d8cd98f00b204e9800998ecf8427e"},"options":{"summaryTrendStats":["avg","min","med","max","p(90)","p(95)","p(99)"],"summaryTimeUnit":"","noColor":false}}