{"state":{"isStdOutTTY":false,"isStdErrTTY":false,"testRunDurationMs":391418.62975},"metrics":{"start_attempt_duration":{"type":"trend","contains":"time","values":{"min":52.471499,"med":11721.5028475,"max":14855.188631,"p(90)":12889.4149321,"p(95)":13616.43869815,"p(99)":14344.46582433,"avg":11174.77472480943}},"vus":{"type":"gauge","contains":"default","values":{"max":1000,"value":1,"min":1}},"iterations":{"type":"counter","contains":"default","values":{"count":28228,"rate":72.11716013116006}},"http_req_connecting":{"type":"trend","contains":"time","values":{"avg":0.014707396485758813,"min":0,"med":0,"max":28.519305,"p(90)":0,"p(95)":0,"p(99)":0.29478152999999996}},"http_req_sending":{"type":"trend","contains":"time","values":{"med":0.035347500000000004,"max":29.206426,"p(90)":0.059675299999999994,"p(95)":0.08839095,"p(99)":0.17570543999999985,"avg":0.0524554069718012,"min":0.008001}},"vus_max":{"type":"gauge","contains":"default","values":{"value":1000,"min":1000,"max":1000}},"http_req_failed":{"type":"rate","contains":"default","values":{"rate":0,"passes":0,"fails":28228},"thresholds":{"rate<0.10":{"ok":true}}},"materials_list_duration":{"type":"trend","contains":"time","values":{"med":11632.259685,"max":15088.844514,"p(90)":12834.544958,"p(95)":13503.7145347,"p(99)":14236.4233569,"avg":11070.497466106255,"min":24.892491}},"http_req_duration{expected_response:true}":{"type":"trend","contains":"time","values":{"avg":11132.029868181828,"min":21.670285,"med":11673.063586,"max":15592.716127,"p(90)":12862.9665143,"p(95)":13550.63613965,"p(99)":14249.20794153}},"checks":{"values":{"rate":1,"passes":50969,"fails":0},"type":"rate","contains":"default"},"data_received":{"type":"counter","contains":"data","values":{"count":182886499,"rate":467240.14929184655}},"material_detail_duration":{"values":{"p(90)":12844.3045946,"p(95)":13526.45110355,"p(99)":14167.76509705,"avg":11125.849187859634,"min":23.502153,"med":11611.6747095,"max":14939.046398},"type":"trend","contains":"time"},"http_req_waiting":{"contains":"time","values":{"avg":11131.74899744735,"min":21.471544,"med":11672.854567,"max":15592.449118,"p(90)":12862.7971174,"p(95)":13550.2570867,"p(99)":14249.06348693},"type":"trend"},"data_sent":{"contains":"data","values":{"count":3676867,"rate":9393.694424683934},"type":"counter"},"iteration_duration":{"values":{"p(90)":14239.818097899999,"p(95)":14799.69182235,"p(99)":15684.739281089998,"avg":12381.434251389668,"min":590.334294,"med":12951.1579155,"max":16569.721178},"type":"trend","contains":"time"},"http_req_blocked":{"type":"trend","contains":"time","values":{"p(95)":0.033473949999999995,"p(99)":0.44384733999999987,"avg":0.03365250474705969,"min":0.003867,"med":0.011164,"max":35.587289,"p(90)":0.021288499999999995}},"http_req_tls_handshaking":{"type":"trend","contains":"time","values":{"avg":0,"min":0,"med":0,"max":0,"p(90)":0,"p(95)":0,"p(99)":0}},"http_req_receiving":{"values":{"max":105.589953,"p(90)":0.31909859999999995,"p(95)":0.45008489999999995,"p(99)":1.09694513,"avg":0.22841532736998882,"min":0.029315,"med":0.147341},"type":"trend","contains":"time"},"submit_assignment_duration":{"type":"trend","contains":"time","values":{"avg":11218.865045640763,"min":38.439802,"med":11820.803089,"max":15276.638792,"p(90)":12965.6477262,"p(95)":13645.9981234,"p(99)":14353.07813112}},"http_reqs":{"type":"counter","contains":"default","values":{"count":28228,"rate":72.11716013116006}},"gradebook_duration":{"type":"trend","contains":"time","values":{"med":11564.277425,"max":15067.731354,"p(90)":12636.289089,"p(95)":13397.24460125,"p(99)":14056.926538700001,"avg":11025.927029255541,"min":21.670285}},"errors":{"type":"rate","contains":"default","values":{"rate":0,"passes":0,"fails":0},"thresholds":{"rate<0.10":{"ok":true}}},"http_req_duration":{"type":"trend","contains":"time","values":{"avg":11132.029868181828,"min":21.670285,"med":11673.063586,"max":15592.716127,"p(90)":12862.9665143,"p(95)":13550.63613965,"p(99)":14249.20794153},"thresholds":{"p(95)<2000":{"ok":false}}},"quiz_detail_duration":{"type":"trend","contains":"time","values":{"avg":11217.865376666416,"min":29.606637,"med":11770.302191499999,"max":15592.716127,"p(90)":12930.8742565,"p(95)":13641.247117899999,"p(99)":14332.236229650001}}},"root_group":{"name":"","path":"","id":"d41d8cd98f00b204e9800998ecf8427e","groups":[],"checks":[{"name":"[materials-list] status 200","path":"::[materials-list] status 200","id":"463a16ce0b1d8abee844a574ea056361","passes":5655,"fails":0},{"path":"::[materials-list] success","id":"664e43a5933df86e3bab167b84d274ca","passes":5655,"fails":0,"name":"[materials-list] success"},{"name":"[gradebook] status 200","path":"::[gradebook] status 200","id":"9186de991ebaa0ed414ff11baa5503d0","passes":5596,"fails":0},{"name":"[gradebook] success","path":"::[gradebook] success","id":"a15a69867e50cddaa06c049f7cde480d","passes":5596,"fails":0},{"name":"[submit-assignment] status 201 or 400","path":"::[submit-assignment] status 201 or 400","id":"c6b8e5b4b95e1cad4532c36b70154d08","passes":2753,"fails":0},{"name":"[quiz-detail] status 200","path":"::[quiz-detail] status 200","id":"917c623bb77fd0f4c30b55655ab512f2","passes":7138,"fails":0},{"fails":0,"name":"[quiz-detail] success","path":"::[quiz-detail] success","id":"6719d54de0da0cfb59497b1755be95e9","passes":7138},{"name":"[material-detail] status 200","path":"::[material-detail] status 200","id":"a12462dd78c876a1d31a53eadf87e378","passes":4352,"fails":0},{"name":"[material-detail] success","path":"::[material-detail] success","id":"3632f96ad89cbc27cd995a000cbd8596","passes":4352,"fails":0},{"path":"::[start-attempt] status 201 or 400","id":"33680026b6a14104cfefb4ee3b4b083d","passes":2734,"fails":0,"name":"[start-attempt] status 201 or 400"}]},"options":{"summaryTrendStats":["avg","min","med","max","p(90)","p(95)","p(99)"],"summaryTimeUnit":"","noColor":false}}