{"options":{"summaryTrendStats":["avg","min","med","max","p(90)","p(95)","p(99)"],"summaryTimeUnit":"","noColor":false},"state":{"isStdOutTTY":false,"isStdErrTTY":false,"testRunDurationMs":392331.718975},"metrics":{"vus_max":{"values":{"max":1000,"value":1000,"min":1000},"type":"gauge","contains":"default"},"http_req_duration":{"type":"trend","contains":"time","values":{"p(99)":20746.79207435999,"avg":13313.40253002606,"min":12.706889,"med":14053.483703,"max":23380.069719,"p(90)":16112.476612600001,"p(95)":18658.7851399}},"data_sent":{"values":{"count":3877890,"rate":9884.21229395196},"type":"counter","contains":"data"},"iteration_duration":{"contains":"time","values":{"avg":14569.83788347952,"min":548.061932,"med":15284.844484,"max":25059.321424,"p(90)":17571.132166600004,"p(95)":19915.1093734,"p(99)":22122.336939999997},"type":"trend"},"gradebook_duration":{"type":"trend","contains":"time","values":{"p(90)":20575.8917931,"p(95)":21223.085001699998,"p(99)":22251.24377097,"avg":17336.79387399722,"min":188.226927,"med":18280.483731,"max":23380.069719}},"material_list_duration":{"type":"trend","contains":"time","values":{"max":16173.537695,"p(90)":15241.7414946,"p(95)":15535.2707688,"p(99)":16016.27838564,"avg":12897.67135785352,"min":38.079305,"med":13965.254742500001}},"errors":{"type":"rate","contains":"default","values":{"rate":1,"passes":476,"fails":0}},"course_structure_duration":{"values":{"max":16576.19198,"p(90)":15295.5593535,"p(95)":15640.5332795,"p(99)":16029.34417145,"avg":12859.331779280079,"min":24.72594,"med":14005.840575499999},"type":"trend","contains":"time"},"quiz_detail_duration":{"type":"trend","contains":"time","values":{"max":16560.741844,"p(90)":15335.715469,"p(95)":15603.290528,"p(99)":15994.008867599996,"avg":12864.651590282814,"min":38.223751,"med":14052.080469}},"http_req_failed":{"type":"rate","contains":"default","values":{"rate":0.09005192107995846,"passes":2168,"fails":21907},"thresholds":{"rate<0.05":{"ok":false}}},"http_req_tls_handshaking":{"type":"trend","contains":"time","values":{"p(99)":0,"avg":0,"min":0,"med":0,"max":0,"p(90)":0,"p(95)":0}},"data_received":{"type":"counter","contains":"data","values":{"count":2181063920,"rate":5559234.225818435}},"iterations":{"type":"counter","contains":"default","values":{"count":24075,"rate":61.36388886144099}},"material_detail_duration":{"type":"trend","contains":"time","values":{"max":16970.877345,"p(90)":15053.483554100001,"p(95)":15392.2477769,"p(99)":15777.190064530001,"avg":12724.981869278978,"min":25.157007,"med":13827.3946435}},"vus":{"values":{"value":14,"min":12,"max":1000},"type":"gauge","contains":"default"},"submit_assignment_duration":{"type":"trend","contains":"time","values":{"avg":12788.745791709189,"min":32.977989,"med":13907.2555325,"max":16523.774345,"p(90)":15152.6811678,"p(95)":15508.094510899999,"p(99)":15902.255977009998}},"quiz_attempt_result_duration":{"type":"trend","contains":"time","values":{"med":14105.218681,"max":16593.405219,"p(90)":15377.8376052,"p(95)":15780.7012146,"p(99)":16083.3535608,"avg":13074.673497866575,"min":44.482462}},"assignment_detail_duration":{"values":{"p(99)":15774.815294600003,"avg":12756.989414619711,"min":25.620267,"med":13821.773782,"max":16240.286712,"p(90)":15021.5051618,"p(95)":15408.5498544},"type":"trend","contains":"time"},"checks":{"values":{"rate":0.9844561277471182,"passes":30147,"fails":476},"type":"rate","contains":"default"},"http_req_duration{expected_response:true}":{"type":"trend","contains":"time","values":{"max":23380.069719,"p(90)":16699.35554840001,"p(95)":18844.350006800003,"p(99)":20839.892581079992,"avg":13376.105255518716,"min":12.706889,"med":14086.34941}},"http_req_waiting":{"contains":"time","values":{"p(90)":16100.4010178,"p(95)":18625.300475199998,"p(99)":20677.02987203999,"avg":13307.721451034586,"min":12.632546,"med":14052.881881,"max":23357.353479},"type":"trend"},"http_reqs":{"contains":"default","values":{"count":24075,"rate":61.36388886144099},"type":"counter"},"http_req_sending":{"values":{"avg":0.031528808764278195,"min":0.005328,"med":0.026049,"max":19.854754,"p(90)":0.04000640000000002,"p(95)":0.06053039999999991,"p(99)":0.12721145999999933},"type":"trend","contains":"time"},"start_attempt_duration":{"values":{"p(95)":15485.390909499998,"p(99)":15899.54734099,"avg":12818.441670263515,"min":39.649735,"med":13977.973839,"max":17137.648582,"p(90)":15157.248160500001},"type":"trend","contains":"time"},"http_req_blocked":{"values":{"avg":0.399298738027,"min":0.002003,"med":0.006781,"max":1016.278154,"p(90)":0.009344600000000002,"p(95)":0.023661599999999984,"p(99)":2.6656267199999624},"type":"trend","contains":"time"},"http_req_receiving":{"type":"trend","contains":"time","values":{"p(95)":33.30874099999998,"p(99)":91.78287499999958,"avg":5.649550182803762,"min":0.013701,"med":0.219773,"max":900.430461,"p(90)":15.398069200000032}},"http_req_connecting":{"contains":"time","values":{"avg":0.3857220417445487,"min":0,"med":0,"max":1016.201779,"p(90)":0,"p(95)":0,"p(99)":2.462943919999859},"type":"trend"},"user_grades_duration":{"type":"trend","contains":"time","values":{"min":12.706889,"med":13677.1400385,"max":15798.143052,"p(90)":14963.8652174,"p(95)":15278.38106225,"p(99)":15598.865567480001,"avg":12518.070510848243}},"course_completion_duration":{"type":"trend","contains":"time","values":{"min":19.007993,"med":13775.754844,"max":16020.032272,"p(90)":14984.4834042,"p(95)":15340.462120549999,"p(99)":15640.3865978,"avg":12483.510366315028}}},"root_group":{"name":"","path":"","id":"d41d8cd98f00b204e9800998ecf8427e","groups":[],"checks":[{"fails":118,"name":"[submit-assignment] status 201","path":"::[submit-assignment] status 201","id":"ecafa50a3856224eba5597445d73435f","passes":2234},{"name":"[material] status 200","path":"::[material] status 200","id":"63f4ad05017bb4331bea0b8e36102285","passes":2398,"fails":0},{"id":"e710e6c64d866e8aa495eeee12857a96","passes":1959,"fails":0,"name":"[assignment-detail] status 200","path":"::[assignment-detail] status 200"},{"name":"[course-structure] status 200","path":"::[course-structure] status 200","id":"45076dc5505a2dec22a1285b97bafbe7","passes":6056,"fails":0},{"passes":6056,"fails":0,"name":"[course-structure] has sections","path":"::[course-structure] has sections","id":"577857fc8e49dd358e9f4a98d4384892"},{"path":"::[quiz-detail] status 200","id":"917c623bb77fd0f4c30b55655ab512f2","passes":1241,"fails":0,"name":"[quiz-detail] status 200"},{"path":"::[gradebook] status 200","id":"9186de991ebaa0ed414ff11baa5503d0","passes":2862,"fails":0,"name":"[gradebook] status 200"},{"passes":1252,"fails":0,"name":"[user-grades] status 200","path":"::[user-grades] status 200","id":"9f3f9ad7deda827f2720eebbc1dd73e8"},{"name":"[start-attempt] status 201","path":"::[start-attempt] status 201","id":"f990128b664d9d14e0bb6193e32639b6","passes":1976,"fails":358},{"name":"[cf-non-enrolled] status 403","path":"::[cf-non-enrolled] status 403","id":"74e7493c763b9162227e2b80a7db0818","passes":1012,"fails":0},{"name":"[course-completion] status 200","path":"::[course-completion] status 200","id":"6021218ae7a89652ba95b72dd11a3df7","passes":492,"fails":0},{"fails":0,"name":"[course-completion] has progress","path":"::[course-completion] has progress","id":"31c5713011250a32de1229068e09d491","passes":492},{"fails":0,"name":"[cf-prereq-locked] status 404","path":"::[cf-prereq-locked] status 404","id":"02fa3bab31e2635b75b34d82dfe5a24b","passes":680},{"name":"[material-list] status 200","path":"::[material-list] status 200","id":"0c8f8d2cbff40a8ee4a03aac96a829f5","passes":710,"fails":0},{"name":"[quiz-attempt-result] status 200","path":"::[quiz-attempt-result] status 200","id":"70625d2eb6b822427844d89e9447d306","passes":727,"fails":0}]}}