{"metrics":{"http_reqs":{"values":{"count":23392,"rate":58.267409885673715},"type":"counter","contains":"default"},"http_req_connecting":{"type":"trend","contains":"time","values":{"avg":0.7396549232216145,"min":0,"med":0,"max":1037.055887,"p(90)":0,"p(95)":0.9798534500000002,"p(99)":15.47397892000001}},"checks":{"type":"rate","contains":"default","values":{"rate":0.9732103939647946,"passes":29026,"fails":799}},"http_req_waiting":{"type":"trend","contains":"time","values":{"avg":21582.591136866333,"min":15.739664,"med":23465.938787,"max":30029.889935,"p(90)":25161.7253749,"p(95)":28264.4844668,"p(99)":30000.40536669}},"http_req_failed":{"type":"rate","contains":"default","values":{"rate":0.10366792065663474,"passes":2425,"fails":20967},"thresholds":{"rate<0.05":{"ok":false}}},"vus":{"type":"gauge","contains":"default","values":{"value":15,"min":15,"max":1500}},"start_attempt_duration":{"type":"trend","contains":"time","values":{"avg":21090.493089868854,"min":50.347696,"med":23392.301004,"max":25287.997185,"p(90)":24615.330974,"p(95)":24812.934027,"p(99)":25091.709442800002}},"http_req_tls_handshaking":{"type":"trend","contains":"time","values":{"avg":0,"min":0,"med":0,"max":0,"p(90)":0,"p(95)":0,"p(99)":0}},"material_list_duration":{"type":"trend","contains":"time","values":{"p(90)":24598.5383884,"p(95)":24822.8015374,"p(99)":25118.67795804,"avg":20945.270286778217,"min":45.041464,"med":23332.617092,"max":25392.619161}},"http_req_duration":{"type":"trend","contains":"time","values":{"avg":21587.511479914523,"min":15.866638,"med":23467.163503999996,"max":30029.935724,"p(90)":25166.9754981,"p(95)":28317.7210562,"p(99)":30000.43881023}},"assignment_detail_duration":{"type":"trend","contains":"time","values":{"min":32.615372,"med":23289.0662365,"max":25360.851392,"p(90)":24453.5077274,"p(95)":24659.9530127,"p(99)":24921.7402114,"avg":21068.308729022006}},"course_completion_duration":{"type":"trend","contains":"time","values":{"avg":20610.795752340924,"min":60.725823,"med":23093.730704,"max":25131.530069,"p(90)":24369.1871888,"p(95)":24545.1698358,"p(99)":24787.288353930002}},"user_grades_duration":{"type":"trend","contains":"time","values":{"min":15.866638,"med":23099.663926,"max":25264.63815,"p(90)":24359.6078448,"p(95)":24519.0746129,"p(99)":24706.60072422,"avg":20670.861751185745}},"course_structure_duration":{"type":"trend","contains":"time","values":{"p(95)":24960.0432568,"p(99)":25241.62391204,"avg":21119.854589756436,"min":41.442375,"med":23501.582801,"max":25827.532375,"p(90)":24736.518364}},"iterations":{"type":"counter","contains":"default","values":{"count":23391,"rate":58.264918973828394}},"iteration_duration":{"type":"trend","contains":"time","values":{"avg":22838.629092427127,"min":560.611791,"med":24730.005909,"max":31996.179445,"p(90)":26744.525175,"p(95)":29532.8645275,"p(99)":31301.8970723}},"http_req_receiving":{"values":{"avg":4.885562059293776,"min":0,"med":0.2069805,"max":761.77986,"p(90)":11.575572300000019,"p(95)":28.311908300000002,"p(99)":83.19262116000002},"type":"trend","contains":"time"},"vus_max":{"type":"gauge","contains":"default","values":{"value":1500,"min":1500,"max":1500}},"data_received":{"type":"counter","contains":"data","values":{"count":1801859292,"rate":4488272.6540387245}},"quiz_detail_duration":{"type":"trend","contains":"time","values":{"avg":21113.685422760514,"min":47.823105,"med":23475.04239,"max":25718.830434,"p(90)":24741.2951809,"p(95)":24977.90392195,"p(99)":25206.07614383}},"http_req_blocked":{"type":"trend","contains":"time","values":{"max":1037.119705,"p(90)":0.013248000000000029,"p(95)":1.0555119500000003,"p(99)":15.58585345,"avg":0.7527215866535558,"min":0.002134,"med":0.00702}},"data_sent":{"type":"counter","contains":"data","values":{"count":3772455,"rate":9396.852845428319}},"errors":{"values":{"rate":1,"passes":799,"fails":0},"type":"rate","contains":"default"},"http_req_sending":{"values":{"avg":0.03478098892783848,"min":0.005508,"med":0.02666,"max":20.360066,"p(90)":0.046701,"p(95)":0.075986,"p(99)":0.13680761000000008},"type":"trend","contains":"time"},"gradebook_duration":{"type":"trend","contains":"time","values":{"avg":25674.93929564209,"min":231.048133,"med":27927.627223,"max":30029.935724,"p(90)":30000.327206899998,"p(95)":30000.764795900002,"p(99)":30001.17610431}},"http_req_duration{expected_response:true}":{"type":"trend","contains":"time","values":{"min":15.866638,"med":23476.962495,"max":30005.105369,"p(90)":25103.5544714,"p(95)":27865.932482199998,"p(99)":29464.9087859,"avg":21473.952334546888}},"quiz_attempt_result_duration":{"contains":"time","values":{"min":51.144251,"med":23610.419461,"max":25902.6474,"p(90)":24872.8336824,"p(95)":25089.603928200002,"p(99)":25466.340681899997,"avg":21259.60011944494},"type":"trend"},"material_detail_duration":{"type":"trend","contains":"time","values":{"avg":21037.630343762434,"min":28.651056,"med":23284.377618500002,"max":25313.087667,"p(90)":24489.333593,"p(95)":24672.469400100003,"p(99)":24920.19865823}},"submit_assignment_duration":{"contains":"time","values":{"med":23409.327896,"max":25496.48353,"p(90)":24623.5296792,"p(95)":24834.443843399997,"p(99)":25123.73300939999,"avg":21138.12445165376,"min":31.843374},"type":"trend"}},"root_group":{"checks":[{"fails":0,"name":"[course-structure] status 200","path":"::[course-structure] status 200","id":"45076dc5505a2dec22a1285b97bafbe7","passes":5949},{"id":"577857fc8e49dd358e9f4a98d4384892","passes":5949,"fails":0,"name":"[course-structure] has sections","path":"::[course-structure] has sections"},{"name":"[quiz-attempt-result] status 200","path":"::[quiz-attempt-result] status 200","id":"70625d2eb6b822427844d89e9447d306","passes":699,"fails":0},{"passes":1179,"fails":0,"name":"[user-grades] status 200","path":"::[user-grades] status 200","id":"9f3f9ad7deda827f2720eebbc1dd73e8"},{"path":"::[material] status 200","id":"63f4ad05017bb4331bea0b8e36102285","passes":2362,"fails":0,"name":"[material] status 200"},{"id":"9186de991ebaa0ed414ff11baa5503d0","passes":2396,"fails":348,"name":"[gradebook] status 200","path":"::[gradebook] status 200"},{"path":"::[cf-prereq-locked] status 404","id":"02fa3bab31e2635b75b34d82dfe5a24b","passes":648,"fails":0,"name":"[cf-prereq-locked] status 404"},{"path":"::[quiz-detail] status 200","id":"917c623bb77fd0f4c30b55655ab512f2","passes":1190,"fails":0,"name":"[quiz-detail] status 200"},{"name":"[submit-assignment] status 201","path":"::[submit-assignment] status 201","id":"ecafa50a3856224eba5597445d73435f","passes":2192,"fails":133},{"name":"[start-attempt] status 201","path":"::[start-attempt] status 201","id":"f990128b664d9d14e0bb6193e32639b6","passes":1963,"fails":318},{"name":"[material-list] status 200","path":"::[material-list] status 200","id":"0c8f8d2cbff40a8ee4a03aac96a829f5","passes":735,"fails":0},{"name":"[cf-non-enrolled] status 403","path":"::[cf-non-enrolled] status 403","id":"74e7493c763b9162227e2b80a7db0818","passes":978,"fails":0},{"passes":1818,"fails":0,"name":"[assignment-detail] status 200","path":"::[assignment-detail] status 200","id":"e710e6c64d866e8aa495eeee12857a96"},{"fails":0,"name":"[course-completion] status 200","path":"::[course-completion] status 200","id":"6021218ae7a89652ba95b72dd11a3df7","passes":484},{"name":"[course-completion] has progress","path":"::[course-completion] has progress","id":"31c5713011250a32de1229068e09d491","passes":484,"fails":0}],"name":"","path":"","id":"d41d8cd98f00b204e9800998ecf8427e","groups":[]},"options":{"summaryTrendStats":["avg","min","med","max","p(90)","p(95)","p(99)"],"summaryTimeUnit":"","noColor":false},"state":{"testRunDurationMs":401459.410087,"isStdOutTTY":false,"isStdErrTTY":false}}