{"state":{"isStdOutTTY":false,"isStdErrTTY":false,"testRunDurationMs":419838.851744},"metrics":{"material_detail_duration":{"type":"trend","contains":"time","values":{"p(90)":30000.102253,"p(95)":30000.23729515,"p(99)":30006.758666690002,"avg":26893.02178364246,"min":0.730065,"med":29999.297628,"max":30082.388341}},"start_attempt_duration":{"contains":"time","values":{"med":29999.30405,"max":30080.363222,"p(90)":30000.0959384,"p(95)":30000.228232,"p(99)":30008.33029948,"avg":27138.950200672458,"min":0.092261},"type":"trend"},"data_received":{"contains":"data","values":{"count":356849058,"rate":849966.7348975874},"type":"counter"},"iteration_duration":{"type":"trend","contains":"time","values":{"avg":28360.60194705112,"min":541.803729,"med":31078.905759,"max":32056.780426,"p(90)":31820.382487000003,"p(95)":31912.013137,"p(99)":31983.76773176}},"http_req_duration{expected_response:true}":{"type":"trend","contains":"time","values":{"p(90)":26868.472631200002,"p(95)":28218.027022749997,"p(99)":29653.66210441,"avg":15115.263923414714,"min":16.326825,"med":15024.803709,"max":29986.592026}},"assignment_detail_duration":{"type":"trend","contains":"time","values":{"med":29999.294433,"max":30122.884463,"p(90)":30000.083948,"p(95)":30000.2171736,"p(99)":30002.292760559998,"avg":26953.59453731945,"min":0.83258}},"quiz_attempt_result_duration":{"values":{"p(90)":30000.059274,"p(95)":30000.211483900002,"p(99)":30001.045062060002,"avg":27323.924802510144,"min":2.646639,"med":29999.299714,"max":30061.017372},"type":"trend","contains":"time"},"vus_max":{"type":"gauge","contains":"default","values":{"value":2000,"min":2000,"max":2000}},"http_req_connecting":{"type":"trend","contains":"time","values":{"p(95)":34.6475115,"p(99)":125.23130294999973,"avg":8.550350182942195,"min":0,"med":0.9895195,"max":1075.748849,"p(90)":15.503618}},"gradebook_duration":{"values":{"min":0.264795,"med":29999.355035,"max":30104.157527,"p(90)":30000.132205,"p(95)":30000.3105985,"p(99)":30007.167988999998,"avg":27801.83838796113},"type":"trend","contains":"time"},"data_sent":{"type":"counter","contains":"data","values":{"count":4101263,"rate":9768.660006008155}},"http_req_failed":{"contains":"default","values":{"rate":0.8309182548432824,"passes":21102,"fails":4294},"thresholds":{"rate<0.05":{"ok":false}},"type":"rate"},"http_req_sending":{"type":"trend","contains":"time","values":{"max":281.757905,"p(90)":0.089957,"p(95)":0.1085075,"p(99)":0.20379694999999992,"avg":0.07769324401480567,"min":0,"med":0.0513785}},"submit_assignment_duration":{"type":"trend","contains":"time","values":{"p(95)":30000.2522998,"p(99)":30012.12376555,"avg":27046.53861865549,"min":0.656441,"med":29999.354768,"max":30069.988573,"p(90)":30000.116667399998}},"course_completion_duration":{"contains":"time","values":{"p(95)":30000.1742004,"p(99)":30003.95463856,"avg":26912.112009377728,"min":0.768032,"med":29999.31609,"max":30099.815943,"p(90)":29999.9831926},"type":"trend"},"material_list_duration":{"type":"trend","contains":"time","values":{"max":30075.221265,"p(90)":30000.075565,"p(95)":30000.216436,"p(99)":30000.922235,"avg":26741.17045307627,"min":0.763556,"med":29999.311905}},"vus":{"type":"gauge","contains":"default","values":{"min":3,"max":2000,"value":3}},"iterations":{"type":"counter","contains":"default","values":{"count":25324,"rate":60.318381433268364}},"user_grades_duration":{"type":"trend","contains":"time","values":{"p(95)":30000.2416175,"p(99)":30010.8477184,"avg":26773.46341638647,"min":1.012976,"med":29999.290271,"max":30067.703851,"p(90)":30000.089779}},"http_req_tls_handshaking":{"type":"trend","contains":"time","values":{"max":0,"p(90)":0,"p(95)":0,"p(99)":0,"avg":0,"min":0,"med":0}},"course_structure_duration":{"contains":"time","values":{"avg":27108.952851457147,"min":0,"med":29999.317141,"max":30099.587181,"p(90)":30000.103709,"p(95)":30000.260361,"p(99)":30008.1184033},"type":"trend"},"http_req_duration":{"type":"trend","contains":"time","values":{"max":30122.884463,"p(90)":30000.102114,"p(95)":30000.248888,"p(99)":30008.31250195,"avg":27107.946938355522,"min":0,"med":29999.315594}},"http_reqs":{"type":"counter","contains":"default","values":{"count":25396,"rate":60.48987580474188}},"http_req_waiting":{"type":"trend","contains":"time","values":{"avg":27106.971678298156,"min":0,"med":29999.259051,"max":30122.774495,"p(90)":30000.0471335,"p(95)":30000.198333250002,"p(99)":30008.267784850002}},"quiz_detail_duration":{"type":"trend","contains":"time","values":{"avg":26782.187266969973,"min":0.753871,"med":29999.303461,"max":30053.779285,"p(90)":30000.0737008,"p(95)":30000.25693825,"p(99)":30008.50618149}},"errors":{"type":"rate","contains":"default","values":{"rate":1,"passes":20776,"fails":0}},"http_req_blocked":{"type":"trend","contains":"time","values":{"med":1.051164,"max":1075.836644,"p(90)":15.592159500000001,"p(95)":34.7566345,"p(99)":125.29033439999974,"avg":8.60933037753976,"min":0.002544}},"http_req_receiving":{"type":"trend","contains":"time","values":{"p(90)":0.164676,"p(95)":0.7732225,"p(99)":25.784081349999987,"avg":0.8975668136320674,"min":0,"med":0,"max":453.843273}},"checks":{"contains":"default","values":{"rate":0.18235840297121633,"passes":5892,"fails":26418},"type":"rate"}},"root_group":{"name":"","path":"","id":"d41d8cd98f00b204e9800998ecf8427e","groups":[],"checks":[{"name":"[start-attempt] status 201","path":"::[start-attempt] status 201","id":"f990128b664d9d14e0bb6193e32639b6","passes":441,"fails":2148},{"name":"[submit-assignment] status 201","path":"::[submit-assignment] status 201","id":"ecafa50a3856224eba5597445d73435f","passes":469,"fails":2091},{"id":"45076dc5505a2dec22a1285b97bafbe7","passes":1173,"fails":5238,"name":"[course-structure] status 200","path":"::[course-structure] status 200"},{"name":"[course-structure] has sections","path":"::[course-structure] has sections","id":"577857fc8e49dd358e9f4a98d4384892","passes":1173,"fails":5238},{"name":"[cf-prereq-locked] status 404","path":"::[cf-prereq-locked] status 404","id":"02fa3bab31e2635b75b34d82dfe5a24b","passes":144,"fails":539},{"name":"[material] status 200","path":"::[material] status 200","id":"63f4ad05017bb4331bea0b8e36102285","passes":507,"fails":2105},{"path":"::[quiz-attempt-result] status 200","id":"70625d2eb6b822427844d89e9447d306","passes":132,"fails":607,"name":"[quiz-attempt-result] status 200"},{"name":"[cf-non-enrolled] status 403","path":"::[cf-non-enrolled] status 403","id":"74e7493c763b9162227e2b80a7db0818","passes":182,"fails":905},{"path":"::[material-list] status 200","id":"0c8f8d2cbff40a8ee4a03aac96a829f5","passes":139,"fails":582,"name":"[material-list] status 200"},{"name":"[assignment-detail] status 200","path":"::[assignment-detail] status 200","id":"e710e6c64d866e8aa495eeee12857a96","passes":384,"fails":1685},{"id":"9186de991ebaa0ed414ff11baa5503d0","passes":464,"fails":2547,"name":"[gradebook] status 200","path":"::[gradebook] status 200"},{"name":"[quiz-detail] status 200","path":"::[quiz-detail] status 200","id":"917c623bb77fd0f4c30b55655ab512f2","passes":234,"fails":966},{"name":"[course-completion] status 200","path":"::[course-completion] status 200","id":"6021218ae7a89652ba95b72dd11a3df7","passes":99,"fails":404},{"path":"::[course-completion] has progress","id":"31c5713011250a32de1229068e09d491","passes":99,"fails":404,"name":"[course-completion] has progress"},{"id":"9f3f9ad7deda827f2720eebbc1dd73e8","passes":252,"fails":959,"name":"[user-grades] status 200","path":"::[user-grades] status 200"}]},"options":{"summaryTrendStats":["avg","min","med","max","p(90)","p(95)","p(99)"],"summaryTimeUnit":"","noColor":false}}