{"metrics":{"http_req_duration":{"values":{"p(99)":2826.5580707800004,"avg":1848.5118425312683,"min":21.088453,"med":1965.606451,"max":4594.024911,"p(90)":2389.1156486000004,"p(95)":2522.8978749999997},"thresholds":{"p(95)<2000":{"ok":false}},"type":"trend","contains":"time"},"http_req_blocked":{"type":"trend","contains":"time","values":{"avg":0.017237170973869897,"min":0.003129,"med":0.010351,"max":20.857152,"p(90)":0.015160400000000001,"p(95)":0.022324799999999975,"p(99)":0.1549433600000066}},"http_req_waiting":{"values":{"min":20.793359,"med":1965.405895,"max":4593.908752,"p(90)":2388.92789,"p(95)":2522.72768,"p(99)":2826.2579947200006,"avg":1848.2576427300532},"type":"trend","contains":"time"},"http_req_receiving":{"type":"trend","contains":"time","values":{"p(95)":0.43954459999999973,"p(99)":1.0393476000000021,"avg":0.20968791182479718,"min":0.025427,"med":0.136943,"max":35.508881,"p(90)":0.3130498}},"submit_assignment_duration":{"values":{"p(90)":2578.5935122,"p(95)":2702.9759856499995,"p(99)":2959.8510414799994,"avg":2008.8427470880008,"min":36.520456,"med":2138.836999,"max":3609.371422},"type":"trend","contains":"time"},"errors":{"thresholds":{"rate<0.10":{"ok":true}},"type":"rate","contains":"default","values":{"rate":0,"passes":0,"fails":0}},"materials_list_duration":{"type":"trend","contains":"time","values":{"p(90)":2290.9915459,"p(95)":2413.7344682,"p(99)":2699.70938761,"avg":1798.0109505638566,"min":23.302401,"med":1923.5723245,"max":3840.514004}},"gradebook_duration":{"type":"trend","contains":"time","values":{"p(99)":2584.88430212,"avg":1746.0802231450107,"min":21.088453,"med":1858.39954,"max":3609.853266,"p(90)":2236.0984494,"p(95)":2353.7377234}},"checks":{"type":"rate","contains":"default","values":{"rate":1,"passes":50227,"fails":0}},"iterations":{"type":"counter","contains":"default","values":{"count":27899,"rate":71.24843556871046}},"http_reqs":{"type":"counter","contains":"default","values":{"count":27899,"rate":71.24843556871046}},"data_sent":{"contains":"data","values":{"count":3641446,"rate":9299.520796728859},"type":"counter"},"http_req_tls_handshaking":{"type":"trend","contains":"time","values":{"med":0,"max":0,"p(90)":0,"p(95)":0,"p(99)":0,"avg":0,"min":0}},"vus":{"type":"gauge","contains":"default","values":{"min":2,"max":250,"value":2}},"vus_max":{"contains":"default","values":{"value":250,"min":250,"max":250},"type":"gauge"},"material_detail_duration":{"type":"trend","contains":"time","values":{"avg":1779.629678625855,"min":22.273851,"med":1899.693604,"max":3356.908249,"p(90)":2281.9252226,"p(95)":2402.6029127499996,"p(99)":2676.9307856899995}},"http_req_failed":{"thresholds":{"rate<0.10":{"ok":true}},"type":"rate","contains":"default","values":{"rate":0,"passes":0,"fails":27899}},"http_req_duration{expected_response:true}":{"type":"trend","contains":"time","values":{"p(95)":2522.8978749999997,"p(99)":2826.5580707800004,"avg":1848.5118425312683,"min":21.088453,"med":1965.606451,"max":4594.024911,"p(90)":2389.1156486000004}},"iteration_duration":{"type":"trend","contains":"time","values":{"min":551.615522,"med":3176.961321,"max":6591.002571,"p(90)":3937.8245779999997,"p(95)":4112.1346424,"p(99)":4426.8438037999995,"avg":3101.351393645856}},"http_req_connecting":{"type":"trend","contains":"time","values":{"avg":0.0030128381662425183,"min":0,"med":0,"max":5.087207,"p(90)":0,"p(95)":0,"p(99)":0}},"start_attempt_duration":{"type":"trend","contains":"time","values":{"p(99)":2790.1686614000005,"avg":1877.8217727341341,"min":32.23472,"med":2010.10486,"max":4155.902533,"p(90)":2408.628891,"p(95)":2527.112772}},"data_received":{"contains":"data","values":{"count":181946813,"rate":464655.57127361954},"type":"counter"},"http_req_sending":{"type":"trend","contains":"time","values":{"min":0.007298,"med":0.032231,"max":41.702095,"p(90)":0.0510798,"p(95)":0.0613711,"p(99)":0.1442063800000001,"avg":0.044511889386716325}},"quiz_detail_duration":{"type":"trend","contains":"time","values":{"p(90)":2467.292625,"p(95)":2602.0163,"p(99)":2914.4981411999993,"avg":1932.4112601512277,"min":25.086578,"med":2058.455727,"max":4594.024911}}},"root_group":{"name":"","path":"","id":"d41d8cd98f00b204e9800998ecf8427e","groups":[],"checks":[{"passes":5544,"fails":0,"name":"[materials-list] status 200","path":"::[materials-list] status 200","id":"463a16ce0b1d8abee844a574ea056361"},{"fails":0,"name":"[materials-list] success","path":"::[materials-list] success","id":"664e43a5933df86e3bab167b84d274ca","passes":5544},{"path":"::[gradebook] status 200","id":"9186de991ebaa0ed414ff11baa5503d0","passes":5503,"fails":0,"name":"[gradebook] status 200"},{"name":"[gradebook] success","path":"::[gradebook] success","id":"a15a69867e50cddaa06c049f7cde480d","passes":5503,"fails":0},{"path":"::[quiz-detail] status 200","id":"917c623bb77fd0f4c30b55655ab512f2","passes":7181,"fails":0,"name":"[quiz-detail] status 200"},{"name":"[quiz-detail] success","path":"::[quiz-detail] success","id":"6719d54de0da0cfb59497b1755be95e9","passes":7181,"fails":0},{"passes":2750,"fails":0,"name":"[submit-assignment] status 201 or 400","path":"::[submit-assignment] status 201 or 400","id":"c6b8e5b4b95e1cad4532c36b70154d08"},{"name":"[material-detail] status 200","path":"::[material-detail] status 200","id":"a12462dd78c876a1d31a53eadf87e378","passes":4100,"fails":0},{"id":"3632f96ad89cbc27cd995a000cbd8596","passes":4100,"fails":0,"name":"[material-detail] success","path":"::[material-detail] success"},{"name":"[start-attempt] status 201 or 400","path":"::[start-attempt] status 201 or 400","id":"33680026b6a14104cfefb4ee3b4b083d","passes":2821,"fails":0}]},"options":{"summaryTrendStats":["avg","min","med","max","p(90)","p(95)","p(99)"],"summaryTimeUnit":"","noColor":false},"state":{"isStdOutTTY":false,"isStdErrTTY":false,"testRunDurationMs":391573.510033}}