{"state":{"testRunDurationMs":391997.271915,"isStdOutTTY":false,"isStdErrTTY":false},"metrics":{"submit_assignment_duration":{"type":"trend","contains":"time","values":{"max":7585.036097,"p(90)":6649.3555001,"p(95)":6904.8740481,"p(99)":7294.912189279999,"avg":5287.207720528653,"min":28.212079,"med":5639.133165499999}},"material_list_duration":{"contains":"time","values":{"med":5714.910565,"max":7689.84284,"p(90)":6630.611635600001,"p(95)":6841.74246205,"p(99)":7176.93858496,"avg":5352.040050276239,"min":28.936104},"type":"trend"},"quiz_attempt_result_duration":{"type":"trend","contains":"time","values":{"med":5856.314913,"max":8071.327925,"p(90)":6868.8859721,"p(95)":7150.7746646,"p(99)":7484.44375635,"avg":5516.731924077241,"min":38.475429}},"vus":{"values":{"value":1,"min":1,"max":500},"type":"gauge","contains":"default"},"vus_max":{"type":"gauge","contains":"default","values":{"value":500,"min":500,"max":500}},"iteration_duration":{"type":"trend","contains":"time","values":{"max":16537.87757,"p(90)":9340.457154,"p(95)":11489.83414,"p(99)":13368.4185704,"avg":7038.958897753046,"min":534.768628,"med":7018.649248}},"gradebook_duration":{"type":"trend","contains":"time","values":{"avg":9515.636538488718,"min":148.406901,"med":9833.918757,"max":15258.223932,"p(90)":11885.3867692,"p(95)":12480.218381399998,"p(99)":13545.692508820004}},"assignment_detail_duration":{"type":"trend","contains":"time","values":{"med":5574.006958,"max":7295.988428,"p(90)":6553.827051,"p(95)":6795.568123999999,"p(99)":7084.147928799999,"avg":5218.96443117455,"min":18.451311}},"http_req_blocked":{"type":"trend","contains":"time","values":{"med":0.00674,"max":241.505622,"p(90)":0.008844,"p(95)":0.011096,"p(99)":1.2197782000000021,"avg":0.20548463368583167,"min":0.002093}},"course_structure_duration":{"values":{"avg":5379.2254688686135,"min":15.086227,"med":5750.2599125,"max":7886.625447,"p(90)":6793.7286061,"p(95)":7042.382980799999,"p(99)":7423.47467075},"type":"trend","contains":"time"},"data_received":{"type":"counter","contains":"data","values":{"count":2266807497,"rate":5782712.430436329}},"material_detail_duration":{"type":"trend","contains":"time","values":{"min":20.237758,"med":5528.243930000001,"max":7668.575787,"p(90)":6469.7592855,"p(95)":6756.48446625,"p(99)":7052.061022,"avg":5145.7807370332475}},"course_completion_duration":{"type":"trend","contains":"time","values":{"p(90)":6471.643236000001,"p(95)":6642.8404894,"p(99)":6895.14988404,"avg":5122.009019693252,"min":16.99938,"med":5510.115539,"max":7246.173206}},"errors":{"type":"rate","contains":"default","values":{"rate":1,"passes":553,"fails":0}},"http_req_duration":{"contains":"time","values":{"p(90)":8134.363024,"p(95)":10183.896678,"p(99)":12071.989741000001,"avg":5787.539341619494,"min":13.698264,"med":5741.448165,"max":15258.223932},"type":"trend"},"http_req_receiving":{"contains":"time","values":{"p(95)":32.508454,"p(99)":89.63613200000036,"avg":5.43006701580161,"min":0.012109,"med":0.22637,"max":616.299136,"p(90)":14.897071},"type":"trend"},"start_attempt_duration":{"type":"trend","contains":"time","values":{"p(99)":7196.485851320001,"avg":5311.105887759663,"min":20.557102,"med":5642.002311,"max":7614.38453,"p(90)":6624.375028200001,"p(95)":6894.746083}},"http_req_tls_handshaking":{"type":"trend","contains":"time","values":{"p(95)":0,"p(99)":0,"avg":0,"min":0,"med":0,"max":0,"p(90)":0}},"http_req_failed":{"type":"rate","contains":"default","values":{"fails":22383,"rate":0.09310805883067946,"passes":2298},"thresholds":{"rate<0.05":{"ok":false}}},"quiz_detail_duration":{"type":"trend","contains":"time","values":{"p(95)":6997.5298851,"p(99)":7295.980161459999,"avg":5370.406967863596,"min":37.859289,"med":5721.048274,"max":7670.68044,"p(90)":6758.6547968}},"http_req_duration{expected_response:true}":{"type":"trend","contains":"time","values":{"p(90)":8663.2028574,"p(95)":10375.556538199995,"p(99)":12132.5636638,"avg":5852.453670842869,"min":13.698264,"med":5773.677,"max":15258.223932}},"http_req_sending":{"values":{"p(90)":0.037777,"p(95)":0.045762,"p(99)":0.117204,"avg":0.030900975244115156,"min":0.004948,"med":0.02574,"max":16.878034},"type":"trend","contains":"time"},"http_req_connecting":{"type":"trend","contains":"time","values":{"min":0,"med":0,"max":241.434171,"p(90)":0,"p(95)":0,"p(99)":1.1284924000000012,"avg":0.19579656991207822}},"user_grades_duration":{"type":"trend","contains":"time","values":{"med":5430.871164,"max":7180.732236,"p(90)":6382.845889,"p(95)":6614.5643113999995,"p(99)":6924.212322239995,"avg":5067.795990851385,"min":13.698264}},"checks":{"type":"rate","contains":"default","values":{"rate":0.9823818019625334,"passes":30835,"fails":553}},"http_reqs":{"contains":"default","values":{"count":24681,"rate":62.96217287285557},"type":"counter"},"data_sent":{"type":"counter","contains":"data","values":{"rate":10153.458417085729,"count":3980128}},"iterations":{"type":"counter","contains":"default","values":{"count":24681,"rate":62.96217287285557}},"http_req_waiting":{"type":"trend","contains":"time","values":{"max":15238.034987,"p(90)":8104.062445,"p(95)":10159.138866,"p(99)":12032.124623600002,"avg":5782.078373628441,"min":13.515931,"med":5740.612815}}},"root_group":{"checks":[{"name":"[course-structure] status 200","path":"::[course-structure] status 200","id":"45076dc5505a2dec22a1285b97bafbe7","passes":6218,"fails":0},{"name":"[course-structure] has sections","path":"::[course-structure] has sections","id":"577857fc8e49dd358e9f4a98d4384892","passes":6218,"fails":0},{"name":"[material-list] status 200","path":"::[material-list] status 200","id":"0c8f8d2cbff40a8ee4a03aac96a829f5","passes":724,"fails":0},{"name":"[material] status 200","path":"::[material] status 200","id":"63f4ad05017bb4331bea0b8e36102285","passes":2376,"fails":0},{"name":"[gradebook] status 200","path":"::[gradebook] status 200","id":"9186de991ebaa0ed414ff11baa5503d0","passes":2967,"fails":0},{"name":"[assignment-detail] status 200","path":"::[assignment-detail] status 200","id":"e710e6c64d866e8aa495eeee12857a96","passes":1971,"fails":0},{"passes":489,"fails":0,"name":"[course-completion] status 200","path":"::[course-completion] status 200","id":"6021218ae7a89652ba95b72dd11a3df7"},{"passes":489,"fails":0,"name":"[course-completion] has progress","path":"::[course-completion] has progress","id":"31c5713011250a32de1229068e09d491"},{"path":"::[submit-assignment] status 201","id":"ecafa50a3856224eba5597445d73435f","passes":2285,"fails":123,"name":"[submit-assignment] status 201"},{"fails":0,"name":"[quiz-detail] status 200","path":"::[quiz-detail] status 200","id":"917c623bb77fd0f4c30b55655ab512f2","passes":1195},{"path":"::[user-grades] status 200","id":"9f3f9ad7deda827f2720eebbc1dd73e8","passes":1265,"fails":0,"name":"[user-grades] status 200"},{"name":"[cf-non-enrolled] status 403","path":"::[cf-non-enrolled] status 403","id":"74e7493c763b9162227e2b80a7db0818","passes":1076,"fails":0},{"id":"f990128b664d9d14e0bb6193e32639b6","passes":2144,"fails":419,"name":"[start-attempt] status 201","path":"::[start-attempt] status 201"},{"id":"02fa3bab31e2635b75b34d82dfe5a24b","passes":680,"fails":11,"name":"[cf-prereq-locked] status 404","path":"::[cf-prereq-locked] status 404"},{"fails":0,"name":"[quiz-attempt-result] status 200","path":"::[quiz-attempt-result] status 200","id":"70625d2eb6b822427844d89e9447d306","passes":738}],"name":"","path":"","id":"d41d8cd98f00b204e9800998ecf8427e","groups":[]},"options":{"summaryTrendStats":["avg","min","med","max","p(90)","p(95)","p(99)"],"summaryTimeUnit":"","noColor":false}}