{"metrics":{"quiz_attempt_result_duration":{"contains":"time","values":{"min":40.085507,"med":11396.563914,"max":12770.353921,"p(90)":12113.7326254,"p(95)":12256.6544196,"p(99)":12462.221565090002,"avg":10128.4503539586},"type":"trend"},"http_req_sending":{"type":"trend","contains":"time","values":{"p(90)":0.0391,"p(95)":0.05485859999999998,"p(99)":0.12413767999999926,"avg":0.03230319091197365,"min":0.005017,"med":0.02615,"max":25.133714}},"submit_assignment_duration":{"contains":"time","values":{"p(90)":11819.579522799999,"p(95)":11988.0563112,"p(99)":12233.017886520001,"avg":10066.796763120785,"min":38.649823,"med":11151.222952,"max":12445.714674},"type":"trend"},"data_received":{"type":"counter","contains":"data","values":{"count":2063565651,"rate":5271979.45991787}},"vus_max":{"type":"gauge","contains":"default","values":{"value":750,"min":750,"max":750}},"http_req_duration":{"type":"trend","contains":"time","values":{"p(90)":13671.743720999988,"p(95)":16064.172200799998,"p(99)":17912.394775519995,"avg":10624.823579135596,"min":15.7113,"med":11211.62856,"max":21857.066388}},"material_list_duration":{"contains":"time","values":{"p(90)":11884.628555899999,"p(95)":12043.27384815,"p(99)":12297.75704395,"avg":10352.111478721748,"min":49.814963,"med":11205.4529965,"max":14441.950058},"type":"trend"},"http_req_waiting":{"type":"trend","contains":"time","values":{"med":11210.780106,"max":21839.328262,"p(90)":13637.519226399994,"p(95)":16014.642849599999,"p(99)":17848.52451604,"avg":10618.455096008409,"min":15.506385}},"errors":{"type":"rate","contains":"default","values":{"rate":1,"passes":420,"fails":0}},"iterations":{"type":"counter","contains":"default","values":{"count":22073,"rate":56.39190716436632}},"http_req_blocked":{"type":"trend","contains":"time","values":{"avg":0.32623806251982146,"min":0.002203,"med":0.00683,"max":1015.515913,"p(90)":0.009234,"p(95)":0.015565999999999934,"p(99)":1.688044239999998}},"course_structure_duration":{"type":"trend","contains":"time","values":{"max":12727.402177,"p(90)":11997.7190156,"p(95)":12139.31907485,"p(99)":12398.593926059999,"avg":10134.518156649216,"min":36.951542,"med":11265.2272345}},"iteration_duration":{"type":"trend","contains":"time","values":{"avg":11875.700930685174,"min":530.036184,"med":12434.930484,"max":23007.793967,"p(90)":14942.717450399996,"p(95)":17284.784126799997,"p(99)":19260.813159879996}},"gradebook_duration":{"type":"trend","contains":"time","values":{"avg":14823.751745693997,"min":254.348035,"med":15634.127942,"max":21857.066388,"p(90)":17768.061557,"p(95)":18254.529414200002,"p(99)":19106.45785466}},"http_req_failed":{"contains":"default","values":{"rate":0.08875096271462873,"passes":1959,"fails":20114},"thresholds":{"rate<0.05":{"ok":false}},"type":"rate"},"http_req_connecting":{"type":"trend","contains":"time","values":{"med":0,"max":1015.417892,"p(90)":0,"p(95)":0,"p(99)":1.5999149999999929,"avg":0.31599437602500835,"min":0}},"quiz_detail_duration":{"type":"trend","contains":"time","values":{"p(90)":11975.3119892,"p(95)":12108.416469,"p(99)":12352.53083062,"avg":10097.446710643932,"min":45.563847,"med":11270.637181,"max":12691.972287}},"checks":{"type":"rate","contains":"default","values":{"passes":27604,"fails":420,"rate":0.985012846131887}},"material_detail_duration":{"type":"trend","contains":"time","values":{"med":11013.452416,"max":13336.58287,"p(90)":11677.399191800001,"p(95)":11821.495973000001,"p(99)":12093.02089546,"avg":9891.513861970028,"min":22.546601}},"http_req_duration{expected_response:true}":{"type":"trend","contains":"time","values":{"p(99)":17980.617680839998,"avg":10678.404118430026,"min":15.7113,"med":11242.459749,"max":21857.066388,"p(90)":14497.043075,"p(95)":16220.071842999998}},"http_req_tls_handshaking":{"contains":"time","values":{"min":0,"med":0,"max":0,"p(90)":0,"p(95)":0,"p(99)":0,"avg":0},"type":"trend"},"start_attempt_duration":{"type":"trend","contains":"time","values":{"avg":10103.686073420271,"min":37.19741,"med":11135.3585365,"max":13414.937917,"p(90)":11823.7267311,"p(95)":11960.21694615,"p(99)":12217.809041940001}},"assignment_detail_duration":{"type":"trend","contains":"time","values":{"max":12323.96554,"p(90)":11703.6385779,"p(95)":11837.19926385,"p(99)":12073.35900513,"avg":9871.640771001703,"min":30.539702,"med":11006.049791}},"course_completion_duration":{"type":"trend","contains":"time","values":{"p(99)":11973.67813416,"avg":9789.245326303035,"min":30.70662,"med":10898.208562,"max":12138.017724,"p(90)":11608.3148916,"p(95)":11786.628168199999}},"vus":{"type":"gauge","contains":"default","values":{"value":6,"min":6,"max":750}},"http_req_receiving":{"values":{"avg":6.33617993630227,"min":0.013641,"med":0.227991,"max":1671.770295,"p(90)":16.868664199999998,"p(95)":35.42934079999994,"p(99)":99.75467991999996},"type":"trend","contains":"time"},"user_grades_duration":{"contains":"time","values":{"p(95)":11644.3958772,"p(99)":11880.37960056,"avg":9876.716580834993,"min":15.7113,"med":10895.241583,"max":12089.954863,"p(90)":11537.5255912},"type":"trend"},"data_sent":{"contains":"data","values":{"count":3558744,"rate":9091.848016569822},"type":"counter"},"http_reqs":{"type":"counter","contains":"default","values":{"count":22073,"rate":56.39190716436632}}},"root_group":{"name":"","path":"","id":"d41d8cd98f00b204e9800998ecf8427e","groups":[],"checks":[{"name":"[material] status 200","path":"::[material] status 200","id":"63f4ad05017bb4331bea0b8e36102285","passes":2135,"fails":0},{"id":"f990128b664d9d14e0bb6193e32639b6","passes":1920,"fails":312,"name":"[start-attempt] status 201","path":"::[start-attempt] status 201"},{"path":"::[assignment-detail] status 200","id":"e710e6c64d866e8aa495eeee12857a96","passes":1752,"fails":0,"name":"[assignment-detail] status 200"},{"name":"[course-structure] status 200","path":"::[course-structure] status 200","id":"45076dc5505a2dec22a1285b97bafbe7","passes":5522,"fails":0},{"name":"[course-structure] has sections","path":"::[course-structure] has sections","id":"577857fc8e49dd358e9f4a98d4384892","passes":5522,"fails":0},{"name":"[cf-non-enrolled] status 403","path":"::[cf-non-enrolled] status 403","id":"74e7493c763b9162227e2b80a7db0818","passes":902,"fails":0},{"id":"9f3f9ad7deda827f2720eebbc1dd73e8","passes":1097,"fails":0,"name":"[user-grades] status 200","path":"::[user-grades] status 200"},{"id":"9186de991ebaa0ed414ff11baa5503d0","passes":2719,"fails":0,"name":"[gradebook] status 200","path":"::[gradebook] status 200"},{"name":"[quiz-attempt-result] status 200","path":"::[quiz-attempt-result] status 200","id":"70625d2eb6b822427844d89e9447d306","passes":652,"fails":0},{"passes":639,"fails":2,"name":"[cf-prereq-locked] status 404","path":"::[cf-prereq-locked] status 404","id":"02fa3bab31e2635b75b34d82dfe5a24b"},{"name":"[course-completion] status 200","path":"::[course-completion] status 200","id":"6021218ae7a89652ba95b72dd11a3df7","passes":429,"fails":0},{"path":"::[course-completion] has progress","id":"31c5713011250a32de1229068e09d491","passes":429,"fails":0,"name":"[course-completion] has progress"},{"name":"[submit-assignment] status 201","path":"::[submit-assignment] status 201","id":"ecafa50a3856224eba5597445d73435f","passes":2063,"fails":106},{"id":"917c623bb77fd0f4c30b55655ab512f2","passes":1115,"fails":0,"name":"[quiz-detail] status 200","path":"::[quiz-detail] status 200"},{"passes":708,"fails":0,"name":"[material-list] status 200","path":"::[material-list] status 200","id":"0c8f8d2cbff40a8ee4a03aac96a829f5"}]},"options":{"summaryTrendStats":["avg","min","med","max","p(90)","p(95)","p(99)"],"summaryTimeUnit":"","noColor":false},"state":{"isStdOutTTY":false,"isStdErrTTY":false,"testRunDurationMs":391421.413283}}