{"state":{"isStdOutTTY":false,"isStdErrTTY":false,"testRunDurationMs":400666.187618},"metrics":{"course_completion_duration":{"values":{"avg":20384.169810269785,"min":78.766092,"med":22576.963628,"max":25775.110508,"p(90)":24288.2696102,"p(95)":24790.1546717,"p(99)":25273.99233578},"type":"trend","contains":"time"},"http_req_blocked":{"type":"trend","contains":"time","values":{"min":0.002494,"med":0.007411,"max":1060.165685,"p(90)":0.01294380000000006,"p(95)":1.1557069999999994,"p(99)":15.38342177999993,"avg":1.1916529278571553}},"checks":{"type":"rate","contains":"default","values":{"rate":0.9760524659666788,"passes":29468,"fails":723}},"material_detail_duration":{"type":"trend","contains":"time","values":{"avg":20692.88227494375,"min":28.440313,"med":22705.862969499998,"max":25903.865069,"p(90)":24373.743413800003,"p(95)":24757.549668649997,"p(99)":25410.62517563}},"http_req_duration":{"values":{"avg":21197.659153458444,"min":19.216809,"med":22965.010106499998,"max":30017.210823,"p(90)":25527.636659400003,"p(95)":27694.6029374,"p(99)":29945.779640729994},"type":"trend","contains":"time"},"http_reqs":{"type":"counter","contains":"default","values":{"count":23800,"rate":59.40106935774478}},"http_req_receiving":{"values":{"p(99)":104.46640850999991,"avg":6.6537775070168435,"min":0,"med":0.3190815,"max":2168.660744,"p(90)":17.366699400000005,"p(95)":37.2919333499999},"type":"trend","contains":"time"},"errors":{"values":{"rate":1,"passes":723,"fails":0},"type":"rate","contains":"default"},"vus":{"type":"gauge","contains":"default","values":{"max":1500,"value":2,"min":2}},"quiz_attempt_result_duration":{"contains":"time","values":{"p(90)":24697.584494,"p(95)":25121.05858,"p(99)":25773.15751918,"avg":20743.956572075404,"min":51.537588,"med":23040.813058,"max":26191.102258},"type":"trend"},"http_req_waiting":{"type":"trend","contains":"time","values":{"min":18.953519,"med":22963.026087,"max":30017.193706,"p(90)":25518.5930762,"p(95)":27656.9632199,"p(99)":29895.433254369993,"avg":21190.97013267315}},"user_grades_duration":{"type":"trend","contains":"time","values":{"min":87.185069,"med":22956.519013,"max":26452.22486,"p(90)":24675.026777799998,"p(95)":25108.052737399998,"p(99)":25799.997597039997,"avg":20739.83189511746}},"gradebook_duration":{"type":"trend","contains":"time","values":{"avg":25099.075959502385,"min":291.816625,"med":27223.470494499998,"max":30017.210823,"p(90)":29735.9131503,"p(95)":30000.46471455,"p(99)":30001.13282091}},"quiz_detail_duration":{"type":"trend","contains":"time","values":{"p(99)":25669.641455519995,"avg":20799.296109478528,"min":41.342394,"med":22893.581287,"max":26456.4493,"p(90)":24561.8887394,"p(95)":25016.205653599995}},"start_attempt_duration":{"type":"trend","contains":"time","values":{"max":25879.782776,"p(90)":24465.1071645,"p(95)":24834.6774816,"p(99)":25488.21531113,"avg":20534.243052489874,"min":40.062963,"med":22763.0209535}},"http_req_failed":{"type":"rate","contains":"default","values":{"fails":21412,"rate":0.1003361344537815,"passes":2388},"thresholds":{"rate<0.05":{"ok":false}}},"vus_max":{"contains":"default","values":{"value":1500,"min":1500,"max":1500},"type":"gauge"},"iterations":{"type":"counter","contains":"default","values":{"count":23798,"rate":59.39607767124413}},"assignment_detail_duration":{"type":"trend","contains":"time","values":{"max":26177.059651,"p(90)":24414.953149499997,"p(95)":24820.740072,"p(99)":25473.2455754,"avg":20651.324425533236,"min":28.0382,"med":22765.1587735}},"http_req_tls_handshaking":{"contains":"time","values":{"max":0,"p(90)":0,"p(95)":0,"p(99)":0,"avg":0,"min":0,"med":0},"type":"trend"},"material_list_duration":{"type":"trend","contains":"time","values":{"avg":20536.106035822315,"min":30.549188,"med":22840.58018,"max":26058.690442,"p(90)":24519.46069,"p(95)":24850.1661345,"p(99)":25550.8690497}},"http_req_sending":{"type":"trend","contains":"time","values":{"avg":0.035243278361344416,"min":0.005128,"med":0.027982,"max":16.446084,"p(90)":0.048786000000000045,"p(95)":0.08415349999999994,"p(99)":0.15747089999999986}},"data_sent":{"type":"counter","contains":"data","values":{"count":3843149,"rate":9591.897491644853}},"course_structure_duration":{"type":"trend","contains":"time","values":{"avg":20798.176484559186,"min":40.431585,"med":22936.693620500002,"max":26462.950101,"p(90)":24620.7715535,"p(95)":25000.33155245,"p(99)":25723.000955789998}},"http_req_connecting":{"type":"trend","contains":"time","values":{"p(99)":15.282308239999963,"avg":1.1773931327731086,"min":0,"med":0,"max":1059.982046,"p(90)":0,"p(95)":1.0713604999999997}},"submit_assignment_duration":{"type":"trend","contains":"time","values":{"min":36.376321,"med":22815.991659,"max":26139.365102,"p(90)":24452.791097,"p(95)":24765.601532049997,"p(99)":25509.842339130002,"avg":20492.017597282942}},"data_received":{"values":{"count":2085793783,"rate":5205814.334871255},"type":"counter","contains":"data"},"iteration_duration":{"type":"trend","contains":"time","values":{"max":31990.567802,"p(90)":26896.106828199998,"p(95)":28975.17764535,"p(99)":30973.30892892999,"avg":22449.171532160995,"min":556.011435,"med":24231.3369455}},"http_req_duration{expected_response:true}":{"contains":"time","values":{"min":28.0382,"med":22987.1527625,"max":29996.683315,"p(90)":25529.6027244,"p(95)":27518.46081625,"p(99)":29244.12509252,"avg":21142.639213607847},"type":"trend"}},"root_group":{"checks":[{"name":"[material] status 200","path":"::[material] status 200","id":"63f4ad05017bb4331bea0b8e36102285","passes":2364,"fails":0},{"path":"::[course-structure] status 200","id":"45076dc5505a2dec22a1285b97bafbe7","passes":5924,"fails":0,"name":"[course-structure] status 200"},{"name":"[course-structure] has sections","path":"::[course-structure] has sections","id":"577857fc8e49dd358e9f4a98d4384892","passes":5924,"fails":0},{"passes":679,"fails":0,"name":"[cf-prereq-locked] status 404","path":"::[cf-prereq-locked] status 404","id":"02fa3bab31e2635b75b34d82dfe5a24b"},{"passes":703,"fails":0,"name":"[quiz-attempt-result] status 200","path":"::[quiz-attempt-result] status 200","id":"70625d2eb6b822427844d89e9447d306"},{"name":"[gradebook] status 200","path":"::[gradebook] status 200","id":"9186de991ebaa0ed414ff11baa5503d0","passes":2693,"fails":227},{"id":"ecafa50a3856224eba5597445d73435f","passes":2296,"fails":146,"name":"[submit-assignment] status 201","path":"::[submit-assignment] status 201"},{"name":"[cf-non-enrolled] status 403","path":"::[cf-non-enrolled] status 403","id":"74e7493c763b9162227e2b80a7db0818","passes":986,"fails":0},{"passes":1934,"fails":350,"name":"[start-attempt] status 201","path":"::[start-attempt] status 201","id":"f990128b664d9d14e0bb6193e32639b6"},{"name":"[material-list] status 200","path":"::[material-list] status 200","id":"0c8f8d2cbff40a8ee4a03aac96a829f5","passes":771,"fails":0},{"name":"[quiz-detail] status 200","path":"::[quiz-detail] status 200","id":"917c623bb77fd0f4c30b55655ab512f2","passes":1189,"fails":0},{"path":"::[assignment-detail] status 200","id":"e710e6c64d866e8aa495eeee12857a96","passes":1896,"fails":0,"name":"[assignment-detail] status 200"},{"id":"9f3f9ad7deda827f2720eebbc1dd73e8","passes":1175,"fails":0,"name":"[user-grades] status 200","path":"::[user-grades] status 200"},{"path":"::[course-completion] status 200","id":"6021218ae7a89652ba95b72dd11a3df7","passes":467,"fails":0,"name":"[course-completion] status 200"},{"name":"[course-completion] has progress","path":"::[course-completion] has progress","id":"31c5713011250a32de1229068e09d491","passes":467,"fails":0}],"name":"","path":"","id":"d41d8cd98f00b204e9800998ecf8427e","groups":[]},"options":{"summaryTrendStats":["avg","min","med","max","p(90)","p(95)","p(99)"],"summaryTimeUnit":"","noColor":false}}