{"state":{"isStdOutTTY":false,"isStdErrTTY":false,"testRunDurationMs":394911.535063},"metrics":{"http_req_duration":{"thresholds":{"p(95)<2000":{"ok":false}},"type":"trend","contains":"time","values":{"max":23694.532621,"p(90)":20317.9986222,"p(95)":21008.6688224,"p(99)":21983.68237844,"avg":17466.37229276973,"min":0,"med":18895.518073}},"http_req_connecting":{"values":{"max":97.79143,"p(90)":0.2746842000000001,"p(95)":0.35899069999999966,"p(99)":1.3539814599999966,"avg":0.22028021688665525,"min":0,"med":0.184684},"type":"trend","contains":"time"},"submit_assignment_duration":{"type":"trend","contains":"time","values":{"p(95)":21145.878178249997,"p(99)":22133.00501464,"avg":17653.89900465171,"min":0.700923,"med":19076.5924625,"max":22690.55509,"p(90)":20448.6525388}},"data_sent":{"type":"counter","contains":"data","values":{"count":3693391,"rate":9352.451554525485}},"quiz_detail_duration":{"type":"trend","contains":"time","values":{"p(90)":20435.772524,"p(95)":21136.475348,"p(99)":22097.5697068,"avg":17513.241671873784,"min":0.21027,"med":18971.926164,"max":23573.620054}},"http_req_failed":{"type":"rate","contains":"default","values":{"rate":0.0023001521639123817,"passes":65,"fails":28194},"thresholds":{"rate<0.10":{"ok":true}}},"http_req_waiting":{"values":{"avg":17466.0262512739,"min":0,"med":18895.242118,"max":23694.29774,"p(90)":20317.787469,"p(95)":21008.4080193,"p(99)":21982.87571722},"type":"trend","contains":"time"},"material_detail_duration":{"type":"trend","contains":"time","values":{"avg":17299.83859558973,"min":0,"med":18795.838851,"max":22234.746438,"p(90)":20211.747805,"p(95)":20778.4456182,"p(99)":21778.80419684}},"iterations":{"type":"counter","contains":"default","values":{"count":28259,"rate":71.55779836993584}},"errors":{"type":"rate","contains":"default","values":{"rate":1,"passes":65,"fails":0},"thresholds":{"rate<0.10":{"ok":false}}},"http_req_duration{expected_response:true}":{"type":"trend","contains":"time","values":{"min":25.794278,"med":18897.7137145,"max":23694.532621,"p(90)":20319.3981606,"p(95)":21010.069537249998,"p(99)":21984.01171767,"avg":17506.468058984494}},"materials_list_duration":{"type":"trend","contains":"time","values":{"avg":17514.178952189013,"min":0.19537,"med":18871.686673,"max":22754.347656,"p(90)":20292.9795266,"p(95)":21049.9425944,"p(99)":21918.89174856}},"iteration_duration":{"values":{"p(90)":21675.9910224,"p(95)":22323.7323965,"p(99)":23392.517028479997,"avg":18720.887075586794,"min":558.908112,"med":20150.29586,"max":25064.554318},"type":"trend","contains":"time"},"http_req_receiving":{"contains":"time","values":{"max":537.016278,"p(90)":0.3064062,"p(95)":0.44370669999999995,"p(99)":1.0832703999999953,"avg":0.24335847255741394,"min":0,"med":0.14341},"type":"trend"},"checks":{"values":{"rate":0.9977177933422523,"passes":50712,"fails":116},"type":"rate","contains":"default"},"start_attempt_duration":{"type":"trend","contains":"time","values":{"p(90)":20309.838553600002,"p(95)":20942.961824800004,"p(99)":21967.16422897,"avg":17481.71389975211,"min":0.811855,"med":18944.4505325,"max":23391.132192}},"data_received":{"type":"counter","contains":"data","values":{"count":183263728,"rate":464062.73741982254}},"vus":{"type":"gauge","contains":"default","values":{"min":0,"max":1500,"value":47}},"http_reqs":{"type":"counter","contains":"default","values":{"rate":71.55779836993584,"count":28259}},"http_req_sending":{"type":"trend","contains":"time","values":{"avg":0.10268302339077728,"min":0,"med":0.059418,"max":302.816659,"p(90)":0.099041,"p(95)":0.11914769999999998,"p(99)":0.23818517999999986}},"vus_max":{"type":"gauge","contains":"default","values":{"value":1500,"min":1406,"max":1500}},"http_req_blocked":{"type":"trend","contains":"time","values":{"min":0.003353,"med":0.26028,"max":97.849338,"p(90)":0.38905340000000005,"p(95)":0.4929809999999998,"p(99)":1.5247674199999954,"avg":0.2972403587175765}},"http_req_tls_handshaking":{"type":"trend","contains":"time","values":{"p(90)":0,"p(95)":0,"p(99)":0,"avg":0,"min":0,"med":0,"max":0}},"gradebook_duration":{"type":"trend","contains":"time","values":{"min":0,"med":18795.159348,"max":23694.532621,"p(90)":20199.358820999998,"p(95)":20875.959483699993,"p(99)":21838.206088150004,"avg":17382.757734351373}}},"root_group":{"groups":[],"checks":[{"name":"[gradebook] status 200","path":"::[gradebook] status 200","id":"9186de991ebaa0ed414ff11baa5503d0","passes":5589,"fails":15},{"name":"[gradebook] success","path":"::[gradebook] success","id":"a15a69867e50cddaa06c049f7cde480d","passes":5589,"fails":15},{"id":"917c623bb77fd0f4c30b55655ab512f2","passes":7049,"fails":12,"name":"[quiz-detail] status 200","path":"::[quiz-detail] status 200"},{"passes":7049,"fails":12,"name":"[quiz-detail] success","path":"::[quiz-detail] success","id":"6719d54de0da0cfb59497b1755be95e9"},{"name":"[start-attempt] status 201 or 400","path":"::[start-attempt] status 201 or 400","id":"33680026b6a14104cfefb4ee3b4b083d","passes":2900,"fails":8},{"path":"::[submit-assignment] status 201 or 400","id":"c6b8e5b4b95e1cad4532c36b70154d08","passes":2776,"fails":6,"name":"[submit-assignment] status 201 or 400"},{"passes":5680,"fails":15,"name":"[materials-list] status 200","path":"::[materials-list] status 200","id":"463a16ce0b1d8abee844a574ea056361"},{"passes":5680,"fails":15,"name":"[materials-list] success","path":"::[materials-list] success","id":"664e43a5933df86e3bab167b84d274ca"},{"name":"[material-detail] status 200","path":"::[material-detail] status 200","id":"a12462dd78c876a1d31a53eadf87e378","passes":4200,"fails":9},{"name":"[material-detail] success","path":"::[material-detail] success","id":"3632f96ad89cbc27cd995a000cbd8596","passes":4200,"fails":9}],"name":"","path":"","id":"d41d8cd98f00b204e9800998ecf8427e"},"options":{"summaryTrendStats":["avg","min","med","max","p(90)","p(95)","p(99)"],"summaryTimeUnit":"","noColor":false}}