{"state":{"isStdOutTTY":false,"isStdErrTTY":false,"testRunDurationMs":419674.733678},"metrics":{"http_req_failed":{"type":"rate","contains":"default","values":{"fails":4095,"rate":0.8383084577114428,"passes":21231},"thresholds":{"rate<0.05":{"ok":false}}},"errors":{"type":"rate","contains":"default","values":{"rate":1,"passes":20876,"fails":0}},"http_req_duration":{"values":{"med":29999.1054555,"max":30300.242952,"p(90)":30000.0272305,"p(95)":30000.23109,"p(99)":30007.474966,"avg":27186.938764332834,"min":0},"type":"trend","contains":"time"},"vus_max":{"type":"gauge","contains":"default","values":{"min":2000,"max":2000,"value":2000}},"user_grades_duration":{"type":"trend","contains":"time","values":{"p(99)":30013.628351879997,"avg":27195.80430032718,"min":0.807972,"med":29999.041635,"max":30241.423812,"p(90)":29999.997598,"p(95)":30000.2233176}},"http_req_waiting":{"values":{"avg":27185.752313975063,"min":0,"med":29999.0376895,"max":30300.148659,"p(90)":29999.968225999997,"p(95)":30000.179413,"p(99)":30007.40153625},"type":"trend","contains":"time"},"http_req_duration{expected_response:true}":{"type":"trend","contains":"time","values":{"avg":14997.184633963607,"min":28.860894,"med":15172.747588,"max":29961.731451,"p(90)":27480.9984482,"p(95)":28506.7433092,"p(99)":29601.92905518}},"data_received":{"type":"counter","contains":"data","values":{"count":336211129,"rate":801123.1127818184}},"submit_assignment_duration":{"type":"trend","contains":"time","values":{"p(99)":30009.8607669,"avg":26926.41884539873,"min":0.825999,"med":29999.083745,"max":30226.548613,"p(90)":30000.0196712,"p(95)":30000.24538945}},"quiz_detail_duration":{"type":"trend","contains":"time","values":{"p(99)":30011.345804,"avg":27162.469416185104,"min":0.12465,"med":29999.122669,"max":30211.195789,"p(90)":30000.0091114,"p(95)":30000.258825200002}},"vus":{"type":"gauge","contains":"default","values":{"value":2,"min":2,"max":2000}},"http_req_sending":{"type":"trend","contains":"time","values":{"p(99)":0.22748125000000002,"avg":0.07818471436468474,"min":0,"med":0.056556,"max":90.158552,"p(90)":0.097193,"p(95)":0.12012049999999999}},"course_completion_duration":{"type":"trend","contains":"time","values":{"avg":27172.72462553124,"min":0.85213,"med":29999.018828,"max":30054.463778,"p(90)":29999.9761498,"p(95)":30000.11008675,"p(99)":30009.99701844}},"iterations":{"type":"counter","contains":"default","values":{"count":25253,"rate":60.17279091043789}},"http_req_receiving":{"type":"trend","contains":"time","values":{"p(90)":0.181617,"p(95)":0.930724,"p(99)":30.545232,"avg":1.1082656433704505,"min":0,"med":0,"max":1241.068763}},"material_detail_duration":{"values":{"p(90)":30000.0270763,"p(95)":30000.21433215,"p(99)":30001.6852897,"avg":26952.493872894443,"min":0.697554,"med":29999.1356355,"max":30060.812193},"type":"trend","contains":"time"},"http_reqs":{"type":"counter","contains":"default","values":{"count":25326,"rate":60.34673514425019}},"gradebook_duration":{"type":"trend","contains":"time","values":{"avg":28136.109201333056,"min":0,"med":29999.140949,"max":30300.242952,"p(90)":30000.0654021,"p(95)":30000.30679845,"p(99)":30010.40750481}},"http_req_tls_handshaking":{"type":"trend","contains":"time","values":{"p(90)":0,"p(95)":0,"p(99)":0,"avg":0,"min":0,"med":0,"max":0}},"course_structure_duration":{"type":"trend","contains":"time","values":{"avg":27195.470347941664,"min":0.641008,"med":29999.120287,"max":30228.726394,"p(90)":30000.0311078,"p(95)":30000.2374356,"p(99)":30007.54840628}},"assignment_detail_duration":{"type":"trend","contains":"time","values":{"p(95)":30000.226922399997,"p(99)":30011.95724164,"avg":26930.610775864094,"min":0.778337,"med":29999.130014,"max":30250.401063,"p(90)":30000.036751800002}},"start_attempt_duration":{"values":{"p(99)":30005.49536008,"avg":26962.276550428534,"min":0.764767,"med":29999.072001,"max":30186.568426,"p(90)":29999.9900048,"p(95)":30000.1927636},"type":"trend","contains":"time"},"iteration_duration":{"type":"trend","contains":"time","values":{"p(99)":31984.44240168,"avg":28441.745124092755,"min":541.150452,"med":31085.743912,"max":32259.355226,"p(90)":31821.2296384,"p(95)":31910.7827738}},"checks":{"type":"rate","contains":"default","values":{"passes":5645,"fails":26526,"rate":0.17546858972366416}},"quiz_attempt_result_duration":{"type":"trend","contains":"time","values":{"max":30143.290383,"p(90)":30000.000237700002,"p(95)":30000.16274185,"p(99)":30011.41736904,"avg":27394.180866986248,"min":1.381326,"med":29999.1204335}},"http_req_connecting":{"type":"trend","contains":"time","values":{"p(90)":17.917713,"p(95)":38.810262,"p(99)":158.73500925,"avg":11.092875301271464,"min":0,"med":1.144896,"max":1557.162488}},"data_sent":{"contains":"data","values":{"count":4087806,"rate":9740.414830730348},"type":"counter"},"material_list_duration":{"type":"trend","contains":"time","values":{"avg":27238.853841318854,"min":0.81939,"med":29999.080803999997,"max":30033.28827,"p(90)":30000.0840575,"p(95)":30000.249232749997,"p(99)":30008.91391591}},"http_req_blocked":{"type":"trend","contains":"time","values":{"min":0.002434,"med":1.2133215,"max":1557.223801,"p(90)":18.011678,"p(95)":38.886464,"p(99)":158.7930575,"avg":11.156833087735944}}},"root_group":{"id":"d41d8cd98f00b204e9800998ecf8427e","groups":[],"checks":[{"passes":220,"fails":866,"name":"[cf-non-enrolled] status 403","path":"::[cf-non-enrolled] status 403","id":"74e7493c763b9162227e2b80a7db0818"},{"passes":1100,"fails":5233,"name":"[course-structure] status 200","path":"::[course-structure] status 200","id":"45076dc5505a2dec22a1285b97bafbe7"},{"name":"[course-structure] has sections","path":"::[course-structure] has sections","id":"577857fc8e49dd358e9f4a98d4384892","passes":1100,"fails":5233},{"fails":1027,"name":"[quiz-detail] status 200","path":"::[quiz-detail] status 200","id":"917c623bb77fd0f4c30b55655ab512f2","passes":210},{"name":"[assignment-detail] status 200","path":"::[assignment-detail] status 200","id":"e710e6c64d866e8aa495eeee12857a96","passes":359,"fails":1628},{"id":"f990128b664d9d14e0bb6193e32639b6","passes":458,"fails":2039,"name":"[start-attempt] status 201","path":"::[start-attempt] status 201"},{"name":"[submit-assignment] status 201","path":"::[submit-assignment] status 201","id":"ecafa50a3856224eba5597445d73435f","passes":479,"fails":2049},{"name":"[material] status 200","path":"::[material] status 200","id":"63f4ad05017bb4331bea0b8e36102285","passes":441,"fails":2031},{"name":"[quiz-attempt-result] status 200","path":"::[quiz-attempt-result] status 200","id":"70625d2eb6b822427844d89e9447d306","passes":151,"fails":649},{"name":"[material-list] status 200","path":"::[material-list] status 200","id":"0c8f8d2cbff40a8ee4a03aac96a829f5","passes":143,"fails":619},{"name":"[gradebook] status 200","path":"::[gradebook] status 200","id":"9186de991ebaa0ed414ff11baa5503d0","passes":427,"fails":2671},{"path":"::[user-grades] status 200","id":"9f3f9ad7deda827f2720eebbc1dd73e8","passes":232,"fails":1073,"name":"[user-grades] status 200"},{"fails":574,"name":"[cf-prereq-locked] status 404","path":"::[cf-prereq-locked] status 404","id":"02fa3bab31e2635b75b34d82dfe5a24b","passes":135},{"id":"6021218ae7a89652ba95b72dd11a3df7","passes":95,"fails":417,"name":"[course-completion] status 200","path":"::[course-completion] status 200"},{"fails":417,"name":"[course-completion] has progress","path":"::[course-completion] has progress","id":"31c5713011250a32de1229068e09d491","passes":95}],"name":"","path":""},"options":{"summaryTrendStats":["avg","min","med","max","p(90)","p(95)","p(99)"],"summaryTimeUnit":"","noColor":false}}