{"options":{"summaryTrendStats":["avg","min","med","max","p(90)","p(95)","p(99)"],"summaryTimeUnit":"","noColor":false},"state":{"isStdOutTTY":false,"isStdErrTTY":false,"testRunDurationMs":390912.49239},"metrics":{"errors":{"contains":"default","values":{"rate":1,"passes":482,"fails":0},"type":"rate"},"http_req_sending":{"type":"trend","contains":"time","values":{"p(95)":0.04501164999999996,"p(99)":0.11291649999999985,"avg":0.029458590283861972,"min":0.005188,"med":0.026912,"max":3.802768,"p(90)":0.038558}},"course_completion_duration":{"type":"trend","contains":"time","values":{"max":3183.777266,"p(90)":2506.8186648,"p(95)":2696.7994538999997,"p(99)":3004.0605069600006,"avg":1848.7978682037453,"min":14.995457,"med":1942.207663}},"http_reqs":{"type":"counter","contains":"default","values":{"count":22828,"rate":58.39670116560329}},"gradebook_duration":{"type":"trend","contains":"time","values":{"p(99)":9850.7870672,"avg":6408.744572786479,"min":191.698514,"med":6659.955614,"max":11148.893978,"p(90)":8597.207341000001,"p(95)":8999.013892750001}},"start_attempt_duration":{"values":{"min":20.459195,"med":2146.5049245,"max":3989.338356,"p(90)":2776.4926705,"p(95)":2919.66692675,"p(99)":3215.026430950002,"avg":2018.5317610638613},"type":"trend","contains":"time"},"http_req_failed":{"type":"rate","contains":"default","values":{"rate":0.09050289118626248,"passes":2066,"fails":20762},"thresholds":{"rate<0.05":{"ok":false}}},"http_req_tls_handshaking":{"type":"trend","contains":"time","values":{"p(99)":0,"avg":0,"min":0,"med":0,"max":0,"p(90)":0,"p(95)":0}},"vus":{"type":"gauge","contains":"default","values":{"max":250,"value":1,"min":1}},"user_grades_duration":{"type":"trend","contains":"time","values":{"p(90)":3041.6813942000003,"p(95)":3247.1326377000005,"p(99)":3578.3859429299987,"avg":2222.9439624640945,"min":24.646818,"med":2353.098762,"max":4220.113984}},"quiz_detail_duration":{"values":{"min":27.529623,"med":2253.273048,"max":3549.575771,"p(90)":2882.5023041000004,"p(95)":3074.1682536499998,"p(99)":3267.9799946200005,"avg":2113.6098767333897},"type":"trend","contains":"time"},"http_req_receiving":{"type":"trend","contains":"time","values":{"p(99)":93.8009245,"avg":6.018043931881907,"min":0.015323,"med":0.3221215,"max":2033.309521,"p(90)":15.435690499999998,"p(95)":33.41853719999989}},"material_detail_duration":{"contains":"time","values":{"p(90)":2633.8982298999995,"p(95)":2770.14502675,"p(99)":3041.6179601100002,"avg":1923.2057720742368,"min":17.419903,"med":2046.9803405,"max":3438.018052},"type":"trend"},"vus_max":{"values":{"value":250,"min":250,"max":250},"type":"gauge","contains":"default"},"course_structure_duration":{"contains":"time","values":{"avg":2145.4703107781584,"min":33.062037,"med":2285.5346,"max":3819.626092,"p(90)":2893.5573637,"p(95)":3052.6581733000003,"p(99)":3323.81234397},"type":"trend"},"http_req_duration":{"type":"trend","contains":"time","values":{"avg":2547.4416471270656,"min":13.998106,"med":2236.271399,"max":11148.893978,"p(90)":4813.411843499996,"p(95)":6912.701795699994,"p(99)":8703.826546549999}},"iteration_duration":{"type":"trend","contains":"time","values":{"p(90)":5885.936614299996,"p(95)":8178.388104999997,"p(99)":10066.442973059999,"avg":3796.6039754094795,"min":532.46403,"med":3503.603319,"max":12606.665025}},"http_req_blocked":{"contains":"time","values":{"avg":0.13777486836341424,"min":0.002403,"med":0.00681,"max":1020.417185,"p(90)":0.0088633,"p(95)":0.010446649999999998,"p(99)":0.9529860599999997},"type":"trend"},"data_sent":{"type":"counter","contains":"data","values":{"count":3681621,"rate":9418.018282022496}},"submit_assignment_duration":{"type":"trend","contains":"time","values":{"p(90)":2753.9966048,"p(95)":2906.0185194,"p(99)":3175.66522216,"avg":2020.7440389755363,"min":17.107347,"med":2169.602698,"max":3528.617068}},"data_received":{"values":{"count":2071849341,"rate":5300033.591489797},"type":"counter","contains":"data"},"iterations":{"type":"counter","contains":"default","values":{"count":22828,"rate":58.39670116560329}},"material_list_duration":{"type":"trend","contains":"time","values":{"min":29.361664,"med":2178.8609969999998,"max":3602.974337,"p(90)":2812.7104224,"p(95)":2933.8864086,"p(99)":3256.72330148,"avg":2079.86647414648}},"checks":{"type":"rate","contains":"default","values":{"rate":0.9834039183279965,"passes":28561,"fails":482}},"quiz_attempt_result_duration":{"type":"trend","contains":"time","values":{"p(90)":2974.8236822999997,"p(95)":3190.851525949999,"p(99)":3542.679738960001,"avg":2221.8850090093465,"min":35.422054,"med":2377.036701,"max":3832.748195}},"http_req_connecting":{"contains":"time","values":{"p(95)":0,"p(99)":0.8661772599999995,"avg":0.12868823821622563,"min":0,"med":0,"max":1020.340198,"p(90)":0},"type":"trend"},"assignment_detail_duration":{"type":"trend","contains":"time","values":{"min":22.865353,"med":2025.3020944999998,"max":3538.874268,"p(90)":2634.9072596,"p(95)":2824.2348193499997,"p(99)":3015.3054850099998,"avg":1883.3506439916766}},"http_req_duration{expected_response:true}":{"type":"trend","contains":"time","values":{"p(95)":7087.266204150002,"p(99)":8772.367077709998,"avg":2614.6546311961088,"min":14.995457,"med":2265.8134945,"max":11148.893978,"p(90)":5410.661126400002}},"http_req_waiting":{"type":"trend","contains":"time","values":{"max":11131.336283,"p(90)":4776.609365699994,"p(95)":6859.421090899999,"p(99)":8640.648068009998,"avg":2541.3941446049175,"min":13.871504,"med":2234.9454994999996}}},"root_group":{"checks":[{"name":"[start-attempt] status 201","path":"::[start-attempt] status 201","id":"f990128b664d9d14e0bb6193e32639b6","passes":1943,"fails":343},{"name":"[submit-assignment] status 201","path":"::[submit-assignment] status 201","id":"ecafa50a3856224eba5597445d73435f","passes":2159,"fails":130},{"path":"::[assignment-detail] status 200","id":"e710e6c64d866e8aa495eeee12857a96","passes":1802,"fails":0,"name":"[assignment-detail] status 200"},{"name":"[cf-prereq-locked] status 404","path":"::[cf-prereq-locked] status 404","id":"02fa3bab31e2635b75b34d82dfe5a24b","passes":641,"fails":9},{"passes":952,"fails":0,"name":"[cf-non-enrolled] status 403","path":"::[cf-non-enrolled] status 403","id":"74e7493c763b9162227e2b80a7db0818"},{"passes":5788,"fails":0,"name":"[course-structure] status 200","path":"::[course-structure] status 200","id":"45076dc5505a2dec22a1285b97bafbe7"},{"id":"577857fc8e49dd358e9f4a98d4384892","passes":5788,"fails":0,"name":"[course-structure] has sections","path":"::[course-structure] has sections"},{"name":"[material-list] status 200","path":"::[material-list] status 200","id":"0c8f8d2cbff40a8ee4a03aac96a829f5","passes":710,"fails":0},{"path":"::[gradebook] status 200","id":"9186de991ebaa0ed414ff11baa5503d0","passes":2646,"fails":0,"name":"[gradebook] status 200"},{"passes":1142,"fails":0,"name":"[user-grades] status 200","path":"::[user-grades] status 200","id":"9f3f9ad7deda827f2720eebbc1dd73e8"},{"name":"[quiz-detail] status 200","path":"::[quiz-detail] status 200","id":"917c623bb77fd0f4c30b55655ab512f2","passes":1204,"fails":0},{"fails":0,"name":"[quiz-attempt-result] status 200","path":"::[quiz-attempt-result] status 200","id":"70625d2eb6b822427844d89e9447d306","passes":642},{"name":"[material] status 200","path":"::[material] status 200","id":"63f4ad05017bb4331bea0b8e36102285","passes":2290,"fails":0},{"name":"[course-completion] status 200","path":"::[course-completion] status 200","id":"6021218ae7a89652ba95b72dd11a3df7","passes":427,"fails":0},{"path":"::[course-completion] has progress","id":"31c5713011250a32de1229068e09d491","passes":427,"fails":0,"name":"[course-completion] has progress"}],"name":"","path":"","id":"d41d8cd98f00b204e9800998ecf8427e","groups":[]}}