{"options":{"noColor":false,"summaryTrendStats":["avg","min","med","max","p(90)","p(95)","p(99)"],"summaryTimeUnit":""},"state":{"isStdOutTTY":false,"isStdErrTTY":false,"testRunDurationMs":391439.24078},"metrics":{"http_req_waiting":{"values":{"p(99)":13157.980421599997,"avg":6435.75178688376,"min":13.346886,"med":6472.2745135000005,"max":16338.713623,"p(90)":8532.552350200001,"p(95)":11036.45251055},"type":"trend","contains":"time"},"checks":{"type":"rate","contains":"default","values":{"rate":0.9852531027750663,"passes":28261,"fails":423}},"http_req_sending":{"type":"trend","contains":"time","values":{"p(90)":0.039851,"p(95)":0.050364149999999934,"p(99)":0.13913509999999987,"avg":0.03339993185637196,"min":0.005067,"med":0.0270305,"max":19.23204}},"gradebook_duration":{"type":"trend","contains":"time","values":{"min":162.516229,"med":10796.969223,"max":16376.515369,"p(90)":13103.893546800002,"p(95)":13727.0996204,"p(99)":14906.459521320001,"avg":10386.80985411077}},"http_req_duration":{"type":"trend","contains":"time","values":{"avg":6442.054090912943,"min":13.461089,"med":6473.9101345,"max":16376.515369,"p(90)":8560.110802400002,"p(95)":11080.21074375,"p(99)":13216.857057499992}},"http_req_duration{expected_response:true}":{"type":"trend","contains":"time","values":{"p(99)":13282.974112189997,"avg":6511.545552440132,"min":16.968508,"med":6522.311855,"max":16376.515369,"p(90)":9154.839899000006,"p(95)":11257.168371049987}},"data_sent":{"type":"counter","contains":"data","values":{"count":3650266,"rate":9325.242897789989}},"submit_assignment_duration":{"type":"trend","contains":"time","values":{"med":6316.00456,"max":8447.974353,"p(90)":7327.2916832,"p(95)":7684.495960699998,"p(99)":8195.93038706,"avg":5933.667425008351,"min":26.318149}},"start_attempt_duration":{"type":"trend","contains":"time","values":{"avg":5828.14583297357,"min":27.310935,"med":6305.614316,"max":8463.262838,"p(90)":7298.4948197,"p(95)":7599.183941899998,"p(99)":8149.64466164}},"material_detail_duration":{"type":"trend","contains":"time","values":{"avg":5772.6829909908465,"min":19.881446,"med":6178.988986,"max":8591.137179,"p(90)":7235.2044104,"p(95)":7517.157812799999,"p(99)":8103.96991594}},"http_req_connecting":{"type":"trend","contains":"time","values":{"med":0,"max":1025.993018,"p(90)":0,"p(95)":0,"p(99)":1.159053369999999,"avg":0.2184307184487484,"min":0}},"material_list_duration":{"type":"trend","contains":"time","values":{"avg":6013.970265564355,"min":24.90667,"med":6396.833855,"max":8589.864829,"p(90)":7430.7535446,"p(95)":7774.081753499997,"p(99)":8237.883606359997}},"data_received":{"type":"counter","contains":"data","values":{"count":2040219085,"rate":5212096.469772844}},"course_structure_duration":{"type":"trend","contains":"time","values":{"avg":6047.426122937045,"min":32.820346,"med":6443.464908,"max":8871.161546,"p(90)":7499.5472716,"p(95)":7830.8065581500005,"p(99)":8365.138461689996}},"user_grades_duration":{"type":"trend","contains":"time","values":{"max":9027.960997,"p(90)":7640.3843784,"p(95)":7984.565163599999,"p(99)":8601.949161339997,"avg":6123.480393558392,"min":23.922596,"med":6549.493685}},"vus":{"type":"gauge","contains":"default","values":{"min":3,"max":500,"value":3}},"course_completion_duration":{"type":"trend","contains":"time","values":{"avg":5521.050132423255,"min":16.968508,"med":6060.85305,"max":8192.977717,"p(90)":7047.3401468,"p(95)":7400.2871981,"p(99)":8062.524409359999}},"iteration_duration":{"type":"trend","contains":"time","values":{"med":7724.0053085,"max":17947.473842,"p(90)":9979.505105100001,"p(95)":12322.093634249994,"p(99)":14570.182399109992,"avg":7689.673412895056,"min":530.408212}},"http_req_tls_handshaking":{"values":{"p(95)":0,"p(99)":0,"avg":0,"min":0,"med":0,"max":0,"p(90)":0},"type":"trend","contains":"time"},"vus_max":{"type":"gauge","contains":"default","values":{"value":500,"min":500,"max":500}},"http_req_receiving":{"type":"trend","contains":"time","values":{"max":1147.266094,"p(90)":16.63155860000001,"p(95)":35.000670449999966,"p(99)":98.46129212999995,"avg":6.268904097329113,"min":0.015053,"med":0.3256905}},"assignment_detail_duration":{"values":{"p(99)":8115.4284852,"avg":5829.300277356655,"min":21.234649,"med":6264.36508,"max":8321.153602,"p(90)":7245.781567200001,"p(95)":7606.87032265},"type":"trend","contains":"time"},"http_req_failed":{"thresholds":{"rate<0.05":{"ok":false}},"type":"rate","contains":"default","values":{"passes":1950,"fails":20664,"rate":0.08622976916954099}},"http_req_blocked":{"contains":"time","values":{"avg":0.22788424719200756,"min":0.002524,"med":0.007051,"max":1026.070896,"p(90)":0.009224,"p(95)":0.012078349999999998,"p(99)":1.2472173999999994},"type":"trend"},"errors":{"values":{"rate":1,"passes":423,"fails":0},"type":"rate","contains":"default"},"quiz_detail_duration":{"type":"trend","contains":"time","values":{"p(90)":7458.9888548,"p(95)":7811.240055,"p(99)":8351.215647079996,"avg":5986.6541378309,"min":28.609229,"med":6413.524025,"max":8726.976512}},"quiz_attempt_result_duration":{"values":{"p(90)":7641.3396242,"p(95)":8004.106287,"p(99)":8523.089203959998,"avg":6232.553647761077,"min":31.587134,"med":6596.871403,"max":8900.75408},"type":"trend","contains":"time"},"iterations":{"type":"counter","contains":"default","values":{"count":22614,"rate":57.77141799820144}},"http_reqs":{"type":"counter","contains":"default","values":{"count":22614,"rate":57.77141799820144}}},"root_group":{"groups":[],"checks":[{"fails":6,"name":"[cf-prereq-locked] status 404","path":"::[cf-prereq-locked] status 404","id":"02fa3bab31e2635b75b34d82dfe5a24b","passes":616},{"id":"ecafa50a3856224eba5597445d73435f","passes":2170,"fails":105,"name":"[submit-assignment] status 201","path":"::[submit-assignment] status 201"},{"name":"[course-structure] status 200","path":"::[course-structure] status 200","id":"45076dc5505a2dec22a1285b97bafbe7","passes":5640,"fails":0},{"name":"[course-structure] has sections","path":"::[course-structure] has sections","id":"577857fc8e49dd358e9f4a98d4384892","passes":5640,"fails":0},{"name":"[gradebook] status 200","path":"::[gradebook] status 200","id":"9186de991ebaa0ed414ff11baa5503d0","passes":2609,"fails":0},{"name":"[quiz-detail] status 200","path":"::[quiz-detail] status 200","id":"917c623bb77fd0f4c30b55655ab512f2","passes":1165,"fails":0},{"name":"[material] status 200","path":"::[material] status 200","id":"63f4ad05017bb4331bea0b8e36102285","passes":2295,"fails":0},{"name":"[material-list] status 200","path":"::[material-list] status 200","id":"0c8f8d2cbff40a8ee4a03aac96a829f5","passes":707,"fails":0},{"name":"[user-grades] status 200","path":"::[user-grades] status 200","id":"9f3f9ad7deda827f2720eebbc1dd73e8","passes":1139,"fails":0},{"name":"[start-attempt] status 201","path":"::[start-attempt] status 201","id":"f990128b664d9d14e0bb6193e32639b6","passes":1958,"fails":312},{"name":"[assignment-detail] status 200","path":"::[assignment-detail] status 200","id":"e710e6c64d866e8aa495eeee12857a96","passes":1800,"fails":0},{"name":"[course-completion] status 200","path":"::[course-completion] status 200","id":"6021218ae7a89652ba95b72dd11a3df7","passes":430,"fails":0},{"passes":430,"fails":0,"name":"[course-completion] has progress","path":"::[course-completion] has progress","id":"31c5713011250a32de1229068e09d491"},{"id":"74e7493c763b9162227e2b80a7db0818","passes":917,"fails":0,"name":"[cf-non-enrolled] status 403","path":"::[cf-non-enrolled] status 403"},{"name":"[quiz-attempt-result] status 200","path":"::[quiz-attempt-result] status 200","id":"70625d2eb6b822427844d89e9447d306","passes":745,"fails":0}],"name":"","path":"","id":"d41d8cd98f00b204e9800998ecf8427e"}}