{"options":{"noColor":false,"summaryTrendStats":["avg","min","med","max","p(90)","p(95)","p(99)"],"summaryTimeUnit":""},"state":{"isStdOutTTY":false,"isStdErrTTY":false,"testRunDurationMs":391199.372402},"metrics":{"submit_assignment_duration":{"type":"trend","contains":"time","values":{"avg":7816.832381652403,"min":41.337471,"med":8509.141627,"max":10109.105854,"p(90)":9036.2273616,"p(95)":9175.964945900001,"p(99)":9422.239588}},"errors":{"values":{"rate":0,"passes":0,"fails":0},"thresholds":{"rate<0.10":{"ok":true}},"type":"rate","contains":"default"},"http_reqs":{"contains":"default","values":{"count":29147,"rate":74.5067657471809},"type":"counter"},"checks":{"type":"rate","contains":"default","values":{"passes":52519,"fails":0,"rate":1}},"http_req_tls_handshaking":{"type":"trend","contains":"time","values":{"p(99)":0,"avg":0,"min":0,"med":0,"max":0,"p(90)":0,"p(95)":0}},"http_req_connecting":{"type":"trend","contains":"time","values":{"p(99)":0.244546,"avg":0.011307499742683637,"min":0,"med":0,"max":31.701632,"p(90)":0,"p(95)":0}},"http_req_receiving":{"type":"trend","contains":"time","values":{"p(99)":1.037185040000004,"avg":0.2111923479260302,"min":0.026367,"med":0.137986,"max":66.697819,"p(90)":0.3126146000000001,"p(95)":0.4322426999999995}},"iterations":{"type":"counter","contains":"default","values":{"count":29147,"rate":74.5067657471809}},"http_req_failed":{"type":"rate","contains":"default","values":{"rate":0,"passes":0,"fails":29147},"thresholds":{"rate<0.10":{"ok":true}}},"start_attempt_duration":{"type":"trend","contains":"time","values":{"avg":7681.535662780867,"min":33.318629,"med":8384.336658,"max":10540.010002,"p(90)":8855.5878361,"p(95)":8995.1747757,"p(99)":9270.13771795}},"gradebook_duration":{"type":"trend","contains":"time","values":{"avg":7595.662738561383,"min":20.819443,"med":8257.542602,"max":9974.455731,"p(90)":8715.609909800001,"p(95)":8854.276306599999,"p(99)":9076.289580759998}},"quiz_detail_duration":{"type":"trend","contains":"time","values":{"avg":7806.575808046129,"min":29.640481,"med":8450.0782555,"max":10048.015427,"p(90)":8936.544245000001,"p(95)":9083.47849575,"p(99)":9355.47837875}},"data_received":{"type":"counter","contains":"data","values":{"count":190393923,"rate":486692.8130046934}},"http_req_waiting":{"values":{"min":20.399129,"med":8354.359472,"max":10539.823671,"p(90)":8861.6114714,"p(95)":9002.1726228,"p(99)":9286.78804036,"avg":7704.750969903222},"type":"trend","contains":"time"},"http_req_duration":{"type":"trend","contains":"time","values":{"p(99)":9287.23421108,"avg":7705.013761567538,"min":20.819443,"med":8354.730538,"max":10540.010002,"p(90)":8861.9195674,"p(95)":9002.3632145},"thresholds":{"p(95)<2000":{"ok":false}}},"material_detail_duration":{"type":"trend","contains":"time","values":{"avg":7675.076018391208,"min":26.255759,"med":8305.855389,"max":10332.547977,"p(90)":8798.6657992,"p(95)":8932.644532600001,"p(99)":9218.1663544}},"http_req_duration{expected_response:true}":{"type":"trend","contains":"time","values":{"p(95)":9002.3632145,"p(99)":9287.23421108,"avg":7705.013761567538,"min":20.819443,"med":8354.730538,"max":10540.010002,"p(90)":8861.9195674}},"http_req_sending":{"values":{"max":60.03198,"p(90)":0.05369420000000002,"p(95)":0.0711334,"p(99)":0.15012630000000005,"avg":0.05159931639619837,"min":0.007799,"med":0.03242},"type":"trend","contains":"time"},"vus":{"type":"gauge","contains":"default","values":{"value":8,"min":5,"max":750}},"http_req_blocked":{"contains":"time","values":{"med":0.01073,"max":31.853901,"p(90)":0.018474200000000017,"p(95)":0.027333299999999942,"p(99)":0.3691633800000002,"avg":0.028401931965554073,"min":0.003356},"type":"trend"},"materials_list_duration":{"values":{"avg":7669.51496841124,"min":23.661223,"med":8319.929945,"max":10526.782023,"p(90)":8791.7564521,"p(95)":8920.1640793,"p(99)":9172.58267401},"type":"trend","contains":"time"},"vus_max":{"type":"gauge","contains":"default","values":{"value":750,"min":750,"max":750}},"iteration_duration":{"type":"trend","contains":"time","values":{"min":567.649326,"med":9537.580476,"max":12295.520729,"p(90)":10379.0713056,"p(95)":10574.1058552,"p(99)":10913.15654354,"avg":8957.179933264737}},"data_sent":{"type":"counter","contains":"data","values":{"count":3808038,"rate":9734.264082834023}}},"root_group":{"name":"","path":"","id":"d41d8cd98f00b204e9800998ecf8427e","groups":[],"checks":[{"name":"[material-detail] status 200","path":"::[material-detail] status 200","id":"a12462dd78c876a1d31a53eadf87e378","passes":4325,"fails":0},{"path":"::[material-detail] success","id":"3632f96ad89cbc27cd995a000cbd8596","passes":4325,"fails":0,"name":"[material-detail] success"},{"name":"[start-attempt] status 201 or 400","path":"::[start-attempt] status 201 or 400","id":"33680026b6a14104cfefb4ee3b4b083d","passes":2852,"fails":0},{"id":"9186de991ebaa0ed414ff11baa5503d0","passes":5969,"fails":0,"name":"[gradebook] status 200","path":"::[gradebook] status 200"},{"fails":0,"name":"[gradebook] success","path":"::[gradebook] success","id":"a15a69867e50cddaa06c049f7cde480d","passes":5969},{"name":"[materials-list] status 200","path":"::[materials-list] status 200","id":"463a16ce0b1d8abee844a574ea056361","passes":5880,"fails":0},{"path":"::[materials-list] success","id":"664e43a5933df86e3bab167b84d274ca","passes":5880,"fails":0,"name":"[materials-list] success"},{"name":"[quiz-detail] status 200","path":"::[quiz-detail] status 200","id":"917c623bb77fd0f4c30b55655ab512f2","passes":7198,"fails":0},{"passes":7198,"fails":0,"name":"[quiz-detail] success","path":"::[quiz-detail] success","id":"6719d54de0da0cfb59497b1755be95e9"},{"name":"[submit-assignment] status 201 or 400","path":"::[submit-assignment] status 201 or 400","id":"c6b8e5b4b95e1cad4532c36b70154d08","passes":2923,"fails":0}]}}