{"metrics":{"http_req_sending":{"values":{"avg":0.0362536074838592,"min":0.005217,"med":0.027691,"max":31.627545,"p(90)":0.04254300000000003,"p(95)":0.07090664999999959,"p(99)":0.14845566999999993},"type":"trend","contains":"time"},"http_req_receiving":{"type":"trend","contains":"time","values":{"max":6274.731046,"p(90)":20.425601200000003,"p(95)":44.322057149999914,"p(99)":109.40431876999999,"avg":7.922762982131531,"min":0.014802,"med":0.3239595}},"http_req_duration{expected_response:true}":{"type":"trend","contains":"time","values":{"p(90)":18700.277117400004,"p(95)":20903.6680672,"p(99)":22911.852065619998,"avg":14783.937778785701,"min":22.876705,"med":15711.731195,"max":26195.360912}},"assignment_detail_duration":{"values":{"med":15488.3384315,"max":18615.095484,"p(90)":16631.9617072,"p(95)":17005.51345365,"p(99)":18192.39366043,"avg":14031.25884679763,"min":22.979583},"type":"trend","contains":"time"},"iteration_duration":{"type":"trend","contains":"time","values":{"min":576.770521,"med":16943.251197999998,"max":28049.904363,"p(90)":19806.1010562,"p(95)":21935.346794349996,"p(99)":24084.556955139997,"avg":15990.981582107266}},"http_req_waiting":{"type":"trend","contains":"time","values":{"p(90)":18384.8607202,"p(95)":20659.79681745,"p(99)":22779.03059158,"avg":14731.393853986498,"min":18.012126,"med":15686.729304,"max":26147.373665}},"vus_max":{"values":{"value":1000,"min":1000,"max":1000},"type":"gauge","contains":"default"},"iterations":{"type":"counter","contains":"default","values":{"count":21994,"rate":55.788129568223454}},"quiz_attempt_result_duration":{"contains":"time","values":{"p(90)":16995.3200515,"p(95)":17280.3400225,"p(99)":18590.02134455,"avg":14222.618188220105,"min":36.472495,"med":15698.2272385,"max":18789.908561},"type":"trend"},"vus":{"type":"gauge","contains":"default","values":{"value":15,"min":9,"max":1000}},"http_reqs":{"type":"counter","contains":"default","values":{"count":21994,"rate":55.788129568223454}},"http_req_blocked":{"type":"trend","contains":"time","values":{"med":0.007362,"max":1086.316366,"p(90)":0.010345,"p(95)":0.05466089999999593,"p(99)":9.537201699999986,"avg":0.859689230062763,"min":0.002314}},"quiz_detail_duration":{"values":{"avg":14324.017668481052,"min":39.050208,"med":15733.555806,"max":18857.544219,"p(90)":16943.2195243,"p(95)":17438.536472699998,"p(99)":18552.44715947},"type":"trend","contains":"time"},"errors":{"type":"rate","contains":"default","values":{"rate":1,"passes":431,"fails":0}},"http_req_failed":{"contains":"default","values":{"fails":19987,"rate":0.09125215967991271,"passes":2007},"thresholds":{"rate<0.05":{"ok":false}},"type":"rate"},"data_sent":{"type":"counter","contains":"data","values":{"rate":8992.448375960585,"count":3545197}},"course_completion_duration":{"contains":"time","values":{"p(90)":16640.2030728,"p(95)":17001.122948449996,"p(99)":18080.95433863,"avg":14096.885643062233,"min":35.14488,"med":15437.2870405,"max":18345.158767},"type":"trend"},"checks":{"type":"rate","contains":"default","values":{"rate":0.9845392258851383,"passes":27446,"fails":431}},"material_detail_duration":{"type":"trend","contains":"time","values":{"p(99)":18226.16450295,"avg":14131.709617328956,"min":22.876705,"med":15464.576351,"max":18624.285953,"p(90)":16668.4972125,"p(95)":17022.87549825}},"submit_assignment_duration":{"type":"trend","contains":"time","values":{"p(99)":18249.73757236,"avg":14094.681566911035,"min":37.647267,"med":15527.319421,"max":18507.949957,"p(90)":16668.344842,"p(95)":17083.908045599997}},"user_grades_duration":{"values":{"min":29.630108,"med":15749.879565,"max":19483.288081,"p(90)":17038.093568300003,"p(95)":17461.41696115,"p(99)":18709.28822433,"avg":14289.325654739518},"type":"trend","contains":"time"},"course_structure_duration":{"values":{"med":15687.931948,"max":18841.053774,"p(90)":16859.6475624,"p(95)":17244.94656,"p(99)":18459.1657912,"avg":14264.667022408405,"min":35.606803},"type":"trend","contains":"time"},"data_received":{"type":"counter","contains":"data","values":{"count":2045233050,"rate":5187766.044858272}},"start_attempt_duration":{"type":"trend","contains":"time","values":{"max":18582.402966,"p(90)":16658.262126,"p(95)":16933.6959233,"p(99)":18246.146657340003,"avg":14088.125053446423,"min":28.409566,"med":15533.210696}},"material_list_duration":{"type":"trend","contains":"time","values":{"min":36.722626,"med":15549.319854,"max":18605.737567,"p(90)":16755.0628732,"p(95)":17113.1585247,"p(99)":18308.01061164,"avg":14050.411175407955}},"http_req_connecting":{"type":"trend","contains":"time","values":{"med":0,"max":1086.243445,"p(90)":0,"p(95)":0,"p(99)":9.43922389,"avg":0.8468812275620624,"min":0}},"gradebook_duration":{"contains":"time","values":{"p(99)":24472.33226562,"avg":19017.336334099244,"min":235.132279,"med":20313.565596,"max":26195.360912,"p(90)":22662.1203204,"p(95)":23259.363271},"type":"trend"},"http_req_duration":{"values":{"max":26195.360912,"p(90)":18396.7606289,"p(95)":20724.311658099996,"p(99)":22831.126806049997,"avg":14739.352870576071,"min":18.503646,"med":15688.970216},"type":"trend","contains":"time"},"http_req_tls_handshaking":{"contains":"time","values":{"max":0,"p(90)":0,"p(95)":0,"p(99)":0,"avg":0,"min":0,"med":0},"type":"trend"}},"root_group":{"name":"","path":"","id":"d41d8cd98f00b204e9800998ecf8427e","groups":[],"checks":[{"passes":1784,"fails":0,"name":"[assignment-detail] status 200","path":"::[assignment-detail] status 200","id":"e710e6c64d866e8aa495eeee12857a96"},{"id":"74e7493c763b9162227e2b80a7db0818","passes":988,"fails":0,"name":"[cf-non-enrolled] status 403","path":"::[cf-non-enrolled] status 403"},{"id":"ecafa50a3856224eba5597445d73435f","passes":2046,"fails":123,"name":"[submit-assignment] status 201","path":"::[submit-assignment] status 201"},{"name":"[course-structure] status 200","path":"::[course-structure] status 200","id":"45076dc5505a2dec22a1285b97bafbe7","passes":5433,"fails":0},{"id":"577857fc8e49dd358e9f4a98d4384892","passes":5433,"fails":0,"name":"[course-structure] has sections","path":"::[course-structure] has sections"},{"id":"63f4ad05017bb4331bea0b8e36102285","passes":2216,"fails":0,"name":"[material] status 200","path":"::[material] status 200"},{"id":"917c623bb77fd0f4c30b55655ab512f2","passes":1108,"fails":0,"name":"[quiz-detail] status 200","path":"::[quiz-detail] status 200"},{"name":"[gradebook] status 200","path":"::[gradebook] status 200","id":"9186de991ebaa0ed414ff11baa5503d0","passes":2620,"fails":0},{"fails":296,"name":"[start-attempt] status 201","path":"::[start-attempt] status 201","id":"f990128b664d9d14e0bb6193e32639b6","passes":1859},{"passes":1094,"fails":0,"name":"[user-grades] status 200","path":"::[user-grades] status 200","id":"9f3f9ad7deda827f2720eebbc1dd73e8"},{"name":"[quiz-attempt-result] status 200","path":"::[quiz-attempt-result] status 200","id":"70625d2eb6b822427844d89e9447d306","passes":686,"fails":0},{"path":"::[material-list] status 200","id":"0c8f8d2cbff40a8ee4a03aac96a829f5","passes":679,"fails":0,"name":"[material-list] status 200"},{"id":"02fa3bab31e2635b75b34d82dfe5a24b","passes":600,"fails":12,"name":"[cf-prereq-locked] status 404","path":"::[cf-prereq-locked] status 404"},{"name":"[course-completion] status 200","path":"::[course-completion] status 200","id":"6021218ae7a89652ba95b72dd11a3df7","passes":450,"fails":0},{"id":"31c5713011250a32de1229068e09d491","passes":450,"fails":0,"name":"[course-completion] has progress","path":"::[course-completion] has progress"}]},"options":{"summaryTimeUnit":"","noColor":false,"summaryTrendStats":["avg","min","med","max","p(90)","p(95)","p(99)"]},"state":{"isStdOutTTY":false,"isStdErrTTY":false,"testRunDurationMs":394241.573794}}