{"options":{"summaryTrendStats":["avg","min","med","max","p(90)","p(95)","p(99)"],"summaryTimeUnit":"","noColor":false},"state":{"isStdErrTTY":false,"testRunDurationMs":404002.348467,"isStdOutTTY":false},"metrics":{"http_req_blocked":{"contains":"time","values":{"avg":1.2433480708139864,"min":0.002494,"med":0.007351,"max":1036.926876,"p(90)":0.013392900000000041,"p(95)":1.1121655499999996,"p(99)":16.82335315},"type":"trend"},"http_req_connecting":{"values":{"min":0,"med":0,"max":1036.864541,"p(90)":0,"p(95)":1.0294768499999998,"p(99)":16.684242749999996,"avg":1.2283409413327715},"type":"trend","contains":"time"},"checks":{"type":"rate","contains":"default","values":{"rate":0.9717493420395109,"passes":29169,"fails":848}},"errors":{"type":"rate","contains":"default","values":{"fails":0,"rate":1,"passes":848}},"http_reqs":{"type":"counter","contains":"default","values":{"count":23710,"rate":58.68777765765066}},"http_req_duration{expected_response:true}":{"type":"trend","contains":"time","values":{"max":29992.165809,"p(90)":26001.526196,"p(95)":27679.575078,"p(99)":29471.359400400004,"avg":21254.872052027047,"min":20.297442,"med":23298.090874}},"quiz_attempt_result_duration":{"type":"trend","contains":"time","values":{"med":23440.2319145,"max":26801.972811,"p(90)":24872.2434409,"p(95)":25758.6511394,"p(99)":26411.88097748,"avg":21390.299912012204,"min":38.765101}},"data_received":{"type":"counter","contains":"data","values":{"count":1886428467,"rate":4669350.250457983}},"assignment_detail_duration":{"type":"trend","contains":"time","values":{"avg":20721.20395854674,"min":20.665373,"med":23029.6507045,"max":26437.744596,"p(90)":24406.5873713,"p(95)":25284.6386335,"p(99)":26071.72003175}},"iteration_duration":{"type":"trend","contains":"time","values":{"p(90)":27410.7928512,"p(95)":29297.4370384,"p(99)":31264.08955136,"avg":22625.293838698384,"min":560.607934,"med":24518.021211,"max":31999.779566}},"material_detail_duration":{"type":"trend","contains":"time","values":{"p(99)":26085.46779609,"avg":20622.032028528713,"min":20.297442,"med":23024.2210085,"max":29587.279884,"p(90)":24517.2419912,"p(95)":25322.6015115}},"http_req_receiving":{"values":{"avg":6.355323015984862,"min":0,"med":0.274058,"max":2498.1054,"p(90)":16.181966800000023,"p(95)":35.62848795,"p(99)":99.67887850999999},"type":"trend","contains":"time"},"gradebook_duration":{"type":"trend","contains":"time","values":{"avg":25547.297405442776,"min":209.465762,"med":27708.456425999997,"max":30036.378155,"p(90)":30000.291584299997,"p(95)":30000.7866147,"p(99)":30001.213604059998}},"course_structure_duration":{"type":"trend","contains":"time","values":{"p(90)":24788.205808,"p(95)":25677.140294,"p(99)":26303.72990416,"avg":20840.074827859324,"min":32.697457,"med":23287.555174,"max":27018.152917}},"vus":{"values":{"value":4,"min":4,"max":1500},"type":"gauge","contains":"default"},"start_attempt_duration":{"values":{"avg":20862.70379026777,"min":30.352469,"med":23134.704676,"max":26588.72735,"p(90)":24563.859819999998,"p(95)":25470.6412055,"p(99)":26164.234334},"type":"trend","contains":"time"},"vus_max":{"type":"gauge","contains":"default","values":{"value":1500,"min":1500,"max":1500}},"http_req_sending":{"type":"trend","contains":"time","values":{"p(99)":0.15426519999999996,"avg":0.03478609940953181,"min":0.005208,"med":0.027622,"max":19.553426,"p(90)":0.04843600000000004,"p(95)":0.08132949999999999}},"iterations":{"type":"counter","contains":"default","values":{"rate":58.68530242451453,"count":23709}},"submit_assignment_duration":{"type":"trend","contains":"time","values":{"p(99)":26113.36788384,"avg":20640.345824714997,"min":31.8015,"med":23062.03139,"max":26530.889521,"p(90)":24504.3643476,"p(95)":25496.086538599997}},"quiz_detail_duration":{"type":"trend","contains":"time","values":{"min":32.347701,"med":23342.384669,"max":26986.554866,"p(90)":24851.212289799998,"p(95)":25723.050353799994,"p(99)":26483.036864320005,"avg":21166.871187952976}},"http_req_tls_handshaking":{"type":"trend","contains":"time","values":{"min":0,"med":0,"max":0,"p(90)":0,"p(95)":0,"p(99)":0,"avg":0}},"data_sent":{"type":"counter","contains":"data","values":{"count":3825015,"rate":9467.80387419564}},"http_req_failed":{"type":"rate","contains":"default","values":{"rate":0.1075073808519612,"passes":2549,"fails":21161},"thresholds":{"rate<0.05":{"ok":false}}},"http_req_waiting":{"type":"trend","contains":"time","values":{"med":23297.182104500003,"max":30036.361901,"p(90)":26084.5354871,"p(95)":27993.814715949997,"p(99)":30000.34359844,"avg":21363.446095673688,"min":16.390151}},"user_grades_duration":{"values":{"p(90)":25060.2574692,"p(95)":25877.966627899998,"p(99)":26548.893320440002,"avg":21288.564366384227,"min":32.919835,"med":23404.736722,"max":27348.570609},"type":"trend","contains":"time"},"material_list_duration":{"contains":"time","values":{"avg":20676.566135855694,"min":40.99985,"med":23126.440626,"max":26387.890284,"p(90)":24628.535031400002,"p(95)":25314.2910556,"p(99)":26148.0607702},"type":"trend"},"http_req_duration":{"type":"trend","contains":"time","values":{"med":23298.219606,"max":30036.378155,"p(90)":26099.6539383,"p(95)":28048.29004095,"p(99)":30000.41651005,"avg":21369.83620478917,"min":16.481671}},"course_completion_duration":{"type":"trend","contains":"time","values":{"max":26294.270875,"p(90)":24522.8174141,"p(95)":25324.06482055,"p(99)":26066.55818091,"avg":20728.77409084197,"min":27.81663,"med":23062.637156999997}}},"root_group":{"checks":[{"name":"[course-structure] status 200","path":"::[course-structure] status 200","id":"45076dc5505a2dec22a1285b97bafbe7","passes":5845,"fails":0},{"passes":5845,"fails":0,"name":"[course-structure] has sections","path":"::[course-structure] has sections","id":"577857fc8e49dd358e9f4a98d4384892"},{"name":"[user-grades] status 200","path":"::[user-grades] status 200","id":"9f3f9ad7deda827f2720eebbc1dd73e8","passes":1179,"fails":0},{"fails":0,"name":"[material] status 200","path":"::[material] status 200","id":"63f4ad05017bb4331bea0b8e36102285","passes":2334},{"name":"[quiz-detail] status 200","path":"::[quiz-detail] status 200","id":"917c623bb77fd0f4c30b55655ab512f2","passes":1233,"fails":0},{"path":"::[quiz-attempt-result] status 200","id":"70625d2eb6b822427844d89e9447d306","passes":738,"fails":0,"name":"[quiz-attempt-result] status 200"},{"id":"9186de991ebaa0ed414ff11baa5503d0","passes":2418,"fails":344,"name":"[gradebook] status 200","path":"::[gradebook] status 200"},{"path":"::[assignment-detail] status 200","id":"e710e6c64d866e8aa495eeee12857a96","passes":1990,"fails":0,"name":"[assignment-detail] status 200"},{"fails":376,"name":"[start-attempt] status 201","path":"::[start-attempt] status 201","id":"f990128b664d9d14e0bb6193e32639b6","passes":2040},{"path":"::[course-completion] status 200","id":"6021218ae7a89652ba95b72dd11a3df7","passes":462,"fails":0,"name":"[course-completion] status 200"},{"id":"31c5713011250a32de1229068e09d491","passes":462,"fails":0,"name":"[course-completion] has progress","path":"::[course-completion] has progress"},{"passes":2224,"fails":123,"name":"[submit-assignment] status 201","path":"::[submit-assignment] status 201","id":"ecafa50a3856224eba5597445d73435f"},{"name":"[material-list] status 200","path":"::[material-list] status 200","id":"0c8f8d2cbff40a8ee4a03aac96a829f5","passes":693,"fails":0},{"name":"[cf-prereq-locked] status 404","path":"::[cf-prereq-locked] status 404","id":"02fa3bab31e2635b75b34d82dfe5a24b","passes":653,"fails":5},{"fails":0,"name":"[cf-non-enrolled] status 403","path":"::[cf-non-enrolled] status 403","id":"74e7493c763b9162227e2b80a7db0818","passes":1053}],"name":"","path":"","id":"d41d8cd98f00b204e9800998ecf8427e","groups":[]}}