{"metrics":{"http_req_tls_handshaking":{"type":"trend","contains":"time","values":{"max":0,"p(90)":0,"p(95)":0,"p(99)":0,"avg":0,"min":0,"med":0}},"gradebook_duration":{"type":"trend","contains":"time","values":{"p(90)":28501.5635072,"p(95)":28766.7199446,"p(99)":29263.697979719997,"avg":24895.83086031069,"min":0.904604,"med":27720.79748,"max":30000.921582}},"http_req_receiving":{"contains":"time","values":{"p(90)":0.2953661000000002,"p(95)":0.4413501999999997,"p(99)":1.1673552799999996,"avg":0.214158352389638,"min":0,"med":0.141462,"max":73.88322},"type":"trend"},"data_received":{"type":"counter","contains":"data","values":{"count":176861414,"rate":439397.261512437}},"vus":{"type":"gauge","contains":"default","values":{"value":39,"min":0,"max":2000}},"http_req_connecting":{"contains":"time","values":{"avg":0.260713499963516,"min":0,"med":0.206901,"max":46.425592,"p(90)":0.2811086000000001,"p(95)":0.36847369999999996,"p(99)":1.2748856999999987},"type":"trend"},"http_req_duration{expected_response:true}":{"type":"trend","contains":"time","values":{"avg":24832.153831672687,"min":30.19198,"med":27597.337237,"max":29893.599084,"p(90)":28372.9035118,"p(95)":28627.9184292,"p(99)":29119.97592248}},"material_detail_duration":{"type":"trend","contains":"time","values":{"min":8.788545,"med":27483.71607,"max":29404.611064,"p(90)":28194.558982799997,"p(95)":28473.185788,"p(99)":28919.872185159995,"avg":24672.05942975444}},"start_attempt_duration":{"type":"trend","contains":"time","values":{"p(95)":28509.3461292,"p(99)":28973.89266171,"avg":24742.106630765462,"min":33.015275,"med":27501.406177,"max":29444.672765,"p(90)":28245.6415028}},"checks":{"type":"rate","contains":"default","values":{"rate":0.9990035181908771,"passes":49124,"fails":49}},"materials_list_duration":{"values":{"avg":24652.233988191023,"min":0.711504,"med":27501.795706,"max":29681.357103,"p(90)":28214.372272599998,"p(95)":28496.892741800002,"p(99)":28901.28123736},"type":"trend","contains":"time"},"http_req_waiting":{"type":"trend","contains":"time","values":{"min":0.615521,"med":27596.683446000003,"max":30000.843573,"p(90)":28372.9759648,"p(95)":28629.02979135,"p(99)":29122.51186799,"avg":24814.68340480434}},"data_sent":{"type":"counter","contains":"data","values":{"count":3592347,"rate":8924.883039793058}},"iteration_duration":{"type":"trend","contains":"time","values":{"med":28761.0621595,"max":31806.796608,"p(90)":29819.7678562,"p(95)":30082.196139699998,"p(99)":30600.21668898,"avg":26063.86586021633,"min":541.5187}},"http_req_failed":{"type":"rate","contains":"default","values":{"rate":0.0009120758847136082,"passes":25,"fails":27385},"thresholds":{"rate<0.10":{"ok":true}}},"vus_max":{"type":"gauge","contains":"default","values":{"value":2000,"min":1466,"max":2000}},"http_req_duration":{"thresholds":{"p(95)<2000":{"ok":false}},"type":"trend","contains":"time","values":{"p(99)":29122.785451390002,"avg":24814.980698736064,"min":0.711504,"med":27596.9701615,"max":30000.921582,"p(90)":28373.211559500003,"p(95)":28629.3674964}},"http_reqs":{"contains":"default","values":{"count":27410,"rate":68.0978324534706},"type":"counter"},"iterations":{"values":{"count":27410,"rate":68.0978324534706},"type":"counter","contains":"default"},"submit_assignment_duration":{"type":"trend","contains":"time","values":{"min":4.501335,"med":27624.711122,"max":29715.674804,"p(90)":28358.023878,"p(95)":28602.9887762,"p(99)":29110.80790695999,"avg":24909.24722017175}},"http_req_sending":{"type":"trend","contains":"time","values":{"avg":0.08313557938708546,"min":0.008866,"med":0.0670545,"max":44.979858,"p(90)":0.10370920000000004,"p(95)":0.12032429999999998,"p(99)":0.20454399999999995}},"errors":{"values":{"rate":1,"passes":25,"fails":0},"thresholds":{"rate<0.10":{"ok":false}},"type":"rate","contains":"default"},"http_req_blocked":{"type":"trend","contains":"time","values":{"p(99)":1.5167950699999988,"avg":0.35387688179496796,"min":0.004322,"med":0.28878550000000003,"max":46.530194,"p(90)":0.3927471,"p(95)":0.4931599999999998}},"quiz_detail_duration":{"values":{"avg":24955.3132410555,"min":1.056713,"med":27695.0741405,"max":30000.388714,"p(90)":28458.1898774,"p(95)":28697.1167654,"p(99)":29211.87921052},"type":"trend","contains":"time"}},"root_group":{"name":"","path":"","id":"d41d8cd98f00b204e9800998ecf8427e","groups":[],"checks":[{"path":"::[quiz-detail] status 200","id":"917c623bb77fd0f4c30b55655ab512f2","passes":6852,"fails":8,"name":"[quiz-detail] status 200"},{"name":"[quiz-detail] success","path":"::[quiz-detail] success","id":"6719d54de0da0cfb59497b1755be95e9","passes":6852,"fails":8},{"name":"[material-detail] status 200","path":"::[material-detail] status 200","id":"a12462dd78c876a1d31a53eadf87e378","passes":4152,"fails":1},{"name":"[material-detail] success","path":"::[material-detail] success","id":"3632f96ad89cbc27cd995a000cbd8596","passes":4152,"fails":1},{"name":"[materials-list] status 200","path":"::[materials-list] status 200","id":"463a16ce0b1d8abee844a574ea056361","passes":5330,"fails":5},{"fails":5,"name":"[materials-list] success","path":"::[materials-list] success","id":"664e43a5933df86e3bab167b84d274ca","passes":5330},{"name":"[submit-assignment] status 201 or 400","path":"::[submit-assignment] status 201 or 400","id":"c6b8e5b4b95e1cad4532c36b70154d08","passes":2828,"fails":1},{"name":"[start-attempt] status 201 or 400","path":"::[start-attempt] status 201 or 400","id":"33680026b6a14104cfefb4ee3b4b083d","passes":2818,"fails":0},{"fails":10,"name":"[gradebook] status 200","path":"::[gradebook] status 200","id":"9186de991ebaa0ed414ff11baa5503d0","passes":5405},{"passes":5405,"fails":10,"name":"[gradebook] success","path":"::[gradebook] success","id":"a15a69867e50cddaa06c049f7cde480d"}]},"options":{"summaryTrendStats":["avg","min","med","max","p(90)","p(95)","p(99)"],"summaryTimeUnit":"","noColor":false},"state":{"testRunDurationMs":402509.140342,"isStdOutTTY":false,"isStdErrTTY":false}}