{"options":{"summaryTrendStats":["avg","min","med","max","p(90)","p(95)","p(99)"],"summaryTimeUnit":"","noColor":false},"state":{"isStdOutTTY":false,"isStdErrTTY":false,"testRunDurationMs":391255.731416},"metrics":{"material_detail_duration":{"type":"trend","contains":"time","values":{"avg":2119.617940093733,"min":20.068417,"med":2291.23595,"max":3649.692548,"p(90)":2850.9621542,"p(95)":3037.426553,"p(99)":3329.3423990400056}},"course_structure_duration":{"type":"trend","contains":"time","values":{"p(90)":3128.856229,"p(95)":3290.4561205,"p(99)":3583.84056,"avg":2334.712006259857,"min":31.610444,"med":2519.5996535,"max":4272.345238}},"submit_assignment_duration":{"values":{"max":6930.146273,"p(90)":2964.5075176,"p(95)":3129.3514144,"p(99)":3415.3279111600013,"avg":2195.2178946901845,"min":26.740369,"med":2383.532125},"type":"trend","contains":"time"},"http_req_duration":{"type":"trend","contains":"time","values":{"med":2482.135822,"max":20760.800541,"p(90)":5440.625476400003,"p(95)":7334.7962136999995,"p(99)":9054.04090758,"avg":2775.8532477026333,"min":14.59391}},"http_req_waiting":{"type":"trend","contains":"time","values":{"p(90)":5400.148979600003,"p(95)":7287.746134699998,"p(99)":9012.43926814,"avg":2768.55813923695,"min":14.465495,"med":2480.770894,"max":11140.245482}},"data_received":{"type":"counter","contains":"data","values":{"count":2011404573,"rate":5140894.845732976}},"iterations":{"type":"counter","contains":"default","values":{"count":21519,"rate":54.999833285815996}},"http_req_tls_handshaking":{"type":"trend","contains":"time","values":{"p(99)":0,"avg":0,"min":0,"med":0,"max":0,"p(90)":0,"p(95)":0}},"vus":{"values":{"value":2,"min":2,"max":250},"type":"gauge","contains":"default"},"quiz_detail_duration":{"type":"trend","contains":"time","values":{"min":29.313471,"med":2570.767227,"max":5202.860511,"p(90)":3207.39238,"p(95)":3358.1421969,"p(99)":3671.38996242,"avg":2375.0230567901644}},"course_completion_duration":{"type":"trend","contains":"time","values":{"p(95)":3012.2790938999997,"p(99)":3238.69261411,"avg":2064.5987633062173,"min":16.692048,"med":2245.6885575,"max":3521.593082,"p(90)":2842.9920002}},"http_req_connecting":{"type":"trend","contains":"time","values":{"p(95)":0,"p(99)":0.9230583399999988,"avg":0.13787840396858583,"min":0,"med":0,"max":1072.09185,"p(90)":0}},"material_list_duration":{"type":"trend","contains":"time","values":{"p(99)":3380.6723808000006,"avg":2176.786797768293,"min":24.274348,"med":2370.2524510000003,"max":3579.307887,"p(90)":3013.2132695,"p(95)":3164.357754}},"data_sent":{"type":"counter","contains":"data","values":{"count":3473606,"rate":8878.096142971799}},"http_req_failed":{"values":{"rate":0.08954877085366421,"passes":1927,"fails":19592},"thresholds":{"rate<0.05":{"ok":false}},"type":"rate","contains":"default"},"iteration_duration":{"contains":"time","values":{"avg":4027.9408917869264,"min":536.907691,"med":3742.688092,"max":21459.207875,"p(90)":6629.939620800002,"p(95)":8610.684956099996,"p(99)":10386.8526785},"type":"trend"},"start_attempt_duration":{"contains":"time","values":{"med":2373.3091489999997,"max":4604.918893,"p(90)":2967.8828905,"p(95)":3121.7884940000004,"p(99)":3423.6278802999977,"avg":2185.468378624213,"min":25.833396},"type":"trend"},"http_reqs":{"type":"counter","contains":"default","values":{"count":21519,"rate":54.999833285815996}},"assignment_detail_duration":{"type":"trend","contains":"time","values":{"p(99)":3364.1266790999994,"avg":2156.490561281248,"min":19.863814,"med":2328.0763885,"max":6887.816089,"p(90)":2931.0893486,"p(95)":3108.2713937}},"http_req_blocked":{"type":"trend","contains":"time","values":{"min":0.002664,"med":0.007161,"max":1072.154836,"p(90)":0.009123,"p(95)":0.010807899999999987,"p(99)":0.9973744999999989,"avg":0.1466326627166698}},"http_req_sending":{"type":"trend","contains":"time","values":{"min":0.005939,"med":0.027522,"max":20.18875,"p(90)":0.03947,"p(95)":0.04628099999999999,"p(99)":0.12851221999999984,"avg":0.03208256234025748}},"gradebook_duration":{"type":"trend","contains":"time","values":{"med":7024.932743,"max":20760.800541,"p(90)":8965.0019476,"p(95)":9421.4442621,"p(99)":10197.96606312,"avg":6728.325688418141,"min":208.487375}},"http_req_receiving":{"type":"trend","contains":"time","values":{"avg":7.26302590334123,"min":0.014122,"med":0.332486,"max":9659.903228,"p(90)":19.268755600000002,"p(95)":40.83311609999998,"p(99)":102.07268105999997}},"quiz_attempt_result_duration":{"type":"trend","contains":"time","values":{"med":2594.064752,"max":4357.053028,"p(90)":3221.544544,"p(95)":3385.4814335,"p(99)":3631.656692,"avg":2386.1528587895555,"min":33.510111}},"vus_max":{"type":"gauge","contains":"default","values":{"value":250,"min":250,"max":250}},"user_grades_duration":{"type":"trend","contains":"time","values":{"max":4607.459497,"p(90)":3273.5613242000004,"p(95)":3467.0223094999997,"p(99)":3951.3349985600003,"avg":2382.7580060142323,"min":22.711035,"med":2542.2737564999998}},"checks":{"type":"rate","contains":"default","values":{"passes":26856,"fails":407,"rate":0.98507134211202}},"errors":{"type":"rate","contains":"default","values":{"rate":1,"passes":407,"fails":0}},"http_req_duration{expected_response:true}":{"values":{"avg":2840.606982347849,"min":16.692048,"med":2508.2676135,"max":20760.800541,"p(90)":5919.307542200014,"p(95)":7485.401069450001,"p(99)":9136.64797722},"type":"trend","contains":"time"}},"root_group":{"path":"","id":"d41d8cd98f00b204e9800998ecf8427e","groups":[],"checks":[{"fails":0,"name":"[gradebook] status 200","path":"::[gradebook] status 200","id":"9186de991ebaa0ed414ff11baa5503d0","passes":2583},{"name":"[assignment-detail] status 200","path":"::[assignment-detail] status 200","id":"e710e6c64d866e8aa495eeee12857a96","passes":1664,"fails":0},{"name":"[course-structure] status 200","path":"::[course-structure] status 200","id":"45076dc5505a2dec22a1285b97bafbe7","passes":5326,"fails":0},{"passes":5326,"fails":0,"name":"[course-structure] has sections","path":"::[course-structure] has sections","id":"577857fc8e49dd358e9f4a98d4384892"},{"name":"[start-attempt] status 201","path":"::[start-attempt] status 201","id":"f990128b664d9d14e0bb6193e32639b6","passes":1895,"fails":311},{"name":"[material] status 200","path":"::[material] status 200","id":"63f4ad05017bb4331bea0b8e36102285","passes":2123,"fails":0},{"passes":2078,"fails":91,"name":"[submit-assignment] status 201","path":"::[submit-assignment] status 201","id":"ecafa50a3856224eba5597445d73435f"},{"path":"::[cf-prereq-locked] status 404","id":"02fa3bab31e2635b75b34d82dfe5a24b","passes":566,"fails":5,"name":"[cf-prereq-locked] status 404"},{"name":"[quiz-detail] status 200","path":"::[quiz-detail] status 200","id":"917c623bb77fd0f4c30b55655ab512f2","passes":1139,"fails":0},{"passes":1054,"fails":0,"name":"[user-grades] status 200","path":"::[user-grades] status 200","id":"9f3f9ad7deda827f2720eebbc1dd73e8"},{"path":"::[quiz-attempt-result] status 200","id":"70625d2eb6b822427844d89e9447d306","passes":651,"fails":0,"name":"[quiz-attempt-result] status 200"},{"fails":0,"name":"[cf-non-enrolled] status 403","path":"::[cf-non-enrolled] status 403","id":"74e7493c763b9162227e2b80a7db0818","passes":959},{"name":"[course-completion] status 200","path":"::[course-completion] status 200","id":"6021218ae7a89652ba95b72dd11a3df7","passes":418,"fails":0},{"name":"[course-completion] has progress","path":"::[course-completion] has progress","id":"31c5713011250a32de1229068e09d491","passes":418,"fails":0},{"name":"[material-list] status 200","path":"::[material-list] status 200","id":"0c8f8d2cbff40a8ee4a03aac96a829f5","passes":656,"fails":0}],"name":""}}