{"metrics":{"http_req_blocked":{"type":"trend","contains":"time","values":{"max":21.74921,"p(90)":0.015191599999999998,"p(95)":0.021476,"p(99)":0.24265712999999264,"avg":0.01797231488022104,"min":0.002943,"med":0.011038}},"http_req_failed":{"values":{"passes":0,"fails":26048,"rate":0},"thresholds":{"rate<0.10":{"ok":true}},"type":"rate","contains":"default"},"vus":{"type":"gauge","contains":"default","values":{"value":1,"min":1,"max":250}},"http_req_duration{expected_response:true}":{"type":"trend","contains":"time","values":{"avg":2068.7211068829597,"min":21.881697,"med":2245.557026,"max":4484.837838,"p(90)":2611.8655532,"p(95)":2722.7749775499997,"p(99)":2993.006080409999}},"start_attempt_duration":{"type":"trend","contains":"time","values":{"avg":2001.153035142965,"min":25.665589,"med":2184.085752,"max":3774.821915,"p(90)":2479.4766118000002,"p(95)":2580.0683787499997,"p(99)":2827.587679710002}},"material_detail_duration":{"values":{"med":2141.38416,"max":4082.296036,"p(90)":2435.999079,"p(95)":2533.9640072999996,"p(99)":2774.4701874800003,"avg":1951.9903621465164,"min":23.314834},"type":"trend","contains":"time"},"http_req_connecting":{"type":"trend","contains":"time","values":{"max":10.624322,"p(90)":0,"p(95)":0,"p(99)":0,"avg":0.003116836302211304,"min":0,"med":0}},"checks":{"type":"rate","contains":"default","values":{"rate":1,"passes":46848,"fails":0}},"quiz_detail_duration":{"contains":"time","values":{"p(90)":2689.0232096,"p(95)":2806.360143,"p(99)":3085.58062702,"avg":2164.1449151492043,"min":30.370924,"med":2355.682487,"max":3877.516619},"type":"trend"},"http_reqs":{"type":"counter","contains":"default","values":{"count":26048,"rate":66.60533877391963}},"vus_max":{"type":"gauge","contains":"default","values":{"value":250,"min":250,"max":250}},"materials_list_duration":{"contains":"time","values":{"max":4484.837838,"p(90)":2439.3239058999998,"p(95)":2531.71707015,"p(99)":2761.1501213299994,"avg":1967.5021541547774,"min":21.881697,"med":2150.8786655},"type":"trend"},"http_req_sending":{"contains":"time","values":{"avg":0.04858337976044224,"min":0.007185,"med":0.0337755,"max":76.995775,"p(90)":0.0517953,"p(95)":0.06250339999999996,"p(99)":0.13144558999999975},"type":"trend"},"http_req_tls_handshaking":{"type":"trend","contains":"time","values":{"p(99)":0,"avg":0,"min":0,"med":0,"max":0,"p(90)":0,"p(95)":0}},"iterations":{"type":"counter","contains":"default","values":{"rate":66.60533877391963,"count":26048}},"errors":{"type":"rate","contains":"default","values":{"fails":0,"rate":0,"passes":0},"thresholds":{"rate<0.10":{"ok":true}}},"http_req_duration":{"thresholds":{"p(95)<2000":{"ok":false}},"type":"trend","contains":"time","values":{"avg":2068.7211068829597,"min":21.881697,"med":2245.557026,"max":4484.837838,"p(90)":2611.8655532,"p(95)":2722.7749775499997,"p(99)":2993.006080409999}},"http_req_receiving":{"type":"trend","contains":"time","values":{"p(99)":1.1782808499999997,"avg":0.21888174589220105,"min":0.028184,"med":0.145241,"max":39.127141,"p(90)":0.3296377999999999,"p(95)":0.4654847999999973}},"data_sent":{"type":"counter","contains":"data","values":{"count":3405058,"rate":8706.812102074831}},"iteration_duration":{"type":"trend","contains":"time","values":{"p(99)":4624.42219756,"avg":3322.7192497384845,"min":531.594493,"med":3431.877139,"max":5954.106312,"p(90)":4187.8124161,"p(95)":4345.210721349999}},"http_req_waiting":{"type":"trend","contains":"time","values":{"max":4484.569818,"p(90)":2611.5584251,"p(95)":2722.2948085499997,"p(99)":2992.7996105899983,"avg":2068.453641757294,"min":21.465982,"med":2245.366352}},"gradebook_duration":{"type":"trend","contains":"time","values":{"p(95)":2828.4246996999996,"p(99)":3095.136774960001,"avg":2172.674274842329,"min":35.472961,"med":2369.9942595,"max":3862.109268,"p(90)":2716.5282419}},"submit_assignment_duration":{"type":"trend","contains":"time","values":{"p(99)":2961.476027899999,"avg":2066.5831828156647,"min":30.979557,"med":2277.691539,"max":3885.864647,"p(90)":2607.0506246,"p(95)":2707.2207289499997}},"data_received":{"type":"counter","contains":"data","values":{"count":167073120,"rate":427209.83406080026}}},"root_group":{"name":"","path":"","id":"d41d8cd98f00b204e9800998ecf8427e","groups":[],"checks":[{"name":"[gradebook] status 200","path":"::[gradebook] status 200","id":"9186de991ebaa0ed414ff11baa5503d0","passes":5188,"fails":0},{"fails":0,"name":"[gradebook] success","path":"::[gradebook] success","id":"a15a69867e50cddaa06c049f7cde480d","passes":5188},{"path":"::[quiz-detail] status 200","id":"917c623bb77fd0f4c30b55655ab512f2","passes":6535,"fails":0,"name":"[quiz-detail] status 200"},{"name":"[quiz-detail] success","path":"::[quiz-detail] success","id":"6719d54de0da0cfb59497b1755be95e9","passes":6535,"fails":0},{"name":"[start-attempt] status 201 or 400","path":"::[start-attempt] status 201 or 400","id":"33680026b6a14104cfefb4ee3b4b083d","passes":2644,"fails":0},{"name":"[materials-list] status 200","path":"::[materials-list] status 200","id":"463a16ce0b1d8abee844a574ea056361","passes":5214,"fails":0},{"path":"::[materials-list] success","id":"664e43a5933df86e3bab167b84d274ca","passes":5214,"fails":0,"name":"[materials-list] success"},{"id":"a12462dd78c876a1d31a53eadf87e378","passes":3863,"fails":0,"name":"[material-detail] status 200","path":"::[material-detail] status 200"},{"name":"[material-detail] success","path":"::[material-detail] success","id":"3632f96ad89cbc27cd995a000cbd8596","passes":3863,"fails":0},{"passes":2604,"fails":0,"name":"[submit-assignment] status 201 or 400","path":"::[submit-assignment] status 201 or 400","id":"c6b8e5b4b95e1cad4532c36b70154d08"}]},"options":{"summaryTrendStats":["avg","min","med","max","p(90)","p(95)","p(99)"],"summaryTimeUnit":"","noColor":false},"state":{"isStdErrTTY":false,"testRunDurationMs":391079.761465,"isStdOutTTY":false}}