{"options":{"summaryTrendStats":["avg","min","med","max","p(90)","p(95)","p(99)"],"summaryTimeUnit":"","noColor":false},"state":{"isStdOutTTY":false,"isStdErrTTY":false,"testRunDurationMs":391830.603736},"metrics":{"course_completion_duration":{"contains":"time","values":{"p(90)":11401.4901192,"p(95)":11923.5440563,"p(99)":12572.0936023,"avg":8912.318599892342,"min":17.999739,"med":9928.459984,"max":13365.829323},"type":"trend"},"http_req_connecting":{"contains":"time","values":{"p(99)":1.66195081,"avg":0.5262111107517852,"min":0,"med":0,"max":1032.930888,"p(90)":0,"p(95)":0},"type":"trend"},"iteration_duration":{"type":"trend","contains":"time","values":{"p(99)":18505.85608324,"avg":10995.925804195273,"min":534.210262,"med":11480.7715205,"max":22013.471625,"p(90)":14284.410408400003,"p(95)":16206.1381131}},"course_structure_duration":{"values":{"max":13846.205622,"p(90)":11600.7736298,"p(95)":12187.6022987,"p(99)":13080.50642218,"avg":9201.566632276192,"min":32.393008,"med":10156.79336},"type":"trend","contains":"time"},"iterations":{"type":"counter","contains":"default","values":{"rate":60.76605495583556,"count":23810}},"submit_assignment_duration":{"contains":"time","values":{"max":13445.269486,"p(90)":11389.5469594,"p(95)":12005.655189499998,"p(99)":12864.299862340004,"avg":9175.794384177158,"min":27.513955,"med":10031.38386},"type":"trend"},"http_req_duration":{"type":"trend","contains":"time","values":{"avg":9741.359705771987,"min":14.829653,"med":10266.900345,"max":20299.714042,"p(90)":12955.433032100002,"p(95)":14941.35840035,"p(99)":17108.041416509997}},"http_req_failed":{"thresholds":{"rate<0.05":{"ok":false}},"type":"rate","contains":"default","values":{"passes":2216,"fails":21594,"rate":0.09307013859722806}},"vus_max":{"type":"gauge","contains":"default","values":{"value":750,"min":750,"max":750}},"material_list_duration":{"type":"trend","contains":"time","values":{"med":10041.482213,"max":13325.68261,"p(90)":11384.34781,"p(95)":12123.647713,"p(99)":13154.91234384,"avg":9061.73191540434,"min":28.958858}},"http_reqs":{"type":"counter","contains":"default","values":{"count":23810,"rate":60.76605495583556}},"data_sent":{"type":"counter","contains":"data","values":{"count":3843059,"rate":9807.960285280069}},"start_attempt_duration":{"type":"trend","contains":"time","values":{"min":28.101591,"med":10077.037411500001,"max":13624.432124,"p(90)":11446.6136429,"p(95)":12093.490458949998,"p(99)":12959.224794499998,"avg":9236.193046053526}},"http_req_blocked":{"type":"trend","contains":"time","values":{"p(95)":0.015243999999999985,"p(99)":1.7750684099999992,"avg":0.5481279590088205,"min":0.002464,"med":0.007151,"max":1033.0179,"p(90)":0.009585}},"http_req_tls_handshaking":{"type":"trend","contains":"time","values":{"p(99)":0,"avg":0,"min":0,"med":0,"max":0,"p(90)":0,"p(95)":0}},"vus":{"contains":"default","values":{"value":1,"min":1,"max":750},"type":"gauge"},"quiz_attempt_result_duration":{"type":"trend","contains":"time","values":{"min":40.68716,"med":10228.1835935,"max":14248.680195,"p(90)":11728.5931475,"p(95)":12313.3478995,"p(99)":13228.98069655,"avg":9475.51000671179}},"material_detail_duration":{"contains":"time","values":{"p(90)":11476.132524600001,"p(95)":12071.7962688,"p(99)":12960.74917096,"avg":9268.863796225143,"min":19.932098,"med":10026.391038,"max":13459.505885},"type":"trend"},"quiz_detail_duration":{"contains":"time","values":{"avg":9259.898220473373,"min":31.192286,"med":10220.561850999999,"max":13611.788406,"p(90)":11817.015111800001,"p(95)":12435.584006399999,"p(99)":13155.02023097},"type":"trend"},"http_req_duration{expected_response:true}":{"type":"trend","contains":"time","values":{"med":10293.847425,"max":20299.714042,"p(90)":13224.9649793,"p(95)":15155.268760299998,"p(99)":17205.5477017,"avg":9787.758863151774,"min":17.999739}},"gradebook_duration":{"type":"trend","contains":"time","values":{"max":20299.714042,"p(90)":16996.361129800003,"p(95)":17637.105535699997,"p(99)":18684.22139328,"avg":13879.129940261288,"min":208.028748,"med":14630.039073}},"assignment_detail_duration":{"type":"trend","contains":"time","values":{"max":13424.611735,"p(90)":11398.855558000001,"p(95)":12030.3528424,"p(99)":12919.876462239998,"avg":9084.419511996779,"min":22.215731,"med":9967.472383}},"http_req_sending":{"values":{"p(95)":0.05877494999999999,"p(99)":0.14185710999999995,"avg":0.03198457664846716,"min":0.005529,"med":0.027051,"max":16.327507,"p(90)":0.04092300000000002},"type":"trend","contains":"time"},"checks":{"type":"rate","contains":"default","values":{"fails":523,"rate":0.9827284435784815,"passes":29758}},"errors":{"type":"rate","contains":"default","values":{"fails":0,"rate":1,"passes":523}},"http_req_receiving":{"contains":"time","values":{"p(95)":39.50456484999999,"p(99)":107.55936964999998,"avg":7.003614146577089,"min":0.013541,"med":0.3312505,"max":1760.81281,"p(90)":18.169725400000008},"type":"trend"},"data_received":{"values":{"count":2170688842,"rate":5539865.496219699},"type":"counter","contains":"data"},"user_grades_duration":{"type":"trend","contains":"time","values":{"p(99)":13289.849889980002,"avg":9353.803867890669,"min":25.984841,"med":10289.535633,"max":13866.580649,"p(90)":11806.8819249,"p(95)":12453.987734899998}},"http_req_waiting":{"type":"trend","contains":"time","values":{"p(90)":12947.1428594,"p(95)":14912.071276050001,"p(99)":17059.88200825,"avg":9734.324107048697,"min":14.690111,"med":10264.420571,"max":20272.012304}}},"root_group":{"name":"","path":"","id":"d41d8cd98f00b204e9800998ecf8427e","groups":[],"checks":[{"fails":0,"name":"[course-structure] status 200","path":"::[course-structure] status 200","id":"45076dc5505a2dec22a1285b97bafbe7","passes":5988},{"path":"::[course-structure] has sections","id":"577857fc8e49dd358e9f4a98d4384892","passes":5988,"fails":0,"name":"[course-structure] has sections"},{"id":"0c8f8d2cbff40a8ee4a03aac96a829f5","passes":737,"fails":0,"name":"[material-list] status 200","path":"::[material-list] status 200"},{"name":"[start-attempt] status 201","path":"::[start-attempt] status 201","id":"f990128b664d9d14e0bb6193e32639b6","passes":2019,"fails":391},{"id":"ecafa50a3856224eba5597445d73435f","passes":2264,"fails":118,"name":"[submit-assignment] status 201","path":"::[submit-assignment] status 201"},{"path":"::[gradebook] status 200","id":"9186de991ebaa0ed414ff11baa5503d0","passes":2767,"fails":0,"name":"[gradebook] status 200"},{"id":"63f4ad05017bb4331bea0b8e36102285","passes":2363,"fails":0,"name":"[material] status 200","path":"::[material] status 200"},{"name":"[user-grades] status 200","path":"::[user-grades] status 200","id":"9f3f9ad7deda827f2720eebbc1dd73e8","passes":1180,"fails":0},{"passes":1869,"fails":0,"name":"[assignment-detail] status 200","path":"::[assignment-detail] status 200","id":"e710e6c64d866e8aa495eeee12857a96"},{"passes":1164,"fails":0,"name":"[quiz-detail] status 200","path":"::[quiz-detail] status 200","id":"917c623bb77fd0f4c30b55655ab512f2"},{"path":"::[cf-prereq-locked] status 404","id":"02fa3bab31e2635b75b34d82dfe5a24b","passes":677,"fails":14,"name":"[cf-prereq-locked] status 404"},{"name":"[cf-non-enrolled] status 403","path":"::[cf-non-enrolled] status 403","id":"74e7493c763b9162227e2b80a7db0818","passes":1030,"fails":0},{"name":"[course-completion] status 200","path":"::[course-completion] status 200","id":"6021218ae7a89652ba95b72dd11a3df7","passes":483,"fails":0},{"name":"[course-completion] has progress","path":"::[course-completion] has progress","id":"31c5713011250a32de1229068e09d491","passes":483,"fails":0},{"passes":746,"fails":0,"name":"[quiz-attempt-result] status 200","path":"::[quiz-attempt-result] status 200","id":"70625d2eb6b822427844d89e9447d306"}]}}