{"state":{"isStdOutTTY":false,"isStdErrTTY":false,"testRunDurationMs":391426.767319},"metrics":{"vus":{"type":"gauge","contains":"default","values":{"value":1,"min":1,"max":750}},"material_detail_duration":{"type":"trend","contains":"time","values":{"avg":8334.453531618827,"min":23.020614,"med":9238.0205045,"max":10711.108611,"p(90)":9600.2913839,"p(95)":9697.737087,"p(99)":9876.51087688}},"iterations":{"type":"counter","contains":"default","values":{"count":26955,"rate":68.86345608048966}},"errors":{"contains":"default","values":{"rate":0,"passes":0,"fails":0},"thresholds":{"rate<0.10":{"ok":true}},"type":"rate"},"http_req_blocked":{"type":"trend","contains":"time","values":{"max":24.29867,"p(90)":0.017552000000000043,"p(95)":0.027489899999999998,"p(99)":0.3552897399999995,"avg":0.027404255017621632,"min":0.003651,"med":0.010886}},"http_req_waiting":{"type":"trend","contains":"time","values":{"avg":8444.929217829796,"min":22.78161,"med":9335.444247,"max":11565.631062,"p(90)":9769.2217616,"p(95)":9886.6461867,"p(99)":10123.88554444}},"checks":{"type":"rate","contains":"default","values":{"rate":1,"passes":48654,"fails":0}},"submit_assignment_duration":{"contains":"time","values":{"p(95)":9856.23179455,"p(99)":10086.17230103,"avg":8462.739655852456,"min":37.444638,"med":9345.400838000001,"max":10827.818446,"p(90)":9749.816061900001},"type":"trend"},"http_reqs":{"type":"counter","contains":"default","values":{"count":26955,"rate":68.86345608048966}},"quiz_detail_duration":{"contains":"time","values":{"avg":8544.922432431336,"min":29.939763,"med":9441.5982645,"max":11396.304337,"p(90)":9855.736235,"p(95)":9963.71702915,"p(99)":10200.34282027},"type":"trend"},"gradebook_duration":{"contains":"time","values":{"min":40.28624,"med":9474.708972,"max":11565.858648,"p(90)":9887.4565288,"p(95)":9990.260075,"p(99)":10243.6017876,"avg":8533.488157697768},"type":"trend"},"data_sent":{"values":{"rate":8981.672418776732,"count":3515667},"type":"counter","contains":"data"},"iteration_duration":{"type":"trend","contains":"time","values":{"avg":9694.529275803312,"min":538.316324,"med":10483.490792,"max":13115.25303,"p(90)":11315.6798108,"p(95)":11503.523844399999,"p(99)":11793.019360119999}},"vus_max":{"type":"gauge","contains":"default","values":{"max":750,"value":750,"min":750}},"http_req_duration":{"contains":"time","values":{"med":9335.773227,"max":11565.858648,"p(90)":9769.5330596,"p(95)":9887.1690013,"p(99)":10124.0475191,"avg":8445.19314120286,"min":23.020614},"thresholds":{"p(95)<2000":{"ok":false}},"type":"trend"},"http_req_receiving":{"type":"trend","contains":"time","values":{"p(99)":1.0292476999999987,"avg":0.2131672516416251,"min":0.029825,"med":0.146072,"max":55.681376,"p(90)":0.3023212,"p(95)":0.4273247999999999}},"materials_list_duration":{"type":"trend","contains":"time","values":{"p(90)":9610.156783299999,"p(95)":9702.67289835,"p(99)":9909.22324408,"avg":8351.989686130357,"min":23.679185,"med":9243.186612000001,"max":11327.381687}},"data_received":{"type":"counter","contains":"data","values":{"count":177543444,"rate":453580.23217484227}},"http_req_duration{expected_response:true}":{"type":"trend","contains":"time","values":{"min":23.020614,"med":9335.773227,"max":11565.858648,"p(90)":9769.5330596,"p(95)":9887.1690013,"p(99)":10124.0475191,"avg":8445.19314120286}},"start_attempt_duration":{"values":{"p(90)":9631.8418256,"p(95)":9737.42848295,"p(99)":9948.096858060002,"avg":8355.40424068133,"min":27.787034,"med":9263.874387,"max":11517.386217},"type":"trend","contains":"time"},"http_req_connecting":{"type":"trend","contains":"time","values":{"min":0,"med":0,"max":24.140463,"p(90)":0,"p(95)":0,"p(99)":0.234857,"avg":0.011830781561862371}},"http_req_tls_handshaking":{"type":"trend","contains":"time","values":{"p(95)":0,"p(99)":0,"avg":0,"min":0,"med":0,"max":0,"p(90)":0}},"http_req_sending":{"type":"trend","contains":"time","values":{"max":43.927695,"p(90)":0.055324600000000036,"p(95)":0.07122099999999999,"p(99)":0.13129221999999982,"avg":0.05075612149879474,"min":0.007992,"med":0.034378}},"http_req_failed":{"values":{"rate":0,"passes":0,"fails":26955},"thresholds":{"rate<0.10":{"ok":true}},"type":"rate","contains":"default"}},"root_group":{"path":"","id":"d41d8cd98f00b204e9800998ecf8427e","groups":[],"checks":[{"fails":0,"name":"[start-attempt] status 201 or 400","path":"::[start-attempt] status 201 or 400","id":"33680026b6a14104cfefb4ee3b4b083d","passes":2592},{"path":"::[quiz-detail] status 200","id":"917c623bb77fd0f4c30b55655ab512f2","passes":6702,"fails":0,"name":"[quiz-detail] status 200"},{"name":"[quiz-detail] success","path":"::[quiz-detail] success","id":"6719d54de0da0cfb59497b1755be95e9","passes":6702,"fails":0},{"name":"[materials-list] status 200","path":"::[materials-list] status 200","id":"463a16ce0b1d8abee844a574ea056361","passes":5532,"fails":0},{"name":"[materials-list] success","path":"::[materials-list] success","id":"664e43a5933df86e3bab167b84d274ca","passes":5532,"fails":0},{"name":"[submit-assignment] status 201 or 400","path":"::[submit-assignment] status 201 or 400","id":"c6b8e5b4b95e1cad4532c36b70154d08","passes":2664,"fails":0},{"passes":5433,"fails":0,"name":"[gradebook] status 200","path":"::[gradebook] status 200","id":"9186de991ebaa0ed414ff11baa5503d0"},{"name":"[gradebook] success","path":"::[gradebook] success","id":"a15a69867e50cddaa06c049f7cde480d","passes":5433,"fails":0},{"name":"[material-detail] status 200","path":"::[material-detail] status 200","id":"a12462dd78c876a1d31a53eadf87e378","passes":4032,"fails":0},{"name":"[material-detail] success","path":"::[material-detail] success","id":"3632f96ad89cbc27cd995a000cbd8596","passes":4032,"fails":0}],"name":""},"options":{"summaryTrendStats":["avg","min","med","max","p(90)","p(95)","p(99)"],"summaryTimeUnit":"","noColor":false}}