{"metrics":{"http_reqs":{"type":"counter","contains":"default","values":{"count":23977,"rate":61.42428852137922}},"gradebook_duration":{"values":{"min":18.594886,"med":128.070557,"max":1144.349253,"p(90)":329.95308300000005,"p(95)":392.76766189999995,"p(99)":534.7179659799998,"avg":160.2400410287709},"type":"trend","contains":"time"},"data_sent":{"type":"counter","contains":"data","values":{"count":3132289,"rate":8024.299256301555}},"submit_assignment_duration":{"type":"trend","contains":"time","values":{"max":882.717002,"p(90)":478.3149392,"p(95)":547.6565267999999,"p(99)":730.57109564,"avg":246.85805458308863,"min":37.832472,"med":209.012192}},"http_req_blocked":{"contains":"time","values":{"p(90)":0.017668800000000016,"p(95)":0.023889400000000012,"p(99)":0.05290820000000093,"avg":0.016549821620719884,"min":0.003159,"med":0.010627,"max":23.072414},"type":"trend"},"material_detail_duration":{"type":"trend","contains":"time","values":{"max":976.731858,"p(90)":357.7817322000003,"p(95)":422.61158969999997,"p(99)":562.1486096400005,"avg":174.20498928074034,"min":20.789866,"med":139.774819}},"http_req_tls_handshaking":{"type":"trend","contains":"time","values":{"avg":0,"min":0,"med":0,"max":0,"p(90)":0,"p(95)":0,"p(99)":0}},"quiz_detail_duration":{"type":"trend","contains":"time","values":{"p(90)":431.0903174,"p(95)":514.0095660999996,"p(99)":660.3849462599999,"avg":215.7144603820641,"min":25.679744,"med":180.964947,"max":1104.613578}},"http_req_failed":{"type":"rate","contains":"default","values":{"rate":0,"passes":0,"fails":23977},"thresholds":{"rate<0.10":{"ok":true}}},"vus":{"type":"gauge","contains":"default","values":{"max":100,"value":2,"min":2}},"vus_max":{"type":"gauge","contains":"default","values":{"min":100,"max":100,"value":100}},"http_req_waiting":{"contains":"time","values":{"min":18.425487,"med":155.853289,"max":1144.170695,"p(90)":394.08524680000016,"p(95)":469.61835380000014,"p(99)":625.7272394800007,"avg":193.20783940688992},"type":"trend"},"http_req_receiving":{"type":"trend","contains":"time","values":{"med":0.147657,"max":52.074121,"p(90)":0.3393454000000001,"p(95)":0.4722772000000003,"p(99)":1.235717720000018,"avg":0.24024864887183353,"min":0.025117}},"data_received":{"contains":"data","values":{"count":154848524,"rate":396691.0128575599},"type":"counter"},"iteration_duration":{"type":"trend","contains":"time","values":{"min":528.497891,"med":1444.133965,"max":3076.319973,"p(90)":2049.2988568,"p(95)":2156.4321998,"p(99)":2359.9494572000003,"avg":1442.260421048089}},"iterations":{"type":"counter","contains":"default","values":{"count":23977,"rate":61.42428852137922}},"checks":{"contains":"default","values":{"rate":1,"passes":43161,"fails":0},"type":"rate"},"http_req_duration":{"type":"trend","contains":"time","values":{"min":18.594886,"med":156.156892,"max":1144.349253,"p(90)":394.39203560000016,"p(95)":469.9501558000002,"p(99)":625.9136227600005,"avg":193.4940873125077},"thresholds":{"p(95)<2000":{"ok":true}}},"http_req_duration{expected_response:true}":{"contains":"time","values":{"med":156.156892,"max":1144.349253,"p(90)":394.39203560000016,"p(95)":469.9501558000002,"p(99)":625.9136227600005,"avg":193.4940873125077,"min":18.594886},"type":"trend"},"errors":{"values":{"rate":0,"passes":0,"fails":0},"thresholds":{"rate<0.10":{"ok":true}},"type":"rate","contains":"default"},"http_req_sending":{"type":"trend","contains":"time","values":{"avg":0.04599925674604833,"min":0.007268,"med":0.035055,"max":30.675648,"p(90)":0.0571074,"p(95)":0.06924900000000002,"p(99)":0.20304036000000003}},"materials_list_duration":{"type":"trend","contains":"time","values":{"p(90)":368.4838988,"p(95)":435.8930839,"p(99)":587.3934525799997,"avg":179.18675382207041,"min":21.638858,"med":143.042391,"max":1083.876861}},"start_attempt_duration":{"type":"trend","contains":"time","values":{"min":30.274613,"med":174.51527099999998,"max":1002.693247,"p(90)":412.36944700000015,"p(95)":481.4307484499999,"p(99)":615.7504093399995,"avg":208.23858542678875}},"http_req_connecting":{"type":"trend","contains":"time","values":{"p(99)":0,"avg":0.001767925970721942,"min":0,"med":0,"max":3.260065,"p(90)":0,"p(95)":0}}},"root_group":{"name":"","path":"","id":"d41d8cd98f00b204e9800998ecf8427e","groups":[],"checks":[{"name":"[quiz-detail] status 200","path":"::[quiz-detail] status 200","id":"917c623bb77fd0f4c30b55655ab512f2","passes":5999,"fails":0},{"passes":5999,"fails":0,"name":"[quiz-detail] success","path":"::[quiz-detail] success","id":"6719d54de0da0cfb59497b1755be95e9"},{"fails":0,"name":"[gradebook] status 200","path":"::[gradebook] status 200","id":"9186de991ebaa0ed414ff11baa5503d0","passes":4727},{"path":"::[gradebook] success","id":"a15a69867e50cddaa06c049f7cde480d","passes":4727,"fails":0,"name":"[gradebook] success"},{"name":"[materials-list] status 200","path":"::[materials-list] status 200","id":"463a16ce0b1d8abee844a574ea056361","passes":4839,"fails":0},{"name":"[materials-list] success","path":"::[materials-list] success","id":"664e43a5933df86e3bab167b84d274ca","passes":4839,"fails":0},{"name":"[submit-assignment] status 201 or 400","path":"::[submit-assignment] status 201 or 400","id":"c6b8e5b4b95e1cad4532c36b70154d08","passes":2389,"fails":0},{"name":"[material-detail] status 200","path":"::[material-detail] status 200","id":"a12462dd78c876a1d31a53eadf87e378","passes":3619,"fails":0},{"path":"::[material-detail] success","id":"3632f96ad89cbc27cd995a000cbd8596","passes":3619,"fails":0,"name":"[material-detail] success"},{"passes":2404,"fails":0,"name":"[start-attempt] status 201 or 400","path":"::[start-attempt] status 201 or 400","id":"33680026b6a14104cfefb4ee3b4b083d"}]},"options":{"summaryTrendStats":["avg","min","med","max","p(90)","p(95)","p(99)"],"summaryTimeUnit":"","noColor":false},"state":{"isStdOutTTY":false,"isStdErrTTY":false,"testRunDurationMs":390350.47173}}