{"options":{"summaryTrendStats":["avg","min","med","max","p(90)","p(95)","p(99)"],"summaryTimeUnit":"","noColor":false},"state":{"isStdOutTTY":false,"isStdErrTTY":false,"testRunDurationMs":412887.215637},"metrics":{"data_received":{"type":"counter","contains":"data","values":{"rate":899683.3903585551,"count":371467770}},"checks":{"type":"rate","contains":"default","values":{"fails":26433,"rate":0.17150916784203102,"passes":5472}},"submit_assignment_duration":{"contains":"time","values":{"p(99)":30006.352169659996,"avg":27090.39568290107,"min":0.877699,"med":29999.1504675,"max":30074.743993,"p(90)":30000.0323673,"p(95)":30000.2365299},"type":"trend"},"iteration_duration":{"type":"trend","contains":"time","values":{"p(99)":31985.29101316,"avg":28517.672748380355,"min":515.090132,"med":31090.562915,"max":32198.960583,"p(90)":31822.020974799998,"p(95)":31912.6089398}},"assignment_detail_duration":{"type":"trend","contains":"time","values":{"p(99)":30008.2179408,"avg":27086.68511441857,"min":0.827812,"med":29999.131516,"max":30182.555252,"p(90)":30000.062528,"p(95)":30000.242415}},"http_req_failed":{"type":"rate","contains":"default","values":{"rate":0.8413836826881167,"passes":21234,"fails":4003},"thresholds":{"rate<0.05":{"ok":false}}},"quiz_attempt_result_duration":{"type":"trend","contains":"time","values":{"p(99)":30005.68016573,"avg":27060.194154091794,"min":0.839702,"med":29999.070545,"max":30096.282345,"p(90)":30000.0075714,"p(95)":30000.198026849997}},"material_detail_duration":{"type":"trend","contains":"time","values":{"p(95)":30000.2448449,"p(99)":30004.83783001,"avg":27336.119978940238,"min":0.793381,"med":29999.172577999998,"max":30067.530106,"p(90)":30000.0539058}},"material_list_duration":{"contains":"time","values":{"med":29999.109498,"max":30026.941459,"p(90)":30000.027053,"p(95)":30000.209643,"p(99)":30004.6200326,"avg":27171.167277482255,"min":2.197503},"type":"trend"},"user_grades_duration":{"type":"trend","contains":"time","values":{"min":0.880824,"med":29999.123860500004,"max":30042.402497,"p(90)":30000.022069500003,"p(95)":30000.18409285,"p(99)":30003.60619823,"avg":26787.046370838012}},"http_req_tls_handshaking":{"type":"trend","contains":"time","values":{"med":0,"max":0,"p(90)":0,"p(95)":0,"p(99)":0,"avg":0,"min":0}},"http_req_blocked":{"type":"trend","contains":"time","values":{"avg":10.263816275389336,"min":0.002574,"med":1.193501,"max":1239.056622,"p(90)":16.18384700000001,"p(95)":34.136970599999984,"p(99)":134.1873335199999}},"course_completion_duration":{"contains":"time","values":{"p(95)":30000.21914185,"p(99)":30001.15121559,"avg":27340.990079471085,"min":0.69489,"med":29999.198893,"max":30012.064979,"p(90)":30000.081625299998},"type":"trend"},"data_sent":{"contains":"data","values":{"count":4070324,"rate":9858.198185478637},"type":"counter"},"http_req_waiting":{"type":"trend","contains":"time","values":{"max":30235.154323,"p(90)":29999.978932,"p(95)":30000.1830932,"p(99)":30005.06787908,"avg":27262.923433418273,"min":0.05301,"med":29999.088064}},"http_req_duration{expected_response:true}":{"values":{"p(90)":27096.7433562,"p(95)":28774.197832899998,"p(99)":29796.664130579997,"avg":15055.487258360721,"min":22.692658,"med":14906.504007,"max":29991.452297},"type":"trend","contains":"time"},"http_req_receiving":{"values":{"avg":0.9771896976661234,"min":0,"med":0,"max":450.685294,"p(90)":0.1950460000000003,"p(95)":0.9346131999999985,"p(99)":29.234947879999876},"type":"trend","contains":"time"},"errors":{"values":{"rate":1,"passes":20895,"fails":0},"type":"rate","contains":"default"},"course_structure_duration":{"contains":"time","values":{"med":29999.1533055,"max":30198.673341,"p(90)":30000.0218971,"p(95)":30000.2269464,"p(99)":30005.31413898,"avg":27312.72354208119,"min":0.763845},"type":"trend"},"vus_max":{"type":"gauge","contains":"default","values":{"value":2000,"min":2000,"max":2000}},"http_req_connecting":{"type":"trend","contains":"time","values":{"max":1238.885279,"p(90)":16.069354400000012,"p(95)":34.05316959999995,"p(99)":134.1150092799999,"avg":10.203319873835982,"min":0,"med":1.127851}},"quiz_detail_duration":{"type":"trend","contains":"time","values":{"p(95)":30000.181037749997,"p(99)":30001.03338479,"avg":26857.311245734505,"min":0.813862,"med":29999.1000475,"max":30090.317657,"p(90)":29999.991408}},"vus":{"type":"gauge","contains":"default","values":{"value":2,"min":2,"max":2000}},"http_req_duration":{"type":"trend","contains":"time","values":{"min":0.09835,"med":29999.154678,"max":30235.209627,"p(90)":30000.0371572,"p(95)":30000.2338116,"p(99)":30005.129301279998,"avg":27263.982924771502}},"start_attempt_duration":{"type":"trend","contains":"time","values":{"avg":27431.53420659974,"min":0.802405,"med":29999.197713,"max":30235.209627,"p(90)":30000.061093,"p(95)":30000.230723,"p(99)":30003.0323624}},"gradebook_duration":{"type":"trend","contains":"time","values":{"avg":27810.679322769243,"min":0.640016,"med":29999.211913,"max":30123.579374,"p(90)":30000.075867,"p(95)":30000.333677,"p(99)":30006.6644518}},"iterations":{"type":"counter","contains":"default","values":{"count":25169,"rate":60.95853551960773}},"http_req_sending":{"type":"trend","contains":"time","values":{"p(95)":0.11701099999999998,"p(99)":0.2270821999999999,"avg":0.08230165554542869,"min":0.005568,"med":0.055565,"max":250.645497,"p(90)":0.09590060000000002}},"http_reqs":{"contains":"default","values":{"count":25237,"rate":61.12322940555208},"type":"counter"}},"root_group":{"id":"d41d8cd98f00b204e9800998ecf8427e","groups":[],"checks":[{"fails":5133,"name":"[course-structure] status 200","path":"::[course-structure] status 200","id":"45076dc5505a2dec22a1285b97bafbe7","passes":1051},{"fails":5132,"name":"[course-structure] has sections","path":"::[course-structure] has sections","id":"577857fc8e49dd358e9f4a98d4384892","passes":1052},{"path":"::[material] status 200","id":"63f4ad05017bb4331bea0b8e36102285","passes":432,"fails":2162,"name":"[material] status 200"},{"path":"::[submit-assignment] status 201","id":"ecafa50a3856224eba5597445d73435f","passes":429,"fails":2079,"name":"[submit-assignment] status 201"},{"fails":1021,"name":"[user-grades] status 200","path":"::[user-grades] status 200","id":"9f3f9ad7deda827f2720eebbc1dd73e8","passes":257},{"name":"[course-completion] status 200","path":"::[course-completion] status 200","id":"6021218ae7a89652ba95b72dd11a3df7","passes":78,"fails":406},{"path":"::[course-completion] has progress","id":"31c5713011250a32de1229068e09d491","passes":78,"fails":406,"name":"[course-completion] has progress"},{"name":"[quiz-detail] status 200","path":"::[quiz-detail] status 200","id":"917c623bb77fd0f4c30b55655ab512f2","passes":257,"fails":1065},{"name":"[assignment-detail] status 200","path":"::[assignment-detail] status 200","id":"e710e6c64d866e8aa495eeee12857a96","passes":361,"fails":1605},{"name":"[gradebook] status 200","path":"::[gradebook] status 200","id":"9186de991ebaa0ed414ff11baa5503d0","passes":472,"fails":2609},{"name":"[material-list] status 200","path":"::[material-list] status 200","id":"0c8f8d2cbff40a8ee4a03aac96a829f5","passes":144,"fails":617},{"id":"f990128b664d9d14e0bb6193e32639b6","passes":389,"fails":2102,"name":"[start-attempt] status 201","path":"::[start-attempt] status 201"},{"name":"[quiz-attempt-result] status 200","path":"::[quiz-attempt-result] status 200","id":"70625d2eb6b822427844d89e9447d306","passes":132,"fails":620},{"name":"[cf-non-enrolled] status 403","path":"::[cf-non-enrolled] status 403","id":"74e7493c763b9162227e2b80a7db0818","passes":213,"fails":853},{"name":"[cf-prereq-locked] status 404","path":"::[cf-prereq-locked] status 404","id":"02fa3bab31e2635b75b34d82dfe5a24b","passes":127,"fails":623}],"name":"","path":""}}