{"options":{"summaryTrendStats":["avg","min","med","max","p(90)","p(95)","p(99)"],"summaryTimeUnit":"","noColor":false},"state":{"isStdOutTTY":false,"isStdErrTTY":false,"testRunDurationMs":391297.582288},"metrics":{"http_req_duration{expected_response:true}":{"type":"trend","contains":"time","values":{"avg":4895.964848198548,"min":20.098181,"med":5304.949606,"max":7422.356224,"p(90)":5794.4550992,"p(95)":5948.681121199999,"p(99)":6252.2593003599995}},"http_req_blocked":{"type":"trend","contains":"time","values":{"p(99)":0.35035958,"avg":0.020987035897799326,"min":0.00301,"med":0.010674,"max":26.310887,"p(90)":0.0168044,"p(95)":0.025127299999999995}},"http_req_sending":{"type":"trend","contains":"time","values":{"med":0.033699,"max":36.714438,"p(90)":0.05414820000000001,"p(95)":0.06808349999999999,"p(99)":0.14779091999999996,"avg":0.048278849994684396,"min":0.00792}},"http_reqs":{"type":"counter","contains":"default","values":{"count":28219,"rate":72.11646909494692}},"gradebook_duration":{"type":"trend","contains":"time","values":{"avg":4771.541210896565,"min":20.098181,"med":5198.241062,"max":6771.068423,"p(90)":5631.882896800001,"p(95)":5789.6109368,"p(99)":6100.28247132}},"material_detail_duration":{"type":"trend","contains":"time","values":{"p(99)":6175.3095717100005,"avg":4838.709839142719,"min":23.716003,"med":5248.436392,"max":7090.853163,"p(90)":5696.9786983,"p(95)":5870.1864607}},"quiz_detail_duration":{"type":"trend","contains":"time","values":{"min":27.672403,"med":5389.382459,"max":7422.356224,"p(90)":5864.2247509,"p(95)":6016.8572715,"p(99)":6329.15851875,"avg":4976.9085712589895}},"http_req_duration":{"type":"trend","contains":"time","values":{"p(99)":6252.2593003599995,"avg":4895.964848198548,"min":20.098181,"med":5304.949606,"max":7422.356224,"p(90)":5794.4550992,"p(95)":5948.681121199999},"thresholds":{"p(95)<2000":{"ok":false}}},"data_received":{"type":"counter","contains":"data","values":{"count":184413236,"rate":471286.41818254197}},"iteration_duration":{"values":{"avg":6148.409875864304,"min":531.277334,"med":6497.999668,"max":9392.954758,"p(90)":7318.380972800001,"p(95)":7514.9149027,"p(99)":7874.58108482},"type":"trend","contains":"time"},"checks":{"type":"rate","contains":"default","values":{"passes":50734,"fails":0,"rate":1}},"http_req_tls_handshaking":{"type":"trend","contains":"time","values":{"max":0,"p(90)":0,"p(95)":0,"p(99)":0,"avg":0,"min":0,"med":0}},"http_req_waiting":{"type":"trend","contains":"time","values":{"min":19.960753,"med":5304.671524,"max":7422.158519,"p(90)":5794.220515,"p(95)":5948.4605712,"p(99)":6251.99214542,"avg":4895.70732198695}},"http_req_receiving":{"type":"trend","contains":"time","values":{"p(90)":0.3067692000000001,"p(95)":0.4217036999999999,"p(99)":1.0330194,"avg":0.20924736160034055,"min":0.024834,"med":0.143646,"max":47.100225}},"http_req_failed":{"values":{"rate":0,"passes":0,"fails":28219},"thresholds":{"rate<0.10":{"ok":true}},"type":"rate","contains":"default"},"http_req_connecting":{"contains":"time","values":{"min":0,"med":0,"max":26.184572,"p(90)":0,"p(95)":0,"p(99)":0.23263197999999996,"avg":0.006141986994578117},"type":"trend"},"errors":{"type":"rate","contains":"default","values":{"rate":0,"passes":0,"fails":0},"thresholds":{"rate<0.10":{"ok":true}}},"data_sent":{"type":"counter","contains":"data","values":{"count":3690563,"rate":9431.601847423884}},"materials_list_duration":{"type":"trend","contains":"time","values":{"p(90)":5729.6066485,"p(95)":5878.67229525,"p(99)":6179.45735175,"avg":4866.850310825573,"min":23.61716,"med":5275.9217065,"max":6659.007422}},"vus":{"contains":"default","values":{"value":7,"min":4,"max":500},"type":"gauge"},"vus_max":{"type":"gauge","contains":"default","values":{"value":500,"min":500,"max":500}},"iterations":{"values":{"count":28219,"rate":72.11646909494692},"type":"counter","contains":"default"},"submit_assignment_duration":{"type":"trend","contains":"time","values":{"med":5472.372461,"max":7414.990697,"p(90)":5965.579666500001,"p(95)":6132.455497999999,"p(99)":6490.78997371,"avg":5058.971545128015,"min":41.841582}},"start_attempt_duration":{"values":{"p(90)":5808.4862615,"p(95)":5961.6290695,"p(99)":6266.13914825,"avg":4921.793248086576,"min":34.237369,"med":5353.293681499999,"max":7304.522767},"type":"trend","contains":"time"}},"root_group":{"name":"","path":"","id":"d41d8cd98f00b204e9800998ecf8427e","groups":[],"checks":[{"name":"[material-detail] status 200","path":"::[material-detail] status 200","id":"a12462dd78c876a1d31a53eadf87e378","passes":4092,"fails":0},{"name":"[material-detail] success","path":"::[material-detail] success","id":"3632f96ad89cbc27cd995a000cbd8596","passes":4092,"fails":0},{"id":"463a16ce0b1d8abee844a574ea056361","passes":5676,"fails":0,"name":"[materials-list] status 200","path":"::[materials-list] status 200"},{"name":"[materials-list] success","path":"::[materials-list] success","id":"664e43a5933df86e3bab167b84d274ca","passes":5676,"fails":0},{"name":"[gradebook] status 200","path":"::[gradebook] status 200","id":"9186de991ebaa0ed414ff11baa5503d0","passes":5685,"fails":0},{"name":"[gradebook] success","path":"::[gradebook] success","id":"a15a69867e50cddaa06c049f7cde480d","passes":5685,"fails":0},{"passes":7062,"fails":0,"name":"[quiz-detail] status 200","path":"::[quiz-detail] status 200","id":"917c623bb77fd0f4c30b55655ab512f2"},{"fails":0,"name":"[quiz-detail] success","path":"::[quiz-detail] success","id":"6719d54de0da0cfb59497b1755be95e9","passes":7062},{"name":"[submit-assignment] status 201 or 400","path":"::[submit-assignment] status 201 or 400","id":"c6b8e5b4b95e1cad4532c36b70154d08","passes":2828,"fails":0},{"fails":0,"name":"[start-attempt] status 201 or 400","path":"::[start-attempt] status 201 or 400","id":"33680026b6a14104cfefb4ee3b4b083d","passes":2876}]}}