{"metrics":{"checks":{"type":"rate","contains":"default","values":{"passes":27322,"fails":424,"rate":0.9847185179845743}},"errors":{"type":"rate","contains":"default","values":{"rate":1,"passes":424,"fails":0}},"quiz_attempt_result_duration":{"type":"trend","contains":"time","values":{"max":8714.068402,"p(90)":7700.435002800001,"p(95)":7993.090534399999,"p(99)":8476.499078159999,"avg":6329.270252496231,"min":40.20431,"med":6896.96829}},"http_req_receiving":{"values":{"p(90)":18.671783800000004,"p(95)":39.50386279999992,"p(99)":101.67659828999989,"avg":7.087159666773498,"min":0.016175,"med":0.35881850000000004,"max":2311.364138},"type":"trend","contains":"time"},"http_req_duration":{"type":"trend","contains":"time","values":{"avg":6705.788311121838,"min":15.985464,"med":6768.510228,"max":16226.610162,"p(90)":9296.985866600002,"p(95)":11551.637744899996,"p(99)":13478.868877109999}},"http_req_failed":{"type":"rate","contains":"default","values":{"passes":1907,"fails":19937,"rate":0.08730086064823292},"thresholds":{"rate<0.05":{"ok":false}}},"http_req_connecting":{"type":"trend","contains":"time","values":{"avg":0.2971270586888844,"min":0,"med":0,"max":1014.317593,"p(90)":0,"p(95)":0,"p(99)":1.3203801199999987}},"data_sent":{"type":"counter","contains":"data","values":{"count":3522876,"rate":9011.656043049774}},"http_reqs":{"contains":"default","values":{"count":21844,"rate":55.87781534302634},"type":"counter"},"assignment_detail_duration":{"contains":"time","values":{"avg":6008.071910025349,"min":23.681825,"med":6546.348697,"max":8962.836037,"p(90)":7377.580938,"p(95)":7685.2279504,"p(99)":8129.74917978},"type":"trend"},"http_req_duration{expected_response:true}":{"contains":"time","values":{"p(95)":11722.0820812,"p(99)":13576.218992,"avg":6771.092507588413,"min":15.985464,"med":6802.067638,"max":16226.610162,"p(90)":9909.369461000002},"type":"trend"},"gradebook_duration":{"type":"trend","contains":"time","values":{"min":257.307061,"med":11154.1972125,"max":16226.610162,"p(90)":13260.0525685,"p(95)":13922.699444,"p(99)":14933.74342675,"avg":10777.634539322094}},"vus":{"type":"gauge","contains":"default","values":{"max":500,"value":1,"min":1}},"user_grades_duration":{"contains":"time","values":{"avg":6298.608101217824,"min":41.342178,"med":6793.875722000001,"max":9070.654852,"p(90)":7793.329244400001,"p(95)":8023.403337049999,"p(99)":8612.815756120006},"type":"trend"},"course_structure_duration":{"type":"trend","contains":"time","values":{"med":6766.418858,"max":9706.727644,"p(90)":7622.218528400001,"p(95)":7915.836245099999,"p(99)":8345.17102226,"avg":6213.742358379117,"min":38.982794}},"material_list_duration":{"type":"trend","contains":"time","values":{"p(99)":8267.250892579996,"avg":6156.356458499999,"min":50.37686,"med":6659.026615,"max":8938.71815,"p(90)":7493.7706045,"p(95)":7759.895670650001}},"submit_assignment_duration":{"type":"trend","contains":"time","values":{"min":34.873651,"med":6673.164172000001,"max":9077.032104,"p(90)":7561.7325834,"p(95)":7800.286346049999,"p(99)":8277.42695435,"avg":6203.585818296957}},"start_attempt_duration":{"type":"trend","contains":"time","values":{"p(95)":7750.947678099998,"p(99)":8214.756322079993,"avg":6160.859171052275,"min":32.15447,"med":6653.096103,"max":8532.986224,"p(90)":7488.623859000001}},"http_req_blocked":{"type":"trend","contains":"time","values":{"avg":0.3070756974455235,"min":0.002724,"med":0.007312,"max":1014.391647,"p(90)":0.0095647,"p(95)":0.013018649999999988,"p(99)":1.4057149299999985}},"http_req_tls_handshaking":{"type":"trend","contains":"time","values":{"min":0,"med":0,"max":0,"p(90)":0,"p(95)":0,"p(99)":0,"avg":0}},"http_req_sending":{"type":"trend","contains":"time","values":{"avg":0.033331846914484604,"min":0.005708,"med":0.0273315,"max":41.305459,"p(90)":0.04034800000000001,"p(95)":0.05285849999999998,"p(99)":0.15060249999999994}},"data_received":{"type":"counter","contains":"data","values":{"count":2055280073,"rate":5257487.657814305}},"material_detail_duration":{"type":"trend","contains":"time","values":{"p(99)":8110.590863799999,"avg":6023.100496165156,"min":24.225254,"med":6546.300291,"max":8453.692047,"p(90)":7437.2715842,"p(95)":7677.4293689}},"iteration_duration":{"type":"trend","contains":"time","values":{"max":18065.689298,"p(90)":10516.643446600001,"p(95)":12766.159059949998,"p(99)":14754.363494969999,"avg":7959.7623681502455,"min":553.130253,"med":8023.7683785}},"course_completion_duration":{"type":"trend","contains":"time","values":{"med":6548.5698855,"max":8138.502377,"p(90)":7443.7552911,"p(95)":7627.09961685,"p(99)":7923.23808993,"avg":6070.670737637777,"min":15.985464}},"quiz_detail_duration":{"type":"trend","contains":"time","values":{"min":37.299885,"med":6768.7583495,"max":8805.80455,"p(90)":7590.326545399999,"p(95)":7928.113802100001,"p(99)":8384.81533016,"avg":6210.4064890943755}},"http_req_waiting":{"type":"trend","contains":"time","values":{"p(95)":11517.320433049998,"p(99)":13400.086085189994,"avg":6698.667819608177,"min":15.887544,"med":6766.2713645,"max":16203.78105,"p(90)":9256.682477400003}},"vus_max":{"type":"gauge","contains":"default","values":{"value":500,"min":500,"max":500}},"iterations":{"type":"counter","contains":"default","values":{"rate":55.87781534302634,"count":21844}}},"root_group":{"name":"","path":"","id":"d41d8cd98f00b204e9800998ecf8427e","groups":[],"checks":[{"name":"[submit-assignment] status 201","path":"::[submit-assignment] status 201","id":"ecafa50a3856224eba5597445d73435f","passes":2051,"fails":111},{"name":"[start-attempt] status 201","path":"::[start-attempt] status 201","id":"f990128b664d9d14e0bb6193e32639b6","passes":1896,"fails":304},{"fails":0,"name":"[course-structure] status 200","path":"::[course-structure] status 200","id":"45076dc5505a2dec22a1285b97bafbe7","passes":5452},{"path":"::[course-structure] has sections","id":"577857fc8e49dd358e9f4a98d4384892","passes":5452,"fails":0,"name":"[course-structure] has sections"},{"path":"::[quiz-detail] status 200","id":"917c623bb77fd0f4c30b55655ab512f2","passes":1102,"fails":0,"name":"[quiz-detail] status 200"},{"fails":0,"name":"[gradebook] status 200","path":"::[gradebook] status 200","id":"9186de991ebaa0ed414ff11baa5503d0","passes":2636},{"fails":0,"name":"[assignment-detail] status 200","path":"::[assignment-detail] status 200","id":"e710e6c64d866e8aa495eeee12857a96","passes":1815},{"name":"[material] status 200","path":"::[material] status 200","id":"63f4ad05017bb4331bea0b8e36102285","passes":2095,"fails":0},{"name":"[user-grades] status 200","path":"::[user-grades] status 200","id":"9f3f9ad7deda827f2720eebbc1dd73e8","passes":1134,"fails":0},{"name":"[material-list] status 200","path":"::[material-list] status 200","id":"0c8f8d2cbff40a8ee4a03aac96a829f5","passes":634,"fails":0},{"path":"::[cf-prereq-locked] status 404","id":"02fa3bab31e2635b75b34d82dfe5a24b","passes":604,"fails":9,"name":"[cf-prereq-locked] status 404"},{"name":"[cf-non-enrolled] status 403","path":"::[cf-non-enrolled] status 403","id":"74e7493c763b9162227e2b80a7db0818","passes":888,"fails":0},{"path":"::[quiz-attempt-result] status 200","id":"70625d2eb6b822427844d89e9447d306","passes":663,"fails":0,"name":"[quiz-attempt-result] status 200"},{"name":"[course-completion] status 200","path":"::[course-completion] status 200","id":"6021218ae7a89652ba95b72dd11a3df7","passes":450,"fails":0},{"passes":450,"fails":0,"name":"[course-completion] has progress","path":"::[course-completion] has progress","id":"31c5713011250a32de1229068e09d491"}]},"options":{"summaryTimeUnit":"","noColor":false,"summaryTrendStats":["avg","min","med","max","p(90)","p(95)","p(99)"]},"state":{"isStdOutTTY":false,"isStdErrTTY":false,"testRunDurationMs":390924.374296}}