{"state":{"isStdOutTTY":false,"isStdErrTTY":false,"testRunDurationMs":391272.810048},"metrics":{"http_req_duration":{"type":"trend","contains":"time","values":{"avg":7754.951442568176,"min":20.981127,"med":8469.222607,"max":11040.174199,"p(90)":9040.322292500001,"p(95)":9203.30720655,"p(99)":9521.8093536},"thresholds":{"p(95)<2000":{"ok":false}}},"http_req_failed":{"type":"rate","contains":"default","values":{"rate":0,"passes":0,"fails":28994},"thresholds":{"rate<0.10":{"ok":true}}},"checks":{"type":"rate","contains":"default","values":{"rate":1,"passes":52316,"fails":0}},"errors":{"type":"rate","contains":"default","values":{"rate":0,"passes":0,"fails":0},"thresholds":{"rate<0.10":{"ok":true}}},"http_req_waiting":{"contains":"time","values":{"avg":7754.678654882611,"min":20.673436,"med":8469.004375,"max":11039.95479,"p(90)":9040.1227266,"p(95)":9203.16367195,"p(99)":9521.46210197},"type":"trend"},"gradebook_duration":{"contains":"time","values":{"avg":7644.867459911534,"min":20.981127,"med":8356.078513,"max":10221.233781,"p(90)":8871.4216655,"p(95)":9029.86108875,"p(99)":9316.1798801},"type":"trend"},"submit_assignment_duration":{"type":"trend","contains":"time","values":{"min":38.647373,"med":8633.991385,"max":10079.656859,"p(90)":9214.0076528,"p(95)":9371.4166718,"p(99)":9657.41951292,"avg":7895.492670672391}},"data_sent":{"type":"counter","contains":"data","values":{"count":3776103,"rate":9650.818822643876}},"http_req_receiving":{"type":"trend","contains":"time","values":{"p(90)":0.32827039999999996,"p(95)":0.4594769999999998,"p(99)":1.1081208999999996,"avg":0.22433202728150486,"min":0.027672,"med":0.146144,"max":47.52435}},"vus":{"type":"gauge","contains":"default","values":{"value":14,"min":6,"max":750}},"start_attempt_duration":{"type":"trend","contains":"time","values":{"p(95)":9214.6772533,"p(99)":9531.39169352,"avg":7790.896230462666,"min":34.372705,"med":8514.925935,"max":10434.529624,"p(90)":9063.3769912}},"iterations":{"type":"counter","contains":"default","values":{"count":28994,"rate":74.10175012274202}},"vus_max":{"type":"gauge","contains":"default","values":{"value":750,"min":750,"max":750}},"data_received":{"type":"counter","contains":"data","values":{"count":188187855,"rate":480963.2823116786}},"quiz_detail_duration":{"values":{"p(90)":9121.1924672,"p(95)":9286.5050596,"p(99)":9594.668882099999,"avg":7842.486617075045,"min":26.273404,"med":8561.937901,"max":11040.174199},"type":"trend","contains":"time"},"http_req_connecting":{"type":"trend","contains":"time","values":{"avg":0.011833525729461284,"min":0,"med":0,"max":35.087324,"p(90)":0,"p(95)":0,"p(99)":0.23857467999999987}},"materials_list_duration":{"type":"trend","contains":"time","values":{"p(95)":9126.208242499999,"p(99)":9402.73720838,"avg":7712.921359767979,"min":22.758325,"med":8429.741452,"max":10250.363709,"p(90)":8962.004085999999}},"http_reqs":{"type":"counter","contains":"default","values":{"count":28994,"rate":74.10175012274202}},"material_detail_duration":{"contains":"time","values":{"p(99)":9426.300103459998,"avg":7697.029851503324,"min":21.544651,"med":8407.239377,"max":10176.19067,"p(90)":8935.3327253,"p(95)":9098.920898949998},"type":"trend"},"http_req_blocked":{"contains":"time","values":{"p(95)":0.027473199999999982,"p(99)":0.35562966999999973,"avg":0.027423001069186624,"min":0.00378,"med":0.010831,"max":35.197313,"p(90)":0.017592700000000003},"type":"trend"},"http_req_sending":{"values":{"min":0.008366,"med":0.034387,"max":23.891862,"p(90)":0.0555407,"p(95)":0.07198834999999996,"p(99)":0.14438904999999996,"avg":0.04845565817065591},"type":"trend","contains":"time"},"http_req_duration{expected_response:true}":{"type":"trend","contains":"time","values":{"med":8469.222607,"max":11040.174199,"p(90)":9040.322292500001,"p(95)":9203.30720655,"p(99)":9521.8093536,"avg":7754.951442568176,"min":20.981127}},"http_req_tls_handshaking":{"type":"trend","contains":"time","values":{"avg":0,"min":0,"med":0,"max":0,"p(90)":0,"p(95)":0,"p(99)":0}},"iteration_duration":{"contains":"time","values":{"p(99)":11103.759291620001,"avg":9005.941397229171,"min":539.859673,"med":9663.274730000001,"max":12818.593342,"p(90)":10537.8791437,"p(95)":10739.46266385},"type":"trend"}},"root_group":{"name":"","path":"","id":"d41d8cd98f00b204e9800998ecf8427e","groups":[],"checks":[{"fails":0,"name":"[quiz-detail] status 200","path":"::[quiz-detail] status 200","id":"917c623bb77fd0f4c30b55655ab512f2","passes":7315},{"path":"::[quiz-detail] success","id":"6719d54de0da0cfb59497b1755be95e9","passes":7315,"fails":0,"name":"[quiz-detail] success"},{"path":"::[materials-list] status 200","id":"463a16ce0b1d8abee844a574ea056361","passes":5763,"fails":0,"name":"[materials-list] status 200"},{"fails":0,"name":"[materials-list] success","path":"::[materials-list] success","id":"664e43a5933df86e3bab167b84d274ca","passes":5763},{"id":"9186de991ebaa0ed414ff11baa5503d0","passes":5766,"fails":0,"name":"[gradebook] status 200","path":"::[gradebook] status 200"},{"name":"[gradebook] success","path":"::[gradebook] success","id":"a15a69867e50cddaa06c049f7cde480d","passes":5766,"fails":0},{"passes":4478,"fails":0,"name":"[material-detail] status 200","path":"::[material-detail] status 200","id":"a12462dd78c876a1d31a53eadf87e378"},{"fails":0,"name":"[material-detail] success","path":"::[material-detail] success","id":"3632f96ad89cbc27cd995a000cbd8596","passes":4478},{"id":"33680026b6a14104cfefb4ee3b4b083d","passes":2879,"fails":0,"name":"[start-attempt] status 201 or 400","path":"::[start-attempt] status 201 or 400"},{"name":"[submit-assignment] status 201 or 400","path":"::[submit-assignment] status 201 or 400","id":"c6b8e5b4b95e1cad4532c36b70154d08","passes":2793,"fails":0}]},"options":{"summaryTrendStats":["avg","min","med","max","p(90)","p(95)","p(99)"],"summaryTimeUnit":"","noColor":false}}