{"state":{"isStdOutTTY":false,"isStdErrTTY":false,"testRunDurationMs":390524.558867},"metrics":{"checks":{"type":"rate","contains":"default","values":{"rate":1,"passes":42966,"fails":0}},"http_req_duration{expected_response:true}":{"values":{"p(90)":385.102611,"p(95)":462.287369,"p(99)":645.7765265,"avg":194.9750310197267,"min":19.164025,"med":161.13662699999998,"max":1387.714762},"type":"trend","contains":"time"},"submit_assignment_duration":{"type":"trend","contains":"time","values":{"min":37.588212,"med":206.5917555,"max":1104.961508,"p(90)":467.05869240000004,"p(95)":558.1712728000003,"p(99)":752.5095426700004,"avg":247.6836900234985}},"quiz_detail_duration":{"type":"trend","contains":"time","values":{"med":183.097614,"max":1084.441504,"p(90)":419.5003626000001,"p(95)":499.43330525,"p(99)":671.6338003099996,"avg":216.52028649548666,"min":28.285204}},"materials_list_duration":{"contains":"time","values":{"max":1387.714762,"p(90)":349.9590084000001,"p(95)":422.78834875000007,"p(99)":632.2835132900002,"avg":180.4383745344677,"min":23.197643,"med":151.58264300000002},"type":"trend"},"iteration_duration":{"values":{"p(95)":2154.0376532500004,"p(99)":2361.4431912500004,"avg":1451.6037183988144,"min":530.909905,"med":1456.6015005,"max":3286.689316,"p(90)":2048.010971},"type":"trend","contains":"time"},"material_detail_duration":{"type":"trend","contains":"time","values":{"p(95)":420.56347814999987,"p(99)":585.8283286199992,"avg":177.0868370783364,"min":20.774051,"med":146.06136850000001,"max":1025.520362,"p(90)":352.74870690000006}},"http_req_sending":{"values":{"min":0.008345,"med":0.0351055,"max":37.819258,"p(90)":0.056059,"p(95)":0.0684835,"p(99)":0.21549600000000002,"avg":0.05390417472509029},"type":"trend","contains":"time"},"gradebook_duration":{"values":{"avg":160.82790139423935,"min":19.164025,"med":134.348043,"max":888.213694,"p(90)":315.1663135,"p(95)":386.09107975,"p(99)":539.9897982499996},"type":"trend","contains":"time"},"http_req_connecting":{"type":"trend","contains":"time","values":{"min":0,"med":0,"max":12.041944,"p(90)":0,"p(95)":0,"p(99)":0,"avg":0.002418939687736086}},"http_req_blocked":{"type":"trend","contains":"time","values":{"med":0.011045,"max":22.468831,"p(90)":0.018029499999999997,"p(95)":0.024881999999999998,"p(99)":0.059871,"avg":0.018433360488542,"min":0.003197}},"http_req_receiving":{"contains":"time","values":{"p(90)":0.33754850000000003,"p(95)":0.47429299999999996,"p(99)":1.33516025,"avg":0.2356227669772516,"min":0.023194,"med":0.1482975,"max":40.931066},"type":"trend"},"vus":{"values":{"value":3,"min":2,"max":100},"type":"gauge","contains":"default"},"start_attempt_duration":{"type":"trend","contains":"time","values":{"max":1073.618357,"p(90)":400.30863580000033,"p(95)":485.9601609500002,"p(99)":645.7423598100005,"avg":214.6316102927137,"min":29.689657,"med":183.703635}},"vus_max":{"contains":"default","values":{"value":100,"min":100,"max":100},"type":"gauge"},"iterations":{"type":"counter","contains":"default","values":{"count":23826,"rate":61.01024752226751}},"http_reqs":{"contains":"default","values":{"count":23826,"rate":61.01024752226751},"type":"counter"},"http_req_duration":{"type":"trend","contains":"time","values":{"p(95)":462.287369,"p(99)":645.7765265,"avg":194.9750310197267,"min":19.164025,"med":161.13662699999998,"max":1387.714762,"p(90)":385.102611},"thresholds":{"p(95)<2000":{"ok":true}}},"http_req_failed":{"type":"rate","contains":"default","values":{"rate":0,"passes":0,"fails":23826},"thresholds":{"rate<0.10":{"ok":true}}},"data_sent":{"values":{"count":3104344,"rate":7949.164603133804},"type":"counter","contains":"data"},"http_req_tls_handshaking":{"type":"trend","contains":"time","values":{"avg":0,"min":0,"med":0,"max":0,"p(90)":0,"p(95)":0,"p(99)":0}},"data_received":{"values":{"count":154270498,"rate":395034.04970886745},"type":"counter","contains":"data"},"http_req_waiting":{"type":"trend","contains":"time","values":{"p(95)":461.62197299999997,"p(99)":645.5647625,"avg":194.68550407802385,"min":18.761303,"med":160.78598799999997,"max":1387.523327,"p(90)":384.7720435}},"errors":{"contains":"default","values":{"rate":0,"passes":0,"fails":0},"thresholds":{"rate<0.10":{"ok":true}},"type":"rate"}},"root_group":{"id":"d41d8cd98f00b204e9800998ecf8427e","groups":[],"checks":[{"fails":0,"name":"[quiz-detail] status 200","path":"::[quiz-detail] status 200","id":"917c623bb77fd0f4c30b55655ab512f2","passes":5982},{"path":"::[quiz-detail] success","id":"6719d54de0da0cfb59497b1755be95e9","passes":5982,"fails":0,"name":"[quiz-detail] success"},{"name":"[start-attempt] status 201 or 400","path":"::[start-attempt] status 201 or 400","id":"33680026b6a14104cfefb4ee3b4b083d","passes":2388,"fails":0},{"name":"[material-detail] status 200","path":"::[material-detail] status 200","id":"a12462dd78c876a1d31a53eadf87e378","passes":3702,"fails":0},{"passes":3702,"fails":0,"name":"[material-detail] success","path":"::[material-detail] success","id":"3632f96ad89cbc27cd995a000cbd8596"},{"name":"[gradebook] status 200","path":"::[gradebook] status 200","id":"9186de991ebaa0ed414ff11baa5503d0","passes":4756,"fails":0},{"name":"[gradebook] success","path":"::[gradebook] success","id":"a15a69867e50cddaa06c049f7cde480d","passes":4756,"fails":0},{"passes":4700,"fails":0,"name":"[materials-list] status 200","path":"::[materials-list] status 200","id":"463a16ce0b1d8abee844a574ea056361"},{"passes":4700,"fails":0,"name":"[materials-list] success","path":"::[materials-list] success","id":"664e43a5933df86e3bab167b84d274ca"},{"name":"[submit-assignment] status 201 or 400","path":"::[submit-assignment] status 201 or 400","id":"c6b8e5b4b95e1cad4532c36b70154d08","passes":2298,"fails":0}],"name":"","path":""},"options":{"summaryTrendStats":["avg","min","med","max","p(90)","p(95)","p(99)"],"summaryTimeUnit":"","noColor":false}}