{"state":{"isStdOutTTY":false,"isStdErrTTY":false,"testRunDurationMs":402505.738973},"metrics":{"material_detail_duration":{"type":"trend","contains":"time","values":{"p(99)":29255.01171947,"avg":24539.943696605747,"min":32.365154,"med":27047.7716525,"max":29879.309308,"p(90)":28364.0280757,"p(95)":28784.0620085}},"gradebook_duration":{"type":"trend","contains":"time","values":{"max":29922.030254,"p(90)":28193.9014633,"p(95)":28655.3226207,"p(99)":29069.90121091,"avg":24532.62384682204,"min":0.995244,"med":26968.9974105}},"http_req_duration{expected_response:true}":{"type":"trend","contains":"time","values":{"p(95)":28829.47945145,"p(99)":29314.892441660002,"avg":24668.20640962585,"min":32.365154,"med":27102.1352365,"max":29974.837544,"p(90)":28383.9778453}},"http_req_tls_handshaking":{"type":"trend","contains":"time","values":{"max":0,"p(90)":0,"p(95)":0,"p(99)":0,"avg":0,"min":0,"med":0}},"http_req_sending":{"type":"trend","contains":"time","values":{"avg":0.0886138660882826,"min":0.010693,"med":0.0719275,"max":33.892702,"p(90)":0.11086939999999999,"p(95)":0.13065224999999997,"p(99)":0.29043165999999904}},"http_reqs":{"type":"counter","contains":"default","values":{"count":27548,"rate":68.44126016759208}},"http_req_blocked":{"type":"trend","contains":"time","values":{"max":89.774354,"p(90)":0.4395055,"p(95)":0.6002864999999994,"p(99)":2.1662819399999984,"avg":0.41372619660229465,"min":0.004927,"med":0.31054499999999996}},"materials_list_duration":{"type":"trend","contains":"time","values":{"avg":24661.362264377312,"min":0.880339,"med":27058.2514425,"max":29929.651983,"p(90)":28354.556715,"p(95)":28792.8955477,"p(99)":29224.96660804}},"http_req_waiting":{"contains":"time","values":{"avg":24662.276054968344,"min":0.507744,"med":27101.857923,"max":30002.78692,"p(90)":28386.2418038,"p(95)":28831.77888445,"p(99)":29318.77109928},"type":"trend"},"submit_assignment_duration":{"type":"trend","contains":"time","values":{"p(95)":29111.065095,"p(99)":29539.31289142,"avg":24817.248126075785,"min":0.559441,"med":27270.542632,"max":30000.909791,"p(90)":28637.500713}},"quiz_detail_duration":{"contains":"time","values":{"max":30000.422406,"p(90)":28490.4687574,"p(95)":28915.3314983,"p(99)":29398.61247428,"avg":24715.018013397694,"min":1.466072,"med":27203.03007},"type":"trend"},"http_req_failed":{"contains":"default","values":{"rate":0.0005808044141135473,"passes":16,"fails":27532},"thresholds":{"rate<0.10":{"ok":true}},"type":"rate"},"vus":{"type":"gauge","contains":"default","values":{"max":2000,"value":2,"min":0}},"start_attempt_duration":{"type":"trend","contains":"time","values":{"p(90)":28407.813428499998,"p(95)":28876.966298749998,"p(99)":29346.88067285,"avg":24822.310986374538,"min":73.097953,"med":27147.3926735,"max":30002.872956}},"iterations":{"type":"counter","contains":"default","values":{"count":27548,"rate":68.44126016759208}},"http_req_receiving":{"type":"trend","contains":"time","values":{"p(95)":0.4790101499999992,"p(99)":1.1923980299999977,"avg":0.22783575548134183,"min":0,"med":0.1532675,"max":52.033968,"p(90)":0.32973269999999993}},"http_req_connecting":{"values":{"p(99)":1.73322337,"avg":0.3121250235951798,"min":0,"med":0.2213235,"max":89.662128,"p(90)":0.3146055,"p(95)":0.46166119999999966},"type":"trend","contains":"time"},"vus_max":{"type":"gauge","contains":"default","values":{"min":1024,"max":2000,"value":2000}},"iteration_duration":{"contains":"time","values":{"min":509.915927,"med":28333.71313,"max":31870.76224,"p(90)":29691.4199587,"p(95)":30167.510922899997,"p(99)":30866.92923201,"avg":25914.299100072236},"type":"trend"},"http_req_duration":{"values":{"avg":24662.592504589727,"min":0.559441,"med":27102.1352365,"max":30002.872956,"p(90)":28386.508199499996,"p(95)":28831.99718225,"p(99)":29319.232290729997},"thresholds":{"p(95)<2000":{"ok":false}},"type":"trend","contains":"time"},"checks":{"type":"rate","contains":"default","values":{"rate":0.9994954285829616,"passes":49522,"fails":25}},"data_sent":{"type":"counter","contains":"data","values":{"count":3599777,"rate":8943.417823519461}},"errors":{"type":"rate","contains":"default","values":{"rate":1,"passes":16,"fails":0},"thresholds":{"rate<0.10":{"ok":false}}},"data_received":{"values":{"count":177960684,"rate":442132.0412823668},"type":"counter","contains":"data"}},"root_group":{"name":"","path":"","id":"d41d8cd98f00b204e9800998ecf8427e","groups":[],"checks":[{"name":"[quiz-detail] status 200","path":"::[quiz-detail] status 200","id":"917c623bb77fd0f4c30b55655ab512f2","passes":6869,"fails":6},{"name":"[quiz-detail] success","path":"::[quiz-detail] success","id":"6719d54de0da0cfb59497b1755be95e9","passes":6869,"fails":6},{"fails":0,"name":"[material-detail] status 200","path":"::[material-detail] status 200","id":"a12462dd78c876a1d31a53eadf87e378","passes":4228},{"passes":4228,"fails":0,"name":"[material-detail] success","path":"::[material-detail] success","id":"3632f96ad89cbc27cd995a000cbd8596"},{"name":"[gradebook] status 200","path":"::[gradebook] status 200","id":"9186de991ebaa0ed414ff11baa5503d0","passes":5442,"fails":2},{"name":"[gradebook] success","path":"::[gradebook] success","id":"a15a69867e50cddaa06c049f7cde480d","passes":5442,"fails":2},{"name":"[materials-list] status 200","path":"::[materials-list] status 200","id":"463a16ce0b1d8abee844a574ea056361","passes":5451,"fails":1},{"name":"[materials-list] success","path":"::[materials-list] success","id":"664e43a5933df86e3bab167b84d274ca","passes":5451,"fails":1},{"path":"::[submit-assignment] status 201 or 400","id":"c6b8e5b4b95e1cad4532c36b70154d08","passes":2737,"fails":6,"name":"[submit-assignment] status 201 or 400"},{"name":"[start-attempt] status 201 or 400","path":"::[start-attempt] status 201 or 400","id":"33680026b6a14104cfefb4ee3b4b083d","passes":2805,"fails":1}]},"options":{"summaryTrendStats":["avg","min","med","max","p(90)","p(95)","p(99)"],"summaryTimeUnit":"","noColor":false}}