{"options":{"summaryTrendStats":["avg","min","med","max","p(90)","p(95)","p(99)"],"summaryTimeUnit":"","noColor":false},"state":{"isStdOutTTY":false,"isStdErrTTY":false,"testRunDurationMs":391377.353598},"metrics":{"material_detail_duration":{"type":"trend","contains":"time","values":{"min":21.872523,"med":2017.809379,"max":3729.70512,"p(90)":2415.5222624,"p(95)":2533.0369877,"p(99)":2885.3199407599996,"avg":1880.1412298162245}},"errors":{"thresholds":{"rate<0.10":{"ok":true}},"type":"rate","contains":"default","values":{"rate":0,"passes":0,"fails":0}},"http_req_duration{expected_response:true}":{"type":"trend","contains":"time","values":{"avg":1935.942312922302,"min":21.109694,"med":2079.2613385,"max":4417.469701,"p(90)":2516.1736088,"p(95)":2658.9429920499997,"p(99)":2979.0879650200004}},"materials_list_duration":{"type":"trend","contains":"time","values":{"p(99)":2883.08565544,"avg":1896.2254626549268,"min":22.735396,"med":2040.838401,"max":4397.834564,"p(90)":2439.3407638000003,"p(95)":2567.8632362000003}},"checks":{"type":"rate","contains":"default","values":{"rate":1,"passes":48948,"fails":0}},"submit_assignment_duration":{"type":"trend","contains":"time","values":{"p(90)":2692.6053356,"p(95)":2839.2007437499997,"p(99)":3173.7547116,"avg":2072.6633136788196,"min":44.867532,"med":2247.0449630000003,"max":4417.469701}},"http_req_tls_handshaking":{"type":"trend","contains":"time","values":{"p(99)":0,"avg":0,"min":0,"med":0,"max":0,"p(90)":0,"p(95)":0}},"iterations":{"type":"counter","contains":"default","values":{"count":27158,"rate":69.39083150910953}},"start_attempt_duration":{"type":"trend","contains":"time","values":{"avg":1971.697598824797,"min":35.816515,"med":2130.1804945,"max":4009.590835,"p(90)":2534.860173,"p(95)":2670.5374687500002,"p(99)":2944.0232415900005}},"http_req_sending":{"type":"trend","contains":"time","values":{"p(90)":0.0552779,"p(95)":0.06712999999999997,"p(99)":0.15648280000000014,"avg":0.048572564879593334,"min":0.00785,"med":0.0345815,"max":67.948989}},"http_reqs":{"type":"counter","contains":"default","values":{"count":27158,"rate":69.39083150910953}},"http_req_connecting":{"type":"trend","contains":"time","values":{"p(99)":0,"avg":0.003978090028720819,"min":0,"med":0,"max":13.94102,"p(90)":0,"p(95)":0}},"data_received":{"type":"counter","contains":"data","values":{"rate":456507.28985079686,"count":178666615}},"http_req_blocked":{"type":"trend","contains":"time","values":{"med":0.010736,"max":26.771105,"p(90)":0.016793099999999995,"p(95)":0.025061649999999974,"p(99)":0.23073353000000074,"avg":0.020325707820899985,"min":0.003358}},"iteration_duration":{"type":"trend","contains":"time","values":{"avg":3187.1721326068923,"min":531.635867,"med":3271.3981585,"max":6142.949923,"p(90)":4060.7100065,"p(95)":4230.043194949999,"p(99)":4573.00266132}},"http_req_failed":{"contains":"default","values":{"rate":0,"passes":0,"fails":27158},"thresholds":{"rate<0.10":{"ok":true}},"type":"rate"},"vus":{"contains":"default","values":{"value":2,"min":2,"max":250},"type":"gauge"},"quiz_detail_duration":{"type":"trend","contains":"time","values":{"avg":2017.601991177115,"min":27.790129,"med":2171.3402100000003,"max":3932.456097,"p(90)":2599.6326839000003,"p(95)":2743.750775549999,"p(99)":3086.771459279999}},"data_sent":{"type":"counter","contains":"data","values":{"rate":9046.560735950801,"count":3540619}},"http_req_duration":{"contains":"time","values":{"p(95)":2658.9429920499997,"p(99)":2979.0879650200004,"avg":1935.942312922302,"min":21.109694,"med":2079.2613385,"max":4417.469701,"p(90)":2516.1736088},"thresholds":{"p(95)<2000":{"ok":false}},"type":"trend"},"gradebook_duration":{"type":"trend","contains":"time","values":{"min":21.109694,"med":1982.3527774999998,"max":3677.769181,"p(90)":2349.1964034000002,"p(95)":2477.54809495,"p(99)":2796.34581245,"avg":1829.1309279111986}},"http_req_receiving":{"contains":"time","values":{"avg":0.22926963285219906,"min":0.027565,"med":0.147192,"max":67.296974,"p(90)":0.33132959999999995,"p(95)":0.46306204999999867,"p(99)":1.1781891000000004},"type":"trend"},"http_req_waiting":{"type":"trend","contains":"time","values":{"avg":1935.664470724576,"min":20.896023,"med":2078.9573229999996,"max":4417.35485,"p(90)":2515.8317489999995,"p(95)":2658.6727265999994,"p(99)":2978.81207196}},"vus_max":{"type":"gauge","contains":"default","values":{"value":250,"min":250,"max":250}}},"root_group":{"groups":[],"checks":[{"passes":5425,"fails":0,"name":"[materials-list] status 200","path":"::[materials-list] status 200","id":"463a16ce0b1d8abee844a574ea056361"},{"path":"::[materials-list] success","id":"664e43a5933df86e3bab167b84d274ca","passes":5425,"fails":0,"name":"[materials-list] success"},{"name":"[quiz-detail] status 200","path":"::[quiz-detail] status 200","id":"917c623bb77fd0f4c30b55655ab512f2","passes":6894,"fails":0},{"name":"[quiz-detail] success","path":"::[quiz-detail] success","id":"6719d54de0da0cfb59497b1755be95e9","passes":6894,"fails":0},{"name":"[gradebook] status 200","path":"::[gradebook] status 200","id":"9186de991ebaa0ed414ff11baa5503d0","passes":5428,"fails":0},{"passes":5428,"fails":0,"name":"[gradebook] success","path":"::[gradebook] success","id":"a15a69867e50cddaa06c049f7cde480d"},{"name":"[material-detail] status 200","path":"::[material-detail] status 200","id":"a12462dd78c876a1d31a53eadf87e378","passes":4043,"fails":0},{"name":"[material-detail] success","path":"::[material-detail] success","id":"3632f96ad89cbc27cd995a000cbd8596","passes":4043,"fails":0},{"name":"[submit-assignment] status 201 or 400","path":"::[submit-assignment] status 201 or 400","id":"c6b8e5b4b95e1cad4532c36b70154d08","passes":2634,"fails":0},{"id":"33680026b6a14104cfefb4ee3b4b083d","passes":2734,"fails":0,"name":"[start-attempt] status 201 or 400","path":"::[start-attempt] status 201 or 400"}],"name":"","path":"","id":"d41d8cd98f00b204e9800998ecf8427e"}}