{"options":{"summaryTrendStats":["avg","min","med","max","p(90)","p(95)","p(99)"],"summaryTimeUnit":"","noColor":false},"state":{"testRunDurationMs":391590.025435,"isStdOutTTY":false,"isStdErrTTY":false},"metrics":{"http_req_failed":{"contains":"default","values":{"rate":0,"passes":0,"fails":27708},"thresholds":{"rate<0.10":{"ok":true}},"type":"rate"},"http_req_duration{expected_response:true}":{"type":"trend","contains":"time","values":{"med":8952.129617999999,"max":11585.373095,"p(90)":9468.819726400001,"p(95)":9627.0230103,"p(99)":9936.16960401,"avg":8179.302234703821,"min":22.870789}},"vus":{"type":"gauge","contains":"default","values":{"value":1,"min":1,"max":750}},"iterations":{"type":"counter","contains":"default","values":{"count":27708,"rate":70.7576756308346}},"errors":{"type":"rate","contains":"default","values":{"rate":0,"passes":0,"fails":0},"thresholds":{"rate<0.10":{"ok":true}}},"http_req_connecting":{"values":{"avg":0.010963224736538183,"min":0,"med":0,"max":42.694749,"p(90)":0,"p(95)":0,"p(99)":0.24652966},"type":"trend","contains":"time"},"data_received":{"type":"counter","contains":"data","values":{"count":175369324,"rate":447839.0985704756}},"checks":{"values":{"fails":0,"rate":1,"passes":49738},"type":"rate","contains":"default"},"http_req_receiving":{"values":{"min":0.028112,"med":0.153283,"max":78.782678,"p(90)":0.34380089999999996,"p(95)":0.47888539999999974,"p(99)":1.1924458600000016,"avg":0.2459215494442026},"type":"trend","contains":"time"},"vus_max":{"type":"gauge","contains":"default","values":{"value":750,"min":750,"max":750}},"iteration_duration":{"type":"trend","contains":"time","values":{"p(99)":11534.557281020001,"avg":9432.321543211328,"min":560.403681,"med":10124.812533,"max":13238.261894,"p(90)":10986.2974541,"p(95)":11193.5342338}},"submit_assignment_duration":{"type":"trend","contains":"time","values":{"p(95)":9812.41971645,"p(99)":10109.72798615,"avg":8273.986972082705,"min":48.415074,"med":9116.440886,"max":10924.583522,"p(90)":9644.7568548}},"http_req_waiting":{"type":"trend","contains":"time","values":{"max":11585.238134,"p(90)":9468.642068,"p(95)":9626.8432049,"p(99)":9935.948620590001,"avg":8179.004726533956,"min":22.479256,"med":8951.9006515}},"start_attempt_duration":{"type":"trend","contains":"time","values":{"avg":8186.553495862262,"min":41.736064,"med":9003.9238635,"max":11585.373095,"p(90)":9488.7298068,"p(95)":9626.1783464,"p(99)":9933.27483929}},"materials_list_duration":{"type":"trend","contains":"time","values":{"p(90)":9389.253939799999,"p(95)":9542.4528406,"p(99)":9858.98270916,"avg":8208.554596374126,"min":25.854462,"med":8928.773716,"max":10708.64196}},"material_detail_duration":{"contains":"time","values":{"p(99)":9795.93463553,"avg":8093.2576308320495,"min":23.85101,"med":8884.220749,"max":10364.984923,"p(90)":9352.114090199999,"p(95)":9492.8666492},"type":"trend"},"http_reqs":{"type":"counter","contains":"default","values":{"count":27708,"rate":70.7576756308346}},"gradebook_duration":{"values":{"max":10933.972052,"p(90)":9306.804946,"p(95)":9455.345690799999,"p(99)":9772.457414319999,"avg":8100.047972520076,"min":22.870789,"med":8853.86786},"type":"trend","contains":"time"},"data_sent":{"type":"counter","contains":"data","values":{"rate":9276.196440307322,"count":3632466}},"http_req_duration":{"type":"trend","contains":"time","values":{"avg":8179.302234703821,"min":22.870789,"med":8952.129617999999,"max":11585.373095,"p(90)":9468.819726400001,"p(95)":9627.0230103,"p(99)":9936.16960401},"thresholds":{"p(95)<2000":{"ok":false}}},"http_req_tls_handshaking":{"contains":"time","values":{"p(90)":0,"p(95)":0,"p(99)":0,"avg":0,"min":0,"med":0,"max":0},"type":"trend"},"quiz_detail_duration":{"type":"trend","contains":"time","values":{"avg":8225.94706872222,"min":32.373523,"med":9040.613231,"max":11472.362196,"p(90)":9559.4578498,"p(95)":9724.5366733,"p(99)":10003.16074661}},"http_req_sending":{"type":"trend","contains":"time","values":{"min":0.008179,"med":0.0368265,"max":48.079112,"p(90)":0.0592496,"p(95)":0.07865739999999996,"p(99)":0.15860193000000022,"avg":0.05158662039844091}},"http_req_blocked":{"type":"trend","contains":"time","values":{"p(99)":0.37226868,"avg":0.03199336541792994,"min":0.003518,"med":0.011475,"max":52.742189,"p(90)":0.020571,"p(95)":0.02972109999999997}}},"root_group":{"name":"","path":"","id":"d41d8cd98f00b204e9800998ecf8427e","groups":[],"checks":[{"name":"[gradebook] status 200","path":"::[gradebook] status 200","id":"9186de991ebaa0ed414ff11baa5503d0","passes":5349,"fails":0},{"id":"a15a69867e50cddaa06c049f7cde480d","passes":5349,"fails":0,"name":"[gradebook] success","path":"::[gradebook] success"},{"passes":6934,"fails":0,"name":"[quiz-detail] status 200","path":"::[quiz-detail] status 200","id":"917c623bb77fd0f4c30b55655ab512f2"},{"passes":6934,"fails":0,"name":"[quiz-detail] success","path":"::[quiz-detail] success","id":"6719d54de0da0cfb59497b1755be95e9"},{"name":"[start-attempt] status 201 or 400","path":"::[start-attempt] status 201 or 400","id":"33680026b6a14104cfefb4ee3b4b083d","passes":2788,"fails":0},{"name":"[materials-list] status 200","path":"::[materials-list] status 200","id":"463a16ce0b1d8abee844a574ea056361","passes":5597,"fails":0},{"id":"664e43a5933df86e3bab167b84d274ca","passes":5597,"fails":0,"name":"[materials-list] success","path":"::[materials-list] success"},{"name":"[material-detail] status 200","path":"::[material-detail] status 200","id":"a12462dd78c876a1d31a53eadf87e378","passes":4150,"fails":0},{"name":"[material-detail] success","path":"::[material-detail] success","id":"3632f96ad89cbc27cd995a000cbd8596","passes":4150,"fails":0},{"name":"[submit-assignment] status 201 or 400","path":"::[submit-assignment] status 201 or 400","id":"c6b8e5b4b95e1cad4532c36b70154d08","passes":2890,"fails":0}]}}