{"state":{"isStdOutTTY":false,"isStdErrTTY":false,"testRunDurationMs":391874.464504},"metrics":{"iteration_duration":{"type":"trend","contains":"time","values":{"med":11155.752536,"max":20853.73303,"p(90)":13345.973959200002,"p(95)":15618.725194,"p(99)":17618.759002400002,"avg":10817.635800426635,"min":565.565314}},"course_completion_duration":{"type":"trend","contains":"time","values":{"med":9680.258775,"max":11499.639845,"p(90)":10555.949141,"p(95)":10779.303317999998,"p(99)":11231.44168616,"avg":8845.572938360338,"min":29.694125}},"checks":{"type":"rate","contains":"default","values":{"fails":532,"rate":0.9826585826976987,"passes":30146}},"data_sent":{"type":"counter","contains":"data","values":{"rate":9964.060824790342,"count":3904661}},"submit_assignment_duration":{"type":"trend","contains":"time","values":{"avg":9070.508740119409,"min":29.531327,"med":9820.70146,"max":11932.955046,"p(90)":10743.081508399999,"p(95)":10997.588735899997,"p(99)":11382.0604639}},"http_req_connecting":{"values":{"p(90)":0,"p(95)":0,"p(99)":1.7740935199999883,"avg":0.30498956193977467,"min":0,"med":0,"max":1019.796441},"type":"trend","contains":"time"},"http_req_tls_handshaking":{"type":"trend","contains":"time","values":{"p(90)":0,"p(95)":0,"p(99)":0,"avg":0,"min":0,"med":0,"max":0}},"vus_max":{"type":"gauge","contains":"default","values":{"value":750,"min":750,"max":750}},"quiz_attempt_result_duration":{"values":{"max":12047.084729,"p(90)":10977.0717706,"p(95)":11220.512648,"p(99)":11609.84150468,"avg":9406.154706656716,"min":60.687545,"med":10058.767847},"type":"trend","contains":"time"},"material_detail_duration":{"type":"trend","contains":"time","values":{"max":11765.902714,"p(90)":10586.737684,"p(95)":10824.978526,"p(99)":11212.365996,"avg":8931.325830536765,"min":25.341264,"med":9714.860836}},"http_req_blocked":{"values":{"p(99)":1.8891557999999562,"avg":0.3152635868478657,"min":0.002023,"med":0.007031,"max":1019.882833,"p(90)":0.009484,"p(95)":0.015032599999999998},"type":"trend","contains":"time"},"user_grades_duration":{"type":"trend","contains":"time","values":{"med":9572.22149,"max":11514.297972,"p(90)":10471.156332600001,"p(95)":10756.2678832,"p(99)":11156.03128998,"avg":8744.197528588931,"min":13.405071}},"http_req_duration":{"type":"trend","contains":"time","values":{"min":13.405071,"med":9939.101306,"max":19338.532197,"p(90)":11981.716140000008,"p(95)":14410.427003199999,"p(99)":16255.723266439996,"avg":9567.824794076821}},"material_list_duration":{"contains":"time","values":{"p(90)":10696.497658400001,"p(95)":10961.7499204,"p(99)":11384.907113940004,"avg":9125.517711425598,"min":40.562043,"med":9812.426376,"max":11628.032794},"type":"trend"},"http_req_receiving":{"type":"trend","contains":"time","values":{"p(99)":91.7030220399998,"avg":5.946134276632635,"min":0.013652,"med":0.238743,"max":730.626437,"p(90)":16.644191800000005,"p(95)":35.1580484}},"http_req_waiting":{"contains":"time","values":{"p(95)":14363.138400599993,"p(99)":16214.148908839987,"avg":9561.848002257539,"min":13.301835,"med":9938.393986,"max":19285.746686,"p(90)":11950.466363400003},"type":"trend"},"iterations":{"type":"counter","contains":"default","values":{"count":24209,"rate":61.77743689076962}},"quiz_detail_duration":{"type":"trend","contains":"time","values":{"avg":9147.999252725249,"min":36.758527,"med":9945.076193500001,"max":11653.148906,"p(90)":10846.5543359,"p(95)":11081.7432217,"p(99)":11400.752029379999}},"assignment_detail_duration":{"type":"trend","contains":"time","values":{"avg":9013.446015682022,"min":27.849165,"med":9752.315504,"max":11709.299624,"p(90)":10601.649058,"p(95)":10818.360532499999,"p(99)":11305.774944600002}},"http_req_failed":{"type":"rate","contains":"default","values":{"passes":2292,"fails":21917,"rate":0.09467553389235409},"thresholds":{"rate<0.05":{"ok":false}}},"http_reqs":{"type":"counter","contains":"default","values":{"count":24209,"rate":61.77743689076962}},"start_attempt_duration":{"type":"trend","contains":"time","values":{"min":33.855746,"med":9863.7710795,"max":11918.90387,"p(90)":10694.1326215,"p(95)":10931.484867250001,"p(99)":11339.4130309,"avg":9134.529428074618}},"vus":{"type":"gauge","contains":"default","values":{"value":1,"min":1,"max":750}},"gradebook_duration":{"type":"trend","contains":"time","values":{"med":14012.103033,"max":19338.532197,"p(90)":16112.4276332,"p(95)":16640.316977450002,"p(99)":17577.37554298,"avg":13392.223471897549,"min":227.200635}},"errors":{"type":"rate","contains":"default","values":{"fails":0,"rate":1,"passes":532}},"http_req_duration{expected_response:true}":{"type":"trend","contains":"time","values":{"med":9967.938861,"max":19338.532197,"p(90)":12771.810332200006,"p(95)":14550.9296996,"p(99)":16338.262743680001,"avg":9632.739490676937,"min":13.405071}},"http_req_sending":{"type":"trend","contains":"time","values":{"p(99)":0.1300299199999998,"avg":0.03065754264942789,"min":0.004848,"med":0.026991,"max":0.755138,"p(90)":0.03989220000000001,"p(95)":0.05484339999999993}},"data_received":{"contains":"data","values":{"count":2208650865,"rate":5636118.362025744},"type":"counter"},"course_structure_duration":{"type":"trend","contains":"time","values":{"max":12090.37027,"p(90)":10835.481306,"p(95)":11103.02067245,"p(99)":11553.28716768,"avg":9112.725454515321,"min":23.760751,"med":9911.6169715}}},"root_group":{"name":"","path":"","id":"d41d8cd98f00b204e9800998ecf8427e","groups":[],"checks":[{"fails":0,"name":"[course-structure] status 200","path":"::[course-structure] status 200","id":"45076dc5505a2dec22a1285b97bafbe7","passes":6000},{"passes":6000,"fails":0,"name":"[course-structure] has sections","path":"::[course-structure] has sections","id":"577857fc8e49dd358e9f4a98d4384892"},{"fails":3,"name":"[cf-prereq-locked] status 404","path":"::[cf-prereq-locked] status 404","id":"02fa3bab31e2635b75b34d82dfe5a24b","passes":705},{"name":"[user-grades] status 200","path":"::[user-grades] status 200","id":"9f3f9ad7deda827f2720eebbc1dd73e8","passes":1175,"fails":0},{"fails":139,"name":"[submit-assignment] status 201","path":"::[submit-assignment] status 201","id":"ecafa50a3856224eba5597445d73435f","passes":2256},{"path":"::[material-list] status 200","id":"0c8f8d2cbff40a8ee4a03aac96a829f5","passes":719,"fails":0,"name":"[material-list] status 200"},{"name":"[material] status 200","path":"::[material] status 200","id":"63f4ad05017bb4331bea0b8e36102285","passes":2461,"fails":0},{"path":"::[course-completion] status 200","id":"6021218ae7a89652ba95b72dd11a3df7","passes":469,"fails":0,"name":"[course-completion] status 200"},{"fails":0,"name":"[course-completion] has progress","path":"::[course-completion] has progress","id":"31c5713011250a32de1229068e09d491","passes":469},{"name":"[start-attempt] status 201","path":"::[start-attempt] status 201","id":"f990128b664d9d14e0bb6193e32639b6","passes":2076,"fails":390},{"name":"[assignment-detail] status 200","path":"::[assignment-detail] status 200","id":"e710e6c64d866e8aa495eeee12857a96","passes":1931,"fails":0},{"name":"[quiz-detail] status 200","path":"::[quiz-detail] status 200","id":"917c623bb77fd0f4c30b55655ab512f2","passes":1172,"fails":0},{"name":"[gradebook] status 200","path":"::[gradebook] status 200","id":"9186de991ebaa0ed414ff11baa5503d0","passes":2918,"fails":0},{"name":"[cf-non-enrolled] status 403","path":"::[cf-non-enrolled] status 403","id":"74e7493c763b9162227e2b80a7db0818","passes":1058,"fails":0},{"name":"[quiz-attempt-result] status 200","path":"::[quiz-attempt-result] status 200","id":"70625d2eb6b822427844d89e9447d306","passes":737,"fails":0}]},"options":{"noColor":false,"summaryTrendStats":["avg","min","med","max","p(90)","p(95)","p(99)"],"summaryTimeUnit":""}}