{"metrics":{"marker_grade_duration":{"contains":"time","values":{"max":8512.762642,"p(90)":7029.581929200001,"p(95)":7290.024920099999,"p(99)":7901.424629549996,"avg":5618.011183607858,"min":44.002429,"med":6181.7740045},"type":"trend"},"checks":{"type":"rate","contains":"default","values":{"rate":0.9599641003628985,"passes":24601,"fails":1026}},"read_activity_duration":{"type":"trend","contains":"time","values":{"avg":5673.558325826581,"min":34.50125,"med":6078.052662,"max":8205.15597,"p(90)":6919.884452,"p(95)":7228.812139,"p(99)":7807.831955000004}},"material_download_duration":{"type":"trend","contains":"time","values":{"med":6046.0476105,"max":8436.876068,"p(90)":6880.9173779,"p(95)":7180.3282690999995,"p(99)":7808.944368369993,"avg":5624.765912114346,"min":23.28014}},"submit_quiz_duration":{"type":"trend","contains":"time","values":{"med":6396.357077,"max":9065.120866,"p(90)":7335.224907400001,"p(95)":7611.4811604999995,"p(99)":8201.37418616,"avg":5878.152627281596,"min":60.667374}},"gradebook_duration":{"type":"trend","contains":"time","values":{"med":10920.158202499999,"max":16198.115831,"p(90)":13118.8236957,"p(95)":13707.641944199999,"p(99)":14673.954369300001,"avg":10598.87235420863,"min":179.330373}},"data_sent":{"type":"counter","contains":"data","values":{"count":5678850,"rate":14513.155057348355}},"http_req_failed{ef:1}":{"type":"rate","contains":"default","values":{"rate":1,"passes":2049,"fails":0},"thresholds":{"rate<1.01":{"ok":true}}},"http_req_waiting":{"contains":"time","values":{"p(95)":10399.0979837,"p(99)":12914.0213497,"avg":6050.29987945838,"min":15.163002,"med":6178.938863,"max":16143.79132,"p(90)":7496.499023200001},"type":"trend"},"http_req_duration":{"contains":"time","values":{"max":16198.115831,"p(90)":7501.114214800001,"p(95)":10428.4876957,"p(99)":12963.811542559997,"avg":6053.993162128062,"min":15.289476,"med":6179.402009},"type":"trend"},"grade_submission_duration":{"type":"trend","contains":"time","values":{"p(95)":7155.806863249999,"p(99)":7765.21914611,"avg":5734.423444417962,"min":39.861429,"med":6154.5910335,"max":8451.935139,"p(90)":6964.1715186}},"http_req_connecting":{"type":"trend","contains":"time","values":{"avg":0.19958914199867336,"min":0,"med":0,"max":1013.798321,"p(90)":0,"p(95)":0,"p(99)":1.1838218199999984}},"vus":{"values":{"value":4,"min":4,"max":500},"type":"gauge","contains":"default"},"course_structure_duration":{"type":"trend","contains":"time","values":{"p(95)":7312.829927,"p(99)":7914.166048599999,"avg":5750.520387438765,"min":19.527974,"med":6221.058653,"max":8532.622509,"p(90)":7045.28368}},"http_req_failed":{"type":"rate","contains":"default","values":{"fails":22552,"rate":0.11999063487727787,"passes":3075},"thresholds":{"rate<0.15":{"ok":true}}},"vus_max":{"type":"gauge","contains":"default","values":{"min":500,"max":500,"value":500}},"data_received":{"type":"counter","contains":"data","values":{"count":1568187857,"rate":4007739.864178809}},"iterations":{"contains":"default","values":{"rate":53.58687678711012,"count":20968},"type":"counter"},"cascade_read_duration":{"values":{"max":8451.393602,"p(90)":7060.9129917,"p(95)":7359.2599067,"p(99)":7956.993579260001,"avg":5759.849697244347,"min":15.489481,"med":6244.028095},"type":"trend","contains":"time"},"http_req_blocked":{"type":"trend","contains":"time","values":{"min":0.001123,"med":0.00656,"max":1013.880276,"p(90)":0.008834,"p(95)":0.011026,"p(99)":1.2665928199999965,"avg":0.2081726092012332}},"http_req_sending":{"type":"trend","contains":"time","values":{"avg":0.032494867522534804,"min":0.004707,"med":0.027523,"max":30.512552,"p(90)":0.040541,"p(95)":0.049555,"p(99)":0.12930093999999862}},"http_req_duration{expected_response:true}":{"type":"trend","contains":"time","values":{"med":6217.530071499999,"max":16198.115831,"p(90)":7711.387864000002,"p(95)":10734.4872672,"p(99)":13049.302779750002,"avg":6122.521861398178,"min":15.289476}},"http_req_receiving":{"type":"trend","contains":"time","values":{"p(90)":1.8085114000000055,"p(95)":21.91745439999996,"p(99)":72.61665917999981,"avg":3.660787802122767,"min":0.013552,"med":0.098421,"max":582.197648}},"http_reqs":{"values":{"count":25627,"rate":65.49365182293357},"type":"counter","contains":"default"},"http_req_tls_handshaking":{"type":"trend","contains":"time","values":{"p(95)":0,"p(99)":0,"avg":0,"min":0,"med":0,"max":0,"p(90)":0}},"grade_update_duration":{"type":"trend","contains":"time","values":{"med":5924.372379,"max":8334.805924,"p(90)":6717.3531416,"p(95)":6957.3762632,"p(99)":7593.846535120001,"avg":5481.543759152698,"min":15.56741}},"errors":{"type":"rate","contains":"default","values":{"fails":0,"rate":1,"passes":1026}},"submit_assignment_duration":{"contains":"time","values":{"max":8451.053199,"p(90)":6895.6281918,"p(95)":7181.8870318,"p(99)":7913.300604499998,"avg":5631.930773203933,"min":28.500935,"med":6088.998054},"type":"trend"},"user_grades_duration":{"contains":"time","values":{"avg":5449.45770486012,"min":15.289476,"med":5928.721715,"max":7833.075416,"p(90)":6678.7086013,"p(95)":6953.42679055,"p(99)":7539.353087319999},"type":"trend"},"iteration_duration":{"type":"trend","contains":"time","values":{"p(99)":20824.89139522,"avg":8303.08622503035,"min":377.78086,"med":7257.795611,"max":23857.274019,"p(90)":13846.139282,"p(95)":15450.907537649995}}},"root_group":{"checks":[{"name":"[wh-cf-non-enrolled] status 403","path":"::[wh-cf-non-enrolled] status 403","id":"6a9d912d2aeb5ec6cb64307cca9056b8","passes":780,"fails":0},{"path":"::[wh-quiz] start 201","id":"bc382dfba4db61bcda740eb7d13cbecd","passes":2539,"fails":617,"name":"[wh-quiz] start 201"},{"path":"::[wh-quiz] submit 200","id":"4963f6adfea6303590e8a8e9c12d47a1","passes":2539,"fails":0,"name":"[wh-quiz] submit 200"},{"name":"[wh-marker-grade] status 200","path":"::[wh-marker-grade] status 200","id":"549ffdbc72b97a1cd0f05b844dbb0567","passes":1094,"fails":0},{"id":"49f223985d533388331178bd3e8d6a64","passes":3818,"fails":409,"name":"[wh-submit] status 201","path":"::[wh-submit] status 201"},{"name":"[wh-cascade-pre] status 200","path":"::[wh-cascade-pre] status 200","id":"6cf217efe14ab595b837401653c393f9","passes":1060,"fails":0},{"path":"::[wh-cascade-write] status 200","id":"9791881937dbec10111f5684ec5d2a68","passes":1060,"fails":0,"name":"[wh-cascade-write] status 200"},{"id":"2eaa088a823153fd8e84cbe4e79e632d","passes":1060,"fails":0,"name":"[wh-cascade-post] status 200","path":"::[wh-cascade-post] status 200"},{"passes":2131,"fails":0,"name":"[wh-structure] status 200","path":"::[wh-structure] status 200","id":"9f2134ec9c516bc3787570bcbc5bc9e6"},{"passes":1024,"fails":0,"name":"[wh-grade] status 200","path":"::[wh-grade] status 200","id":"747a63480c5228e4182e0b619fd4205c"},{"passes":2090,"fails":0,"name":"[wh-gradebook] status 200","path":"::[wh-gradebook] status 200","id":"04f91da34414db0af1a48a98d41fa661"},{"fails":0,"name":"[wh-material-dl] status 200","path":"::[wh-material-dl] status 200","id":"182e87b5d3b46cf8a10f81893f31e347","passes":1032},{"path":"::[wh-grade-unauth] status 403","id":"b9f37e7e4ff322953440a920c2825184","passes":1008,"fails":0,"name":"[wh-grade-unauth] status 403"},{"name":"[wh-cf-locked-grade] status 403","path":"::[wh-cf-locked-grade] status 403","id":"a0d2cffa4f26fbeb7022bec9298a706e","passes":261,"fails":0},{"id":"e1c3184baa8417c6f8c9c7cd82501965","passes":1036,"fails":0,"name":"[wh-grade-update] status 200","path":"::[wh-grade-update] status 200"},{"path":"::[wh-user-grades] status 200","id":"827cabf91007e26e21b96eb0eaac2825","passes":1008,"fails":0,"name":"[wh-user-grades] status 200"},{"name":"[wh-activity] status 200","path":"::[wh-activity] status 200","id":"aed3f8824d0bcca89ac7d3b2bf25119a","passes":1061,"fails":0}],"name":"","path":"","id":"d41d8cd98f00b204e9800998ecf8427e","groups":[]},"options":{"summaryTrendStats":["avg","min","med","max","p(90)","p(95)","p(99)"],"summaryTimeUnit":"","noColor":false},"state":{"isStdOutTTY":false,"isStdErrTTY":false,