{"metrics":{"http_req_duration":{"values":{"p(95)":12143.190023,"p(99)":12460.96655038,"avg":10353.610351098265,"min":25.115318,"med":11372.401234500001,"max":13795.162016,"p(90)":11987.500779500002},"thresholds":{"p(95)<3000":{"ok":false}},"type":"trend","contains":"time"},"data_received":{"contains":"data","values":{"rate":220568.67369112562,"count":86346896},"type":"counter"},"http_reqs":{"type":"counter","contains":"default","values":{"rate":60.43824458417164,"count":23660}},"http_req_duration{expected_response:true}":{"type":"trend","contains":"time","values":{"max":13795.162016,"p(90)":11987.500779500002,"p(95)":12143.190023,"p(99)":12460.96655038,"avg":10353.610351098265,"min":25.115318,"med":11372.401234500001}},"http_req_failed":{"type":"rate","contains":"default","values":{"rate":0,"passes":0,"fails":23660},"thresholds":{"rate<0.10":{"ok":true}}},"http_req_blocked":{"values":{"min":0.00292,"med":0.0115155,"max":44.340825,"p(90)":0.021745,"p(95)":0.03345639999999994,"p(99)":0.37562152,"avg":0.0317291511411666},"type":"trend","contains":"time"},"http_req_waiting":{"type":"trend","contains":"time","values":{"med":11372.247779,"max":13794.499575,"p(90)":11987.1746695,"p(95)":12142.6409585,"p(99)":12460.67744396,"avg":10353.336793853423,"min":23.64467}},"http_req_receiving":{"type":"trend","contains":"time","values":{"p(99)":0.98249233,"avg":0.2156447739644964,"min":0.026662,"med":0.15204600000000001,"max":63.728923,"p(90)":0.2857188000000002,"p(95)":0.41427599999999987}},"http_req_tls_handshaking":{"type":"trend","contains":"time","values":{"min":0,"med":0,"max":0,"p(90)":0,"p(95)":0,"p(99)":0,"avg":0}},"checks":{"values":{"rate":0.9998396836423876,"passes":37420,"fails":6},"type":"rate","contains":"default"},"vus":{"type":"gauge","contains":"default","values":{"max":750,"value":3,"min":3}},"http_req_sending":{"contains":"time","values":{"med":0.041369,"max":41.252218,"p(90)":0.06689740000000001,"p(95)":0.09019284999999996,"p(99)":0.16918287999999992,"avg":0.05791247087912068,"min":0.00768},"type":"trend"},"data_sent":{"type":"counter","contains":"data","values":{"count":4485398,"rate":11457.716880023429}},"iterations":{"type":"counter","contains":"default","values":{"count":19795,"rate":50.56530226304639}},"http_req_connecting":{"type":"trend","contains":"time","values":{"avg":0.013832749408284014,"min":0,"med":0,"max":43.139033,"p(90)":0,"p(95)":0,"p(99)":0.2493731}},"submit_quiz_duration":{"type":"trend","contains":"time","values":{"p(99)":12693.95104352,"avg":10593.114521577503,"min":53.42267,"med":11599.590467,"max":13462.789771,"p(90)":12186.0436402,"p(95)":12348.6882058}},"assignment_detail_duration":{"contains":"time","values":{"max":12776.227103,"p(90)":11759.1437645,"p(95)":11894.11681175,"p(99)":12131.296942,"avg":10135.306647697222,"min":35.918374,"med":11225.522388000001},"type":"trend"},"iteration_duration":{"type":"trend","contains":"time","values":{"max":26346.168595,"p(90)":23785.106245400006,"p(95)":24403.2880263,"p(99)":25082.0080759,"avg":13275.286082037235,"min":385.535987,"med":12361.714983}},"vus_max":{"values":{"value":750,"min":750,"max":750},"type":"gauge","contains":"default"},"gradebook_duration":{"type":"trend","contains":"time","values":{"avg":10117.733028471868,"min":25.115318,"med":11186.615183,"max":13556.035162,"p(90)":11696.154954200001,"p(95)":11811.614624900001,"p(99)":12061.76148666}},"errors":{"contains":"default","values":{"rate":0,"passes":0,"fails":0},"thresholds":{"rate<0.10":{"ok":true}},"type":"rate"},"submit_assignment_duration":{"contains":"time","values":{"p(90)":12038.256521,"p(95)":12180.7585722,"p(99)":12489.551639539999,"avg":10427.755146618794,"min":49.895632,"med":11471.485643,"max":13531.737522},"type":"trend"},"grade_submission_duration":{"contains":"time","values":{"avg":10631.37127896558,"min":42.700719,"med":11580.789981,"max":13795.162016,"p(90)":12122.6671995,"p(95)":12266.87274935,"p(99)":12514.46337507},"type":"trend"}},"root_group":{"checks":[{"passes":3865,"fails":6,"name":"[quiz-attempt] start 201","path":"::[quiz-attempt] start 201","id":"18f54229dcbc1aba2aecf8a61f0db771"},{"id":"c6b8e5b4b95e1cad4532c36b70154d08","passes":6023,"fails":0,"name":"[submit-assignment] status 201 or 400","path":"::[submit-assignment] status 201 or 400"},{"passes":4026,"fails":0,"name":"[assignment-detail] status 200","path":"::[assignment-detail] status 200","id":"e710e6c64d866e8aa495eeee12857a96"},{"id":"2eca0bd45992b6c1691069c6af81d1ee","passes":4026,"fails":0,"name":"[assignment-detail] success","path":"::[assignment-detail] success"},{"path":"::[quiz-attempt] submit 200","id":"3aac290b0fb83ec96bbf8f19a1813a81","passes":3865,"fails":0,"name":"[quiz-attempt] submit 200"},{"name":"[quiz-attempt] success","path":"::[quiz-attempt] success","id":"6398ec5c83f0a8abdc14be5794d5070f","passes":3865,"fails":0},{"name":"[grade-submission] status 200","path":"::[grade-submission] status 200","id":"0b00b1c9fc4243dfcbcade089d53f4c1","passes":1948,"fails":0},{"id":"dc7c3576ea1686ed510a59cbde26957e","passes":1948,"fails":0,"name":"[grade-submission] success","path":"::[grade-submission] success"},{"name":"[gradebook] status 200","path":"::[gradebook] status 200","id":"9186de991ebaa0ed414ff11baa5503d0","passes":3927,"fails":0},{"name":"[gradebook] success","path":"::[gradebook] success","id":"a15a69867e50cddaa06c049f7cde480d","passes":3927,"fails":0}],"name":"","path":"","id":"d41d8cd98f00b204e9800998ecf8427e","groups":[]},"options":{"summaryTrendStats":["avg","min","med","max","p(90)","p(95)","p(99)"],"summaryTimeUnit":"","noColor":false},"state":{"isStdOutTTY":false,"isStdErrTTY":false,"testRunDurationMs":391473.977492}}