{"options":{"summaryTrendStats":["avg","min","med","max","p(90)","p(95)","p(99)"],"summaryTimeUnit":"","noColor":false},"state":{"isStdErrTTY":false,"testRunDurationMs":392420.572682,"isStdOutTTY":false},"metrics":{"http_req_sending":{"type":"trend","contains":"time","values":{"avg":0.03165745049774459,"min":0.005989,"med":0.027913,"max":1.173851,"p(90)":0.042034,"p(95)":0.056171,"p(99)":0.14051029999999998}},"gradebook_duration":{"contains":"time","values":{"min":241.152785,"med":14514.629849,"max":19810.591996,"p(90)":16710.0519737,"p(95)":17315.908880799998,"p(99)":18284.953023910002,"avg":13868.52495113548},"type":"trend"},"course_structure_duration":{"type":"trend","contains":"time","values":{"p(95)":11039.723378449999,"p(99)":11342.799666290002,"avg":9227.867492171099,"min":36.430453,"med":10003.21285,"max":11684.07143,"p(90)":10818.599408}},"vus_max":{"contains":"default","values":{"max":750,"value":750,"min":750},"type":"gauge"},"user_grades_duration":{"type":"trend","contains":"time","values":{"p(90)":10473.5390882,"p(95)":10640.2876866,"p(99)":10948.34415198,"avg":9019.203345760396,"min":17.382517,"med":9655.878257,"max":11389.877721}},"submit_assignment_duration":{"type":"trend","contains":"time","values":{"min":27.929525,"med":9846.5429655,"max":11639.053361,"p(90)":10664.4513442,"p(95)":10902.4241919,"p(99)":11174.24784485,"avg":9103.507777266861}},"http_req_duration":{"type":"trend","contains":"time","values":{"avg":9486.76693310277,"min":15.454104,"med":9938.400254,"max":19810.591996,"p(90)":11082.413948500001,"p(95)":14036.708904,"p(99)":16539.165485899997}},"marker_grade_duration":{"values":{"max":11692.309647,"p(90)":10726.5276201,"p(95)":10933.04514415,"p(99)":11276.24024445,"avg":9178.436724759818,"min":39.556051,"med":9987.556162500001},"type":"trend","contains":"time"},"iteration_duration":{"type":"trend","contains":"time","values":{"p(90)":21058.9164132,"p(95)":22527.04882855,"p(99)":31809.799287899998,"avg":12473.343247686704,"min":340.486272,"med":11004.686680499999,"max":33911.507198}},"cascade_read_duration":{"values":{"min":34.097474,"med":9958.797615,"max":11737.531502,"p(90)":10759.1357506,"p(95)":10974.090378,"p(99)":11344.76648194,"avg":9014.948387793704},"type":"trend","contains":"time"},"data_sent":{"type":"counter","contains":"data","values":{"count":5704863,"rate":14537.624673982025}},"iterations":{"contains":"default","values":{"count":21084,"rate":53.72807000382604},"type":"counter"},"material_download_duration":{"type":"trend","contains":"time","values":{"p(99)":11142.3745101,"avg":8873.891183995325,"min":23.154441,"med":9744.3689155,"max":11380.558028,"p(90)":10554.694363999999,"p(95)":10768.47695375}},"http_req_waiting":{"type":"trend","contains":"time","values":{"p(90)":11080.529133,"p(95)":14000.927127250001,"p(99)":16498.181511299994,"avg":9483.253998707118,"min":15.374593,"med":9937.07648,"max":19788.219569}},"http_req_duration{expected_response:true}":{"type":"trend","contains":"time","values":{"p(90)":11210.5579165,"p(95)":14394.96178925,"p(99)":16657.300583700002,"avg":9538.067677569668,"min":17.382517,"med":9978.3798395,"max":19810.591996}},"http_req_failed{ef:1}":{"type":"rate","contains":"default","values":{"rate":1,"passes":2098,"fails":0},"thresholds":{"rate<1.01":{"ok":true}}},"http_req_connecting":{"values":{"max":1001.647343,"p(90)":0,"p(95)":0,"p(99)":1.507074549999996,"avg":0.21947398798413426,"min":0,"med":0},"type":"trend","contains":"time"},"http_req_blocked":{"type":"trend","contains":"time","values":{"max":1001.728616,"p(90)":0.009134,"p(95)":0.01417125,"p(99)":1.5943063499999992,"avg":0.2318418885518753,"min":0.001332,"med":0.00664}},"grade_update_duration":{"values":{"p(90)":10467.9312266,"p(95)":10664.805830849999,"p(99)":10970.15787995,"avg":8932.376570573379,"min":15.454104,"med":9697.0335365,"max":11522.861505},"type":"trend","contains":"time"},"checks":{"values":{"passes":24694,"fails":1022,"rate":0.960258205008555},"type":"rate","contains":"default"},"http_req_tls_handshaking":{"values":{"p(99)":0,"avg":0,"min":0,"med":0,"max":0,"p(90)":0,"p(95)":0},"type":"trend","contains":"time"},"http_req_failed":{"type":"rate","contains":"default","values":{"rate":0.12132524498366776,"passes":3120,"fails":22596},"thresholds":{"rate<0.15":{"ok":true}}},"http_reqs":{"type":"counter","contains":"default","values":{"count":25716,"rate":65.53173250893524}},"http_req_receiving":{"type":"trend","contains":"time","values":{"p(90)":1.7504055,"p(95)":21.1607335,"p(99)":69.37049769999994,"avg":3.4812769450925556,"min":0.015564,"med":0.1001525,"max":464.112386}},"errors":{"type":"rate","contains":"default","values":{"rate":1,"passes":1022,"fails":0}},"submit_quiz_duration":{"type":"trend","contains":"time","values":{"min":53.043464,"med":10204.1711865,"max":11952.56264,"p(90)":11087.520607299999,"p(95)":11301.4489601,"p(99)":11651.71750231,"avg":9368.473622653684}},"read_activity_duration":{"contains":"time","values":{"min":22.712857,"med":9815.0777465,"max":11486.529869,"p(90)":10618.1521287,"p(95)":10847.676613700001,"p(99)":11181.578624810001,"avg":9099.035873333341},"type":"trend"},"data_received":{"type":"counter","contains":"data","values":{"count":1607970038,"rate":4097568.144835838}},"grade_submission_duration":{"type":"trend","contains":"time","values":{"med":9857.377139,"max":11604.057978,"p(90)":10658.2447092,"p(95)":10864.6136012,"p(99)":11258.915678160001,"avg":9059.61886646797,"min":35.403205}},"vus":{"type":"gauge","contains":"default","values":{"value":13,"min":10,"max":750}}},"root_group":{"name":"","path":"","id":"d41d8cd98f00b204e9800998ecf8427e","groups":[],"checks":[{"name":"[wh-submit] status 201","path":"::[wh-submit] status 201","id":"49f223985d533388331178bd3e8d6a64","passes":3798,"fails":384},{"name":"[wh-quiz] start 201","path":"::[wh-quiz] start 201","id":"bc382dfba4db61bcda740eb7d13cbecd","passes":2538,"fails":638},{"name":"[wh-cf-locked-grade] status 403","path":"::[wh-cf-locked-grade] status 403","id":"a0d2cffa4f26fbeb7022bec9298a706e","passes":270,"fails":0},{"path":"::[wh-quiz] submit 200","id":"4963f6adfea6303590e8a8e9c12d47a1","passes":2538,"fails":0,"name":"[wh-quiz] submit 200"},{"name":"[wh-marker-grade] status 200","path":"::[wh-marker-grade] status 200","id":"549ffdbc72b97a1cd0f05b844dbb0567","passes":1070,"fails":0},{"name":"[wh-cascade-pre] status 200","path":"::[wh-cascade-pre] status 200","id":"6cf217efe14ab595b837401653c393f9","passes":1047,"fails":0},{"path":"::[wh-cascade-write] status 200","id":"9791881937dbec10111f5684ec5d2a68","passes":1047,"fails":0,"name":"[wh-cascade-write] status 200"},{"id":"182e87b5d3b46cf8a10f81893f31e347","passes":1066,"fails":0,"name":"[wh-material-dl] status 200","path":"::[wh-material-dl] status 200"},{"passes":1047,"fails":0,"name":"[wh-cascade-post] status 200","path":"::[wh-cascade-post] status 200","id":"2eaa088a823153fd8e84cbe4e79e632d"},{"name":"[wh-activity] status 200","path":"::[wh-activity] status 200","id":"aed3f8824d0bcca89ac7d3b2bf25119a","passes":1080,"fails":0},{"name":"[wh-gradebook] status 200","path":"::[wh-gradebook] status 200","id":"04f91da34414db0af1a48a98d41fa661","passes":2148,"fails":0},{"passes":2098,"fails":0,"name":"[wh-structure] status 200","path":"::[wh-structure] status 200","id":"9f2134ec9c516bc3787570bcbc5bc9e6"},{"name":"[wh-grade-unauth] status 403","path":"::[wh-grade-unauth] status 403","id":"b9f37e7e4ff322953440a920c2825184","passes":1053,"fails":0},{"fails":0,"name":"[wh-grade] status 200","path":"::[wh-grade] status 200","id":"747a63480c5228e4182e0b619fd4205c","passes":1077},{"name":"[wh-grade-update] status 200","path":"::[wh-grade-update] status 200","id":"e1c3184baa8417c6f8c9c7cd82501965","passes":1007,"fails":0},{"id":"827cabf91007e26e21b96eb0eaac2825","passes":1035,"fails":0,"name":"[wh-user-grades] status 200","path":"::[wh-user-grades] status 200"},{"name":"[wh-cf-non-enrolled] status 403","path":"::[wh-cf-non-enrolled] status 403","id":"6a9d912d2aeb5ec6cb64307cca9056b8",