{"metrics":{"http_req_waiting":{"type":"trend","contains":"time","values":{"p(99)":19856.49299656,"avg":17099.8746460444,"min":0,"med":18790.97295,"max":21275.186988,"p(90)":19397.1200207,"p(95)":19566.1339109}},"material_detail_duration":{"type":"trend","contains":"time","values":{"p(95)":19473.755094,"p(99)":19759.96593728,"avg":17016.706493458318,"min":0.715787,"med":18715.035665,"max":21077.23506,"p(90)":19311.9117576}},"checks":{"type":"rate","contains":"default","values":{"rate":0.9996534195933456,"passes":51918,"fails":18}},"vus":{"type":"gauge","contains":"default","values":{"value":24,"min":4,"max":1500}},"http_reqs":{"type":"counter","contains":"default","values":{"count":28844,"rate":73.02544919429606}},"http_req_sending":{"type":"trend","contains":"time","values":{"p(99)":0.23401181999999962,"avg":0.07364797753432258,"min":0,"med":0.0601665,"max":28.758836,"p(90)":0.1005288,"p(95)":0.1183597}},"start_attempt_duration":{"values":{"med":18844.3412365,"max":20461.054423,"p(90)":19440.868287200003,"p(95)":19592.844057000002,"p(99)":19836.11070964,"avg":17225.561569305097,"min":0},"type":"trend","contains":"time"},"http_req_duration":{"type":"trend","contains":"time","values":{"p(95)":19566.362556599997,"p(99)":19856.76861351,"avg":17100.157442810127,"min":0,"med":18791.248403999998,"max":21275.374891,"p(90)":19398.341498100002},"thresholds":{"p(95)<2000":{"ok":false}}},"http_req_failed":{"type":"rate","contains":"default","values":{"rate":0.00041603106365275275,"passes":12,"fails":28832},"thresholds":{"rate<0.10":{"ok":true}}},"http_req_receiving":{"type":"trend","contains":"time","values":{"min":0,"med":0.144631,"max":58.070233,"p(90)":0.30456530000000004,"p(95)":0.43295494999999923,"p(99)":1.0646658699999996,"avg":0.20914878817085086}},"gradebook_duration":{"type":"trend","contains":"time","values":{"p(95)":19395.263294,"p(99)":19709.562856,"avg":16946.034210367798,"min":1.264576,"med":18680.959739,"max":20658.062071,"p(90)":19249.11302}},"materials_list_duration":{"type":"trend","contains":"time","values":{"max":21275.374891,"p(90)":19353.5165542,"p(95)":19529.1473145,"p(99)":19794.835938750002,"avg":17117.02363746756,"min":31.299536,"med":18763.086975}},"iteration_duration":{"type":"trend","contains":"time","values":{"p(99)":21466.18035417,"avg":18358.115318677636,"min":611.663789,"med":19970.599329999997,"max":23011.132181,"p(90)":20890.5576421,"p(95)":21103.4243609}},"iterations":{"values":{"count":28844,"rate":73.02544919429606},"type":"counter","contains":"default"},"http_req_blocked":{"type":"trend","contains":"time","values":{"min":0.004291,"med":0.26187150000000003,"max":67.238098,"p(90)":0.38681200000000004,"p(95)":0.46667044999999985,"p(99)":1.3543554599999994,"avg":0.2797741467549588}},"data_sent":{"type":"counter","contains":"data","values":{"count":3767796,"rate":9539.072090295102}},"data_received":{"type":"counter","contains":"data","values":{"count":187058332,"rate":473582.6764608156}},"vus_max":{"type":"gauge","contains":"default","values":{"value":1500,"min":1500,"max":1500}},"errors":{"contains":"default","values":{"rate":1,"passes":12,"fails":0},"thresholds":{"rate<0.10":{"ok":false}},"type":"rate"},"http_req_tls_handshaking":{"type":"trend","contains":"time","values":{"p(99)":0,"avg":0,"min":0,"med":0,"max":0,"p(90)":0,"p(95)":0}},"http_req_connecting":{"contains":"time","values":{"avg":0.20583515760643326,"min":0,"med":0.187199,"max":67.154739,"p(90)":0.2764439,"p(95)":0.3404311,"p(99)":1.1089983599999997},"type":"trend"},"submit_assignment_duration":{"contains":"time","values":{"p(99)":20067.30876258,"avg":17361.062699549537,"min":0.819815,"med":18956.5023535,"max":21090.282764,"p(90)":19547.8638681,"p(95)":19736.8216392},"type":"trend"},"http_req_duration{expected_response:true}":{"type":"trend","contains":"time","values":{"p(90)":19398.4221258,"p(95)":19566.427033499996,"p(99)":19856.985098669997,"avg":17107.272273906918,"min":31.299536,"med":18791.438334,"max":21275.374891}},"quiz_detail_duration":{"type":"trend","contains":"time","values":{"avg":17107.669027475975,"min":1.345859,"med":18880.324545,"max":20592.610835,"p(90)":19477.285334,"p(95)":19639.8450052,"p(99)":19918.25597596}}},"root_group":{"path":"","id":"d41d8cd98f00b204e9800998ecf8427e","groups":[],"checks":[{"id":"9186de991ebaa0ed414ff11baa5503d0","passes":5800,"fails":1,"name":"[gradebook] status 200","path":"::[gradebook] status 200"},{"name":"[gradebook] success","path":"::[gradebook] success","id":"a15a69867e50cddaa06c049f7cde480d","passes":5800,"fails":1},{"fails":0,"name":"[materials-list] status 200","path":"::[materials-list] status 200","id":"463a16ce0b1d8abee844a574ea056361","passes":5744},{"name":"[materials-list] success","path":"::[materials-list] success","id":"664e43a5933df86e3bab167b84d274ca","passes":5744,"fails":0},{"passes":4359,"fails":3,"name":"[material-detail] status 200","path":"::[material-detail] status 200","id":"a12462dd78c876a1d31a53eadf87e378"},{"name":"[material-detail] success","path":"::[material-detail] success","id":"3632f96ad89cbc27cd995a000cbd8596","passes":4359,"fails":3},{"id":"917c623bb77fd0f4c30b55655ab512f2","passes":7183,"fails":2,"name":"[quiz-detail] status 200","path":"::[quiz-detail] status 200"},{"id":"6719d54de0da0cfb59497b1755be95e9","passes":7183,"fails":2,"name":"[quiz-detail] success","path":"::[quiz-detail] success"},{"path":"::[start-attempt] status 201 or 400","id":"33680026b6a14104cfefb4ee3b4b083d","passes":2900,"fails":4,"name":"[start-attempt] status 201 or 400"},{"path":"::[submit-assignment] status 201 or 400","id":"c6b8e5b4b95e1cad4532c36b70154d08","passes":2846,"fails":2,"name":"[submit-assignment] status 201 or 400"}],"name":""},"options":{"noColor":false,"summaryTrendStats":["avg","min","med","max","p(90)","p(95)","p(99)"],"summaryTimeUnit":""},"state":{"isStdOutTTY":false,"isStdErrTTY":false,"testRunDurationMs":394985.588151}}