{"options":{"summaryTrendStats":["avg","min","med","max","p(90)","p(95)","p(99)"],"summaryTimeUnit":"","noColor":false},"state":{"isStdOutTTY":false,"isStdErrTTY":false,"testRunDurationMs":391204.868321},"metrics":{"iteration_duration":{"type":"trend","contains":"time","values":{"avg":6035.130907898821,"min":560.045011,"med":6362.342087999999,"max":9028.445121,"p(90)":7136.143744499999,"p(95)":7306.22514175,"p(99)":7597.37589315}},"http_req_failed":{"values":{"rate":0,"passes":0,"fails":28746},"thresholds":{"rate<0.10":{"ok":true}},"type":"rate","contains":"default"},"data_received":{"type":"counter","contains":"data","values":{"count":185355464,"rate":473806.63946111244}},"submit_assignment_duration":{"type":"trend","contains":"time","values":{"p(90)":5738.1586518,"p(95)":5847.91238185,"p(99)":6061.63552502,"avg":4945.03999554207,"min":42.958044,"med":5356.4662,"max":6990.229726}},"http_reqs":{"type":"counter","contains":"default","values":{"count":28746,"rate":73.48068065557074}},"vus_max":{"values":{"value":500,"min":500,"max":500},"type":"gauge","contains":"default"},"http_req_duration":{"values":{"avg":4784.496103820882,"min":20.530557,"med":5185.0607199999995,"max":7311.906454,"p(90)":5581.120409,"p(95)":5695.34398,"p(99)":5932.4721774},"thresholds":{"p(95)<2000":{"ok":false}},"type":"trend","contains":"time"},"quiz_detail_duration":{"contains":"time","values":{"med":5267.677577,"max":7311.906454,"p(90)":5655.4941844,"p(95)":5760.822048999999,"p(99)":6002.34245552,"avg":4848.418394432924,"min":28.173854},"type":"trend"},"http_req_tls_handshaking":{"contains":"time","values":{"avg":0,"min":0,"med":0,"max":0,"p(90)":0,"p(95)":0,"p(99)":0},"type":"trend"},"http_req_receiving":{"type":"trend","contains":"time","values":{"avg":0.21920676779377984,"min":0.027634,"med":0.144374,"max":59.848909,"p(90)":0.32988649999999997,"p(95)":0.45161825,"p(99)":1.0715002999999985}},"gradebook_duration":{"values":{"avg":4667.476807690997,"min":20.530557,"med":5080.718894,"max":6249.550373,"p(90)":5422.879957,"p(95)":5513.1275135999995,"p(99)":5739.73637468},"type":"trend","contains":"time"},"http_req_duration{expected_response:true}":{"values":{"min":20.530557,"med":5185.0607199999995,"max":7311.906454,"p(90)":5581.120409,"p(95)":5695.34398,"p(99)":5932.4721774,"avg":4784.496103820882},"type":"trend","contains":"time"},"http_req_blocked":{"type":"trend","contains":"time","values":{"p(99)":0.3614220499999986,"avg":0.02326281663535778,"min":0.003202,"med":0.010823,"max":30.823393,"p(90)":0.0166415,"p(95)":0.02498725}},"http_req_waiting":{"values":{"min":20.170115,"med":5184.7159215,"max":7311.517498,"p(90)":5580.9663125,"p(95)":5695.10181525,"p(99)":5932.299482699999,"avg":4784.227326829698},"type":"trend","contains":"time"},"start_attempt_duration":{"type":"trend","contains":"time","values":{"max":7049.581551,"p(90)":5616.5885525,"p(95)":5709.95964115,"p(99)":5973.2844321600005,"avg":4854.102827251237,"min":33.589132,"med":5238.4666285}},"iterations":{"type":"counter","contains":"default","values":{"count":28746,"rate":73.48068065557074}},"errors":{"type":"rate","contains":"default","values":{"rate":0,"passes":0,"fails":0},"thresholds":{"rate<0.10":{"ok":true}}},"http_req_connecting":{"type":"trend","contains":"time","values":{"max":19.939349,"p(90)":0,"p(95)":0,"p(99)":0.23158754999999948,"avg":0.00711551523690252,"min":0,"med":0}},"vus":{"values":{"value":6,"min":5,"max":500},"type":"gauge","contains":"default"},"materials_list_duration":{"type":"trend","contains":"time","values":{"p(90)":5513.4803627,"p(95)":5618.30818315,"p(99)":5828.54304572,"avg":4752.9101525473525,"min":24.396587,"med":5152.614095,"max":7158.970427}},"data_sent":{"type":"counter","contains":"data","values":{"rate":9610.954015313746,"count":3759852}},"http_req_sending":{"type":"trend","contains":"time","values":{"p(99)":0.15639784999999992,"avg":0.049570223370207875,"min":0.008357,"med":0.034409999999999996,"max":52.222638,"p(90)":0.054751499999999995,"p(95)":0.06810025}},"checks":{"contains":"default","values":{"rate":1,"passes":51730,"fails":0},"type":"rate"},"material_detail_duration":{"type":"trend","contains":"time","values":{"p(99)":5820.41223533,"avg":4724.182713647791,"min":22.985881,"med":5123.9766045,"max":6764.237967,"p(90)":5482.3863395,"p(95)":5593.781410299999}}},"root_group":{"groups":[],"checks":[{"name":"[materials-list] status 200","path":"::[materials-list] status 200","id":"463a16ce0b1d8abee844a574ea056361","passes":5764,"fails":0},{"fails":0,"name":"[materials-list] success","path":"::[materials-list] success","id":"664e43a5933df86e3bab167b84d274ca","passes":5764},{"name":"[material-detail] status 200","path":"::[material-detail] status 200","id":"a12462dd78c876a1d31a53eadf87e378","passes":4364,"fails":0},{"fails":0,"name":"[material-detail] success","path":"::[material-detail] success","id":"3632f96ad89cbc27cd995a000cbd8596","passes":4364},{"id":"9186de991ebaa0ed414ff11baa5503d0","passes":5767,"fails":0,"name":"[gradebook] status 200","path":"::[gradebook] status 200"},{"name":"[gradebook] success","path":"::[gradebook] success","id":"a15a69867e50cddaa06c049f7cde480d","passes":5767,"fails":0},{"passes":2838,"fails":0,"name":"[start-attempt] status 201 or 400","path":"::[start-attempt] status 201 or 400","id":"33680026b6a14104cfefb4ee3b4b083d"},{"name":"[quiz-detail] status 200","path":"::[quiz-detail] status 200","id":"917c623bb77fd0f4c30b55655ab512f2","passes":7089,"fails":0},{"id":"6719d54de0da0cfb59497b1755be95e9","passes":7089,"fails":0,"name":"[quiz-detail] success","path":"::[quiz-detail] success"},{"passes":2924,"fails":0,"name":"[submit-assignment] status 201 or 400","path":"::[submit-assignment] status 201 or 400","id":"c6b8e5b4b95e1cad4532c36b70154d08"}],"name":"","path":"","id":"d41d8cd98f00b204e9800998ecf8427e"}}