{"options":{"summaryTrendStats":["avg","min","med","max","p(90)","p(95)","p(99)"],"summaryTimeUnit":"","noColor":false},"state":{"isStdOutTTY":false,"isStdErrTTY":false,"testRunDurationMs":391315.172775},"metrics":{"http_req_waiting":{"contains":"time","values":{"max":10868.789948,"p(90)":8923.5968944,"p(95)":9046.7369332,"p(99)":9308.31686067,"avg":7739.763284365621,"min":21.485053,"med":8512.777157},"type":"trend"},"http_req_duration{expected_response:true}":{"type":"trend","contains":"time","values":{"p(90)":8924.0958377,"p(95)":9046.904843350001,"p(99)":9308.44510949,"avg":7740.023301320235,"min":21.918287,"med":8513.100537,"max":10868.964386}},"start_attempt_duration":{"type":"trend","contains":"time","values":{"p(99)":9285.942262960003,"avg":7777.204685277474,"min":36.903984,"med":8570.1927345,"max":10340.179446,"p(90)":8957.829572300001,"p(95)":9071.6515205}},"checks":{"values":{"rate":1,"passes":52195,"fails":0},"type":"rate","contains":"default"},"data_received":{"type":"counter","contains":"data","values":{"rate":482544.9768812635,"count":188827171}},"data_sent":{"type":"counter","contains":"data","values":{"rate":9703.250127188989,"count":3797029}},"http_req_duration":{"contains":"time","values":{"p(99)":9308.44510949,"avg":7740.023301320235,"min":21.918287,"med":8513.100537,"max":10868.964386,"p(90)":8924.0958377,"p(95)":9046.904843350001},"thresholds":{"p(95)<2000":{"ok":false}},"type":"trend"},"http_req_failed":{"type":"rate","contains":"default","values":{"rate":0,"passes":0,"fails":29032},"thresholds":{"rate<0.10":{"ok":true}}},"http_req_sending":{"contains":"time","values":{"med":0.0333995,"max":34.482556,"p(90)":0.054065100000000026,"p(95)":0.07034649999999996,"p(99)":0.1375799799999998,"avg":0.04840537651556882,"min":0.007872},"type":"trend"},"gradebook_duration":{"values":{"avg":7645.0205451185475,"min":21.918287,"med":8421.04639,"max":10482.421278,"p(90)":8768.1366768,"p(95)":8859.9064094,"p(99)":9108.764568879998},"type":"trend","contains":"time"},"quiz_detail_duration":{"type":"trend","contains":"time","values":{"p(90)":9008.907951199999,"p(95)":9117.6548576,"p(99)":9376.04285444,"avg":7811.169091710371,"min":31.628381,"med":8603.462428,"max":9979.932778}},"submit_assignment_duration":{"type":"trend","contains":"time","values":{"avg":7893.5936912304005,"min":40.531346,"med":8663.170116,"max":10028.842283,"p(90)":9092.270875,"p(95)":9202.986196,"p(99)":9466.996300800001}},"http_reqs":{"type":"counter","contains":"default","values":{"rate":74.19083649151764,"count":29032}},"http_req_receiving":{"type":"trend","contains":"time","values":{"med":0.142508,"max":38.163689,"p(90)":0.32502390000000003,"p(95)":0.4464321999999998,"p(99)":1.0581036399999983,"avg":0.21161157818958348,"min":0.028689}},"materials_list_duration":{"type":"trend","contains":"time","values":{"med":8483.05202,"max":10868.964386,"p(90)":8853.191740299999,"p(95)":8955.54032625,"p(99)":9202.44461303,"avg":7701.269565397642,"min":22.983725}},"http_req_connecting":{"type":"trend","contains":"time","values":{"min":0,"med":0,"max":16.433374,"p(90)":0,"p(95)":0,"p(99)":0.23092252,"avg":0.009110330049600454}},"vus_max":{"contains":"default","values":{"min":750,"max":750,"value":750},"type":"gauge"},"iteration_duration":{"type":"trend","contains":"time","values":{"max":12684.095803,"p(90)":10479.500563200001,"p(95)":10647.95788745,"p(99)":10944.92695508,"avg":8993.497374315793,"min":542.220935,"med":9674.5536105}},"vus":{"type":"gauge","contains":"default","values":{"value":7,"min":6,"max":750}},"http_req_blocked":{"type":"trend","contains":"time","values":{"p(90)":0.016202,"p(95)":0.025704449999999997,"p(99)":0.3445287599999999,"avg":0.025195664060347542,"min":0.003478,"med":0.010678,"max":24.419547}},"iterations":{"type":"counter","contains":"default","values":{"rate":74.19083649151764,"count":29032}},"material_detail_duration":{"type":"trend","contains":"time","values":{"avg":7672.780894995232,"min":23.642599,"med":8458.017469,"max":9742.689569,"p(90)":8821.595234,"p(95)":8934.927907399999,"p(99)":9200.28883816}},"errors":{"type":"rate","contains":"default","values":{"rate":0,"passes":0,"fails":0},"thresholds":{"rate<0.10":{"ok":true}}},"http_req_tls_handshaking":{"type":"trend","contains":"time","values":{"avg":0,"min":0,"med":0,"max":0,"p(90)":0,"p(95)":0,"p(99)":0}}},"root_group":{"name":"","path":"","id":"d41d8cd98f00b204e9800998ecf8427e","groups":[],"checks":[{"name":"[gradebook] status 200","path":"::[gradebook] status 200","id":"9186de991ebaa0ed414ff11baa5503d0","passes":5823,"fails":0},{"passes":5823,"fails":0,"name":"[gradebook] success","path":"::[gradebook] success","id":"a15a69867e50cddaa06c049f7cde480d"},{"id":"917c623bb77fd0f4c30b55655ab512f2","passes":7209,"fails":0,"name":"[quiz-detail] status 200","path":"::[quiz-detail] status 200"},{"id":"6719d54de0da0cfb59497b1755be95e9","passes":7209,"fails":0,"name":"[quiz-detail] success","path":"::[quiz-detail] success"},{"fails":0,"name":"[materials-list] status 200","path":"::[materials-list] status 200","id":"463a16ce0b1d8abee844a574ea056361","passes":5734},{"name":"[materials-list] success","path":"::[materials-list] success","id":"664e43a5933df86e3bab167b84d274ca","passes":5734,"fails":0},{"name":"[submit-assignment] status 201 or 400","path":"::[submit-assignment] status 201 or 400","id":"c6b8e5b4b95e1cad4532c36b70154d08","passes":2921,"fails":0},{"name":"[material-detail] status 200","path":"::[material-detail] status 200","id":"a12462dd78c876a1d31a53eadf87e378","passes":4397,"fails":0},{"name":"[material-detail] success","path":"::[material-detail] success","id":"3632f96ad89cbc27cd995a000cbd8596","passes":4397,"fails":0},{"name":"[start-attempt] status 201 or 400","path":"::[start-attempt] status 201 or 400","id":"33680026b6a14104cfefb4ee3b4b083d","passes":2948,"fails":0}]}}