{"options":{"summaryTrendStats":["avg","min","med","max","p(90)","p(95)","p(99)"],"summaryTimeUnit":"","noColor":false},"state":{"isStdOutTTY":false,"isStdErrTTY":false,"testRunDurationMs":392911.505292},"metrics":{"iteration_duration":{"type":"trend","contains":"time","values":{"p(99)":41377.92082634,"avg":15906.38013045148,"min":428.963863,"med":13961.650658999999,"max":48140.32461,"p(90)":26831.4363059,"p(95)":29631.270963200004}},"http_req_failed{ef:1}":{"type":"rate","contains":"default","values":{"rate":1,"passes":2236,"fails":0},"thresholds":{"rate<1.01":{"ok":true}}},"material_download_duration":{"type":"trend","contains":"time","values":{"avg":11767.672183128232,"min":91.594175,"med":12582.721856,"max":16036.10553,"p(90)":13969.2842284,"p(95)":14315.026308599998,"p(99)":14795.912263800004}},"course_structure_duration":{"type":"trend","contains":"time","values":{"p(95)":14522.3201952,"p(99)":15074.92812524,"avg":12016.979653153554,"min":109.327622,"med":12819.597759,"max":18879.463242,"p(90)":14144.9498526}},"http_req_failed":{"type":"rate","contains":"default","values":{"rate":0.12491204680961375,"passes":3373,"fails":23630},"thresholds":{"rate<0.15":{"ok":true}}},"http_req_waiting":{"type":"trend","contains":"time","values":{"med":12753.832569,"max":22280.266162,"p(90)":14593.3544718,"p(95)":16716.429045999994,"p(99)":19582.79390188,"avg":12266.006964367427,"min":23.556889}},"gradebook_duration":{"type":"trend","contains":"time","values":{"avg":16695.637021485203,"min":318.940311,"med":17368.85903,"max":26457.024663,"p(90)":19869.3512836,"p(95)":20415.976344699997,"p(99)":21625.798966979997}},"submit_assignment_duration":{"contains":"time","values":{"min":41.864461,"med":12620.452386,"max":18009.030348,"p(90)":13918.695658,"p(95)":14305.2373742,"p(99)":14904.953297999999,"avg":11838.032217674725},"type":"trend"},"grade_update_duration":{"type":"trend","contains":"time","values":{"med":12485.375026,"max":17025.083522,"p(90)":13834.8110324,"p(95)":14158.3093721,"p(99)":14657.158670480001,"avg":11705.844190546657,"min":29.775623}},"http_req_duration{expected_response:true}":{"contains":"time","values":{"max":26457.024663,"p(90)":14752.112964,"p(95)":17190.408505299998,"p(99)":19808.972326659994,"avg":12325.19241351668,"min":23.689352,"med":12812.369856500001},"type":"trend"},"data_sent":{"contains":"data","values":{"count":6006021,"rate":15285.938230636708},"type":"counter"},"submit_quiz_duration":{"type":"trend","contains":"time","values":{"p(95)":14813.8027406,"p(99)":15285.04207728,"avg":12059.566066744916,"min":114.007752,"med":13002.569789,"max":19135.331851,"p(90)":14450.5128892}},"http_req_sending":{"type":"trend","contains":"time","values":{"med":0.028204,"max":39.246632,"p(90)":0.043186,"p(95)":0.06593899999999996,"p(99)":0.14626981999999997,"avg":0.03560361896826261,"min":0.005478}},"data_received":{"type":"counter","contains":"data","values":{"count":1685512113,"rate":4289800.85922243}},"http_req_duration":{"type":"trend","contains":"time","values":{"min":23.689352,"med":12754.892207,"max":26457.024663,"p(90)":14595.5243386,"p(95)":16763.638789399996,"p(99)":19657.3961994,"avg":12271.759103383609}},"http_req_receiving":{"type":"trend","contains":"time","values":{"avg":5.716535397178098,"min":0.014431,"med":0.101766,"max":7970.332142,"p(90)":3.434908799999997,"p(95)":23.049658399999988,"p(99)":84.57767519999996}},"checks":{"type":"rate","contains":"default","values":{"fails":1137,"rate":0.9578935673814021,"passes":25866}},"errors":{"contains":"default","values":{"rate":1,"passes":1137,"fails":0},"type":"rate"},"vus_max":{"type":"gauge","contains":"default","values":{"value":1000,"min":1000,"max":1000}},"http_req_connecting":{"type":"trend","contains":"time","values":{"max":6372.117549,"p(90)":0,"p(95)":0,"p(99)":5.461649319999988,"avg":2.2693452039032707,"min":0,"med":0}},"vus":{"values":{"max":1000,"value":8,"min":8},"type":"gauge","contains":"default"},"marker_grade_duration":{"contains":"time","values":{"p(95)":14427.849587,"p(99)":15001.528494360004,"avg":11940.554557896765,"min":151.364627,"med":12702.629697,"max":17186.655289,"p(90)":14104.8142144},"type":"trend"},"iterations":{"type":"counter","contains":"default","values":{"count":22082,"rate":56.2009503478126}},"http_req_blocked":{"type":"trend","contains":"time","values":{"min":0.001482,"med":0.00678,"max":6372.279557,"p(90)":0.0096758,"p(95)":0.018577999999999976,"p(99)":5.547286979999994,"avg":2.279586281524295}},"cascade_read_duration":{"type":"trend","contains":"time","values":{"p(99)":15145.499632950003,"avg":11941.518528632669,"min":57.370204,"med":12717.5977545,"max":16533.927111,"p(90)":14053.403572700001,"p(95)":14522.2973746}},"http_reqs":{"type":"counter","contains":"default","values":{"count":27003,"rate":68.72539906901474}},"grade_submission_duration":{"type":"trend","contains":"time","values":{"med":12656.393142,"max":18085.581035,"p(90)":13975.5148575,"p(95)":14368.505696,"p(99)":14984.76841185,"avg":11857.837087929753,"min":41.485995}},"user_grades_duration":{"type":"trend","contains":"time","values":{"med":12581.528791,"max":20103.11028,"p(90)":14123.222352,"p(95)":14462.941904,"p(99)":15193.3122085,"avg":11839.074639869687,"min":23.689352}},"read_activity_duration":{"values":{"p(90)":13952.6826496,"p(95)":14333.8900994,"p(99)":14992.158641400003,"avg":11824.223318852419,"min":58.2923,"med":12602.634928,"max":15811.978955},"type":"trend","contains":"time"},"http_req_tls_handshaking":{"type":"trend","contains":"time","values":{"min":0,"med":0,"max":0,"p(90)":0,"p(95)":0,"p(99)":0,"avg":0}}},"root_group":{"checks":[{"name":"[wh-cascade-pre] status 200","path":"::[wh-cascade-pre] status 200","id":"6cf217efe14ab595b837401653c393f9","passes":1108,"fails":0},{"passes":1108,"fails":0,"name":"[wh-cascade-write] status 200","path":"::[wh-cascade-write] status 200","id":"9791881937dbec10111f5684ec5d2a68"},{"id":"49f223985d533388331178bd3e8d6a64","passes":4018,"fails":459,"name":"[wh-submit] status 201","path":"::[wh-submit] status 201"},{"fails":0,"name":"[wh-cascade-post] status 200","path":"::[wh-cascade-post] status 200","id":"2eaa088a823153fd8e84cbe4e79e632d","passes":1108},{"id":"b9f37e7e4ff322953440a920c2825184","passes":1130,"fails":0,"name":"[wh-grade-unauth] status 403","path":"::[wh-grade-unauth] status 403"},{"passes":1108,"fails":0,"name":"[wh-grade-update] status 200","path":"::[wh-grade-update] status 200","id":"e1c3184baa8417c6f8c9c7cd82501965"},{"name":"[wh-gradebook] status 200","path":"::[wh-gradebook] status 200","id":"04f91da34414db0af1a48a98d41fa661","passes":2195,"fails":0},{"name":"[wh-user-grades] status 200","path":"::[wh-user-grades] status 200","id":"827cabf91007e26e21b96eb0eaac2825","passes":1151,"fails":0},{"name":"[wh-grade] status 200","path":"::[wh-grade] status 200","id":"747a63480c5228e4182e0b619fd4205c","passes":1096,"fails":0},{"path":"::[wh-quiz] start 201","id":"bc382dfba4db61bcda740eb7d13cbecd","passes":2705,"fails":678,"name":"[wh-quiz] start 201"},{"fails":0,"name":"[wh-quiz] submit 200","path":"::[wh-quiz] submit 200","id":"4963f6adfea6303590e8a8e9c12d47a1","passes":2705},{"name":"[wh-activity] status 200","path":"::[wh-activity] status 200","id":"aed3f8824d0bcca89ac7d3b2bf25119a","passes":1057,"fails":0},{"fails":0,"name":"[wh-structure] status 200","path":"::[wh-structure] status 200","id":"9f2134ec9c516bc3787570bcbc5bc9e6","passes":2149},{"id":"182e87b5d3b46cf8a10f81893f31e347","passes":1037,"fails":0,"name":"[wh-material-dl] status 200","path":"::[wh-material-dl] status 200"},{"name":"[wh-marker-grade] status 200","path":"::[wh-marker-grade] status 200","id":"549ffdbc72b97a1cd0f05b844dbb0567","passes":1085,"fails":0},{"passes":825,"fails":0,"name":"[wh-cf-non-enrolled] status 403","path":"::[wh-cf-non-enrolled] status 403","id":"6a9d912d2aeb5ec6cb64307cca9056b8"},{"name":"[wh-cf-locked-grade] status 403","path":"::[wh-cf-locked-grade] status 403","id":"a0d2cffa4f26fbeb7022bec9298a706e","passes":281,"fails":0}],