{"metrics":{"http_req_tls_handshaking":{"values":{"avg":0,"min":0,"med":0,"max":0,"p(90)":0,"p(95)":0,"p(99)":0},"type":"trend","contains":"time"},"http_req_duration{expected_response:true}":{"type":"trend","contains":"time","values":{"min":14.159889,"med":340.663757,"max":9108.854997,"p(90)":1009.146631,"p(95)":4198.7061365,"p(99)":6374.3214278999985,"avg":718.7574796168448}},"checks":{"type":"rate","contains":"default","values":{"rate":0.9604154969118472,"passes":23947,"fails":987}},"user_grades_duration":{"contains":"time","values":{"p(99)":1325.87725918001,"avg":312.4474492280702,"min":14.159889,"med":183.030032,"max":1848.005504,"p(90)":752.5793654,"p(95)":988.3494048999991},"type":"trend"},"http_req_duration":{"type":"trend","contains":"time","values":{"p(90)":904.1235847000005,"p(95)":3856.6281757999996,"p(99)":6245.70919478,"avg":647.580351804003,"min":10.755512,"med":304.217036,"max":9108.854997}},"iteration_duration":{"values":{"max":10201.220966,"p(90)":2658.0055604000017,"p(95)":5260.491006399997,"p(99)":7366.536115140001,"avg":1686.2042311979044,"min":321.138432,"med":1340.636204},"type":"trend","contains":"time"},"marker_grade_duration":{"type":"trend","contains":"time","values":{"med":335.1138595,"max":1158.74315,"p(90)":619.2569927000001,"p(95)":701.80282315,"p(99)":812.6914467999997,"avg":354.7845174852318,"min":35.906802}},"cascade_read_duration":{"values":{"p(95)":777.8578569499999,"p(99)":919.4862739999999,"avg":399.02647757114613,"min":31.645003,"med":389.879814,"max":1084.594771,"p(90)":692.8699061},"type":"trend","contains":"time"},"http_req_failed":{"thresholds":{"rate<0.15":{"ok":true}},"type":"rate","contains":"default","values":{"rate":0.12284430897569584,"passes":3063,"fails":21871}},"http_req_failed{ef:1}":{"contains":"default","values":{"fails":0,"rate":1,"passes":2076},"thresholds":{"rate<1.01":{"ok":true}},"type":"rate"},"iterations":{"type":"counter","contains":"default","values":{"count":20515,"rate":52.54324556782546}},"http_req_blocked":{"contains":"time","values":{"p(95)":0.010025,"p(99)":0.03307369999999981,"avg":0.030745878759925814,"min":0.001412,"med":0.006614999999999999,"max":72.17114,"p(90)":0.008713},"type":"trend"},"submit_quiz_duration":{"type":"trend","contains":"time","values":{"min":52.595035,"med":624.197752,"max":1696.174527,"p(90)":984.4778167999998,"p(95)":1080.3995912999999,"p(99)":1237.4795962399999,"avg":603.3073864542805}},"gradebook_duration":{"type":"trend","contains":"time","values":{"p(95)":6969.508158399997,"p(99)":7864.442040659999,"avg":4206.29460329269,"min":212.46665,"med":4335.405641,"max":9108.854997,"p(90)":6421.0009906000005}},"grade_update_duration":{"type":"trend","contains":"time","values":{"max":739.518766,"p(90)":314.77897360000003,"p(95)":381.84182710000005,"p(99)":519.6181691399996,"avg":152.14880167904406,"min":10.755512,"med":119.97192}},"http_reqs":{"type":"counter","contains":"default","values":{"count":24934,"rate":63.861237386700466}},"material_download_duration":{"contains":"time","values":{"p(90)":448.22424950000004,"p(95)":546.95314675,"p(99)":684.50838625,"avg":242.02411918226096,"min":22.687891,"med":214.75125350000002,"max":824.63432},"type":"trend"},"data_sent":{"contains":"data","values":{"count":5484737,"rate":14047.569245232187},"type":"counter"},"errors":{"type":"rate","contains":"default","values":{"rate":1,"passes":987,"fails":0}},"read_activity_duration":{"type":"trend","contains":"time","values":{"avg":288.5367373326832,"min":25.472098,"med":235.884421,"max":1133.190149,"p(90)":578.302982,"p(95)":688.4934329999998,"p(99)":894.6338464799999}},"http_req_receiving":{"type":"trend","contains":"time","values":{"max":699.601326,"p(90)":3.221741800000007,"p(95)":19.87232954999997,"p(99)":68.22488898999977,"avg":3.4860623032004368,"min":0.012529,"med":0.101585}},"http_req_connecting":{"type":"trend","contains":"time","values":{"max":72.084368,"p(90)":0,"p(95)":0,"p(99)":0,"avg":0.023179110050533414,"min":0,"med":0}},"vus_max":{"type":"gauge","contains":"default","values":{"value":100,"min":100,"max":100}},"data_received":{"type":"counter","contains":"data","values":{"count":1585091904,"rate":4059754.967557593}},"http_req_waiting":{"type":"trend","contains":"time","values":{"avg":644.061640340099,"min":10.683634,"med":303.48078399999997,"max":9062.184337,"p(90)":901.7538142000002,"p(95)":3827.679216699987,"p(99)":6211.637994509993}},"submit_assignment_duration":{"contains":"time","values":{"min":23.095207,"med":272.280988,"max":1912.139817,"p(90)":523.8962237999999,"p(95)":597.1242685999998,"p(99)":733.8256516400003,"avg":289.2509014391147},"type":"trend"},"vus":{"type":"gauge","contains":"default","values":{"value":2,"min":2,"max":100}},"http_req_sending":{"type":"trend","contains":"time","values":{"p(95)":0.0457597,"p(99)":0.1317846999999998,"avg":0.03264916070425937,"min":0.004547,"med":0.027823,"max":18.361509,"p(90)":0.040272}},"course_structure_duration":{"values":{"p(95)":816.8869300499997,"p(99)":965.58889408,"avg":428.93956259962397,"min":35.555989,"med":424.026193,"max":1612.627106,"p(90)":714.7033058},"type":"trend","contains":"time"},"grade_submission_duration":{"type":"trend","contains":"time","values":{"p(90)":598.9339104,"p(95)":694.1756211999999,"p(99)":857.1677880599997,"avg":345.5835450274782,"min":35.469698,"med":332.505882,"max":956.78358}}},"root_group":{"name":"","path":"","id":"d41d8cd98f00b204e9800998ecf8427e","groups":[],"checks":[{"fails":0,"name":"[wh-material-dl] status 200","path":"::[wh-material-dl] status 200","id":"182e87b5d3b46cf8a10f81893f31e347","passes":1026},{"fails":0,"name":"[wh-grade-unauth] status 403","path":"::[wh-grade-unauth] status 403","id":"b9f37e7e4ff322953440a920c2825184","passes":1038},{"path":"::[wh-submit] status 201","id":"49f223985d533388331178bd3e8d6a64","passes":3708,"fails":357,"name":"[wh-submit] status 201"},{"id":"6a9d912d2aeb5ec6cb64307cca9056b8","passes":774,"fails":0,"name":"[wh-cf-non-enrolled] status 403","path":"::[wh-cf-non-enrolled] status 403"},{"id":"549ffdbc72b97a1cd0f05b844dbb0567","passes":948,"fails":0,"name":"[wh-marker-grade] status 200","path":"::[wh-marker-grade] status 200"},{"passes":2128,"fails":0,"name":"[wh-structure] status 200","path":"::[wh-structure] status 200","id":"9f2134ec9c516bc3787570bcbc5bc9e6"},{"name":"[wh-gradebook] status 200","path":"::[wh-gradebook] status 200","id":"04f91da34414db0af1a48a98d41fa661","passes":2067,"fails":0},{"name":"[wh-quiz] start 201","path":"::[wh-quiz] start 201","id":"bc382dfba4db61bcda740eb7d13cbecd","passes":2395,"fails":630},{"id":"4963f6adfea6303590e8a8e9c12d47a1","passes":2395,"fails":0,"name":"[wh-quiz] submit 200","path":"::[wh-quiz] submit 200"},{"path":"::[wh-grade-update] status 200","id":"e1c3184baa8417c6f8c9c7cd82501965","passes":1041,"fails":0,"name":"[wh-grade-update] status 200"},{"name":"[wh-activity] status 200","path":"::[wh-activity] status 200","id":"aed3f8824d0bcca89ac7d3b2bf25119a","passes":1025,"fails":0},{"name":"[wh-cascade-pre] status 200","path":"::[wh-cascade-pre] status 200","id":"6cf217efe14ab595b837401653c393f9","passes":1012,"fails":0},{"name":"[wh-cascade-write] status 200","path":"::[wh-cascade-write] status 200","id":"9791881937dbec10111f5684ec5d2a68","passes":1012,"fails":0},{"fails":0,"name":"[wh-cascade-post] status 200","path":"::[wh-cascade-post] status 200","id":"2eaa088a823153fd8e84cbe4e79e632d","passes":1012},{"fails":0,"name":"[wh-grade] status 200","path":"::[wh-grade] status 200","id":"747a63480c5228e4182e0b619fd4205c","passes":1019},{"name":"[wh-user-grades] status 200","path":"::[wh-user-grades] status 200","id":"827cabf91007e26e21b96eb0eaac2825","passes":1083,"fails":0},{"id":"a0d2cffa4f26fbeb7022bec9298a706e","passes":264,"fails":0,"name":"[wh-cf-locked-grade] status 403","path":"::[wh-cf-locked-grade] status 403"}]},"options":{"summaryTrendStats":["avg","min","med","max","p(90)","p(95)","p(99)"],"summaryTimeUnit":"","noColor":false},"state":{"isStdErrTTY":false,