{"state":{"isStdErrTTY":false,"testRunDurationMs":401579.614489,"isStdOutTTY":false},"metrics":{"vus":{"values":{"value":4,"min":4,"max":1500},"type":"gauge","contains":"default"},"submit_quiz_duration":{"type":"trend","contains":"time","values":{"min":72.634895,"med":22667.680339,"max":25517.83582,"p(90)":24126.6928306,"p(95)":24608.789696199998,"p(99)":25097.489142919996,"avg":20528.921639495733}},"iteration_duration":{"type":"trend","contains":"time","values":{"p(99)":69487.72110512,"avg":26146.0253114904,"min":386.54821,"med":23550.25307,"max":73169.491386,"p(90)":45968.4096408,"p(95)":48962.761314699994}},"http_reqs":{"type":"counter","contains":"default","values":{"count":24980,"rate":62.20435275776243}},"user_grades_duration":{"type":"trend","contains":"time","values":{"p(95)":24273.611077399997,"p(99)":24704.06813155,"avg":19991.54051381524,"min":19.336635,"med":22329.111152999998,"max":25312.458959,"p(90)":23795.2003329}},"http_req_blocked":{"contains":"time","values":{"avg":0.9476956536028772,"min":0.001291,"med":0.006831,"max":1036.093453,"p(90)":0.011117,"p(95)":1.0578234,"p(99)":15.303392329999959},"type":"trend"},"http_req_failed":{"contains":"default","values":{"rate":0.12714171337069655,"passes":3176,"fails":21804},"thresholds":{"rate<0.15":{"ok":true}},"type":"rate"},"marker_grade_duration":{"type":"trend","contains":"time","values":{"p(90)":23638.3387388,"p(95)":24069.4152214,"p(99)":24725.90869646,"avg":20344.063301954066,"min":50.828098,"med":22323.100117,"max":24969.696588}},"http_req_connecting":{"type":"trend","contains":"time","values":{"avg":0.9351449709767805,"min":0,"med":0,"max":1036.013762,"p(90)":0,"p(95)":0.97986255,"p(99)":15.210510229999942}},"material_download_duration":{"type":"trend","contains":"time","values":{"max":25183.603595,"p(90)":23645.5639316,"p(95)":24114.244363399997,"p(99)":24555.85747324,"avg":20319.72111059587,"min":41.20214,"med":22215.126708}},"grade_submission_duration":{"type":"trend","contains":"time","values":{"med":22313.496096,"max":25272.216826,"p(90)":23608.084199,"p(95)":24053.725244,"p(99)":24602.6029338,"avg":20258.68371315274,"min":38.565072}},"http_req_waiting":{"type":"trend","contains":"time","values":{"p(90)":24281.971891200003,"p(95)":26387.4198595,"p(99)":29509.695404479997,"avg":20653.34025606453,"min":19.179223,"med":22400.0209805,"max":30029.053304}},"data_received":{"type":"counter","contains":"data","values":{"count":1405982097,"rate":3501129.1566407746}},"http_req_duration{expected_response:true}":{"contains":"time","values":{"p(95)":26366.38751699999,"p(99)":29046.920898210006,"avg":20598.286363748557,"min":19.336635,"med":22438.4438165,"max":29997.783002,"p(90)":24335.6413039},"type":"trend"},"submit_assignment_duration":{"contains":"time","values":{"max":25024.554556,"p(90)":23519.4171,"p(95)":24038.4119955,"p(99)":24568.6564094,"avg":20146.046765921663,"min":33.150992,"med":22258.783021},"type":"trend"},"data_sent":{"type":"counter","contains":"data","values":{"count":5535183,"rate":13783.525857116481}},"errors":{"type":"rate","contains":"default","values":{"fails":0,"rate":1,"passes":1144}},"http_req_tls_handshaking":{"type":"trend","contains":"time","values":{"p(99)":0,"avg":0,"min":0,"med":0,"max":0,"p(90)":0,"p(95)":0}},"cascade_read_duration":{"type":"trend","contains":"time","values":{"avg":19974.158797699223,"min":51.222578,"med":22393.725626500003,"max":25054.802998,"p(90)":23710.7640705,"p(95)":24154.486847949996,"p(99)":24694.51672506}},"grade_update_duration":{"type":"trend","contains":"time","values":{"avg":20086.84052228233,"min":27.240157,"med":22074.02265,"max":25356.685712,"p(90)":23389.54939,"p(95)":23891.2546392,"p(99)":24411.66114426}},"http_req_sending":{"type":"trend","contains":"time","values":{"p(90)":0.0490951,"p(95)":0.08547244999999998,"p(99)":0.15380959999999969,"avg":0.0395364236989591,"min":0.005248,"med":0.029034,"max":58.97454}},"http_req_receiving":{"type":"trend","contains":"time","values":{"med":0.1032025,"max":2001.608697,"p(90)":2.7094322000000304,"p(95)":22.03037709999999,"p(99)":80.99405791999997,"avg":4.425185340272216,"min":0}},"vus_max":{"type":"gauge","contains":"default","values":{"value":1500,"min":1500,"max":1500}},"checks":{"contains":"default","values":{"fails":1144,"rate":0.9542033626901522,"passes":23836},"type":"rate"},"gradebook_duration":{"values":{"med":27103.925612,"max":30029.074176,"p(90)":29876.1321487,"p(95)":30000.58892995,"p(99)":30001.0962317,"avg":25395.89144179447,"min":388.938772},"type":"trend","contains":"time"},"http_req_failed{ef:1}":{"values":{"passes":2032,"fails":0,"rate":1},"thresholds":{"rate<1.01":{"ok":true}},"type":"rate","contains":"default"},"course_structure_duration":{"contains":"time","values":{"p(99)":24776.13012165,"avg":20434.62928476512,"min":46.812378,"med":22454.48862,"max":25733.547124,"p(90)":23738.870403,"p(95)":24263.76131425},"type":"trend"},"iterations":{"type":"counter","contains":"default","values":{"count":20403,"rate":50.8068618621548}},"read_activity_duration":{"values":{"avg":20577.750186079826,"min":34.740636,"med":22324.840741,"max":24883.208058,"p(90)":23770.6310695,"p(95)":24188.41537405,"p(99)":24602.04699551},"type":"trend","contains":"time"},"http_req_duration":{"contains":"time","values":{"avg":20657.804977828473,"min":19.336635,"med":22401.395836,"max":30029.074176,"p(90)":24285.979555,"p(95)":26415.2456582,"p(99)":29601.559338989984},"type":"trend"}},"root_group":{"name":"","path":"","id":"d41d8cd98f00b204e9800998ecf8427e","groups":[],"checks":[{"name":"[wh-activity] status 200","path":"::[wh-activity] status 200","id":"aed3f8824d0bcca89ac7d3b2bf25119a","passes":990,"fails":0},{"id":"747a63480c5228e4182e0b619fd4205c","passes":1041,"fails":0,"name":"[wh-grade] status 200","path":"::[wh-grade] status 200"},{"name":"[wh-grade-update] status 200","path":"::[wh-grade-update] status 200","id":"e1c3184baa8417c6f8c9c7cd82501965","passes":1089,"fails":0},{"fails":0,"name":"[wh-cascade-pre] status 200","path":"::[wh-cascade-pre] status 200","id":"6cf217efe14ab595b837401653c393f9","passes":1066},{"id":"b9f37e7e4ff322953440a920c2825184","passes":1024,"fails":0,"name":"[wh-grade-unauth] status 403","path":"::[wh-grade-unauth] status 403"},{"id":"49f223985d533388331178bd3e8d6a64","passes":3815,"fails":396,"name":"[wh-submit] status 201","path":"::[wh-submit] status 201"},{"passes":1059,"fails":0,"name":"[wh-cascade-write] status 200","path":"::[wh-cascade-write] status 200","id":"9791881937dbec10111f5684ec5d2a68"},{"id":"2eaa088a823153fd8e84cbe4e79e632d","passes":1044,"fails":0,"name":"[wh-cascade-post] status 200","path":"::[wh-cascade-post] status 200"},{"fails":570,"name":"[wh-quiz] start 201","path":"::[wh-quiz] start 201","id":"bc382dfba4db61bcda740eb7d13cbecd","passes":2447},{"name":"[wh-gradebook] status 200","path":"::[wh-gradebook] status 200","id":"04f91da34414db0af1a48a98d41fa661","passes":1856,"fails":178},{"name":"[wh-material-dl] status 200","path":"::[wh-material-dl] status 200","id":"182e87b5d3b46cf8a10f81893f31e347","passes":1017,"fails":0},{"path":"::[wh-quiz] submit 200","id":"4963f6adfea6303590e8a8e9c12d47a1","passes":2443,"fails":0,"name":"[wh-quiz] submit 200"},{"passes":1946,"fails":0,"name":"[wh-structure] status 200","path":"::[wh-structure] status 200","id":"9f2134ec9c516bc3787570bcbc5bc9e6"},{"passes":979,"fails":0,"name":"[wh-marker-grade] status 200","path":"::[wh-marker-grade] status 200","id":"549ffdbc72b97a1cd0f05b844dbb0567"},{"name":"[wh-user-grades] status 200","path":"::[wh-user-grades] status 200","id":"827cabf91007e26e21b96eb0eaac2825","passes":1012,"fails":0},{"id":"6a9d912d2aeb5ec6cb64307cca9056b8","passes":773,"fails":0,"name":"[wh-cf-non-enrolled] status 403","path":"::[wh-cf-non-enrolled] status 403"},{"fails":0,"name":"[wh-cf-locked-grade] status 403","path":"::[wh-cf-locked-grade] status 403","id":"a0d2cffa4f26fbeb7022bec9298a706e","passes":235}]},"options":{"noColor":false,