{"state":{"testRunDurationMs":410391.332104,"isStdOutTTY":false,"isStdErrTTY":false},"metrics":{"course_structure_duration":{"type":"trend","contains":"time","values":{"avg":26333.941801229685,"min":0.730585,"med":28911.096003,"max":30274.867706,"p(90)":29999.7154682,"p(95)":29999.988745000002,"p(99)":30001.06217496}},"http_req_tls_handshaking":{"type":"trend","contains":"time","values":{"avg":0,"min":0,"med":0,"max":0,"p(90)":0,"p(95)":0,"p(99)":0}},"http_req_duration":{"type":"trend","contains":"time","values":{"p(95)":30000.1120008,"p(99)":30001.161451,"avg":26095.51099245656,"min":0,"med":28724.904854,"max":30274.867706,"p(90)":29999.759802999997}},"gradebook_duration":{"type":"trend","contains":"time","values":{"avg":27880.924580444163,"min":0.733818,"med":29999.106717,"max":30147.215065,"p(90)":30000.0953994,"p(95)":30000.4112988,"p(99)":30005.7314648}},"http_req_failed":{"thresholds":{"rate<0.15":{"ok":false}},"type":"rate","contains":"default","values":{"rate":0.4801954348799045,"passes":12875,"fails":13937}},"iteration_duration":{"type":"trend","contains":"time","values":{"med":30347.945013,"max":89544.600152,"p(90)":31440.446060399998,"p(95)":56395.829951,"p(99)":84127.00396488,"avg":30075.280827723833,"min":3.049968}},"read_activity_duration":{"type":"trend","contains":"time","values":{"avg":26119.90551550348,"min":0,"med":28445.810118,"max":30112.944818,"p(90)":29999.6308432,"p(95)":29999.962807400003,"p(99)":30000.99732852}},"grade_submission_duration":{"type":"trend","contains":"time","values":{"min":0.938151,"med":28566.2129375,"max":30138.681443,"p(90)":29999.691574200002,"p(95)":30000.0455573,"p(99)":30002.03234497,"avg":25883.390998680377}},"http_req_connecting":{"type":"trend","contains":"time","values":{"max":1237.987928,"p(90)":15.122227400000012,"p(95)":31.62412894999996,"p(99)":112.11623944999987,"avg":8.993726132067742,"min":0,"med":1.1138210000000002}},"http_req_receiving":{"type":"trend","contains":"time","values":{"max":388.059664,"p(90)":0.6984140000000001,"p(95)":1.11031035,"p(99)":24.135293669999918,"avg":0.9776308566313581,"min":0,"med":0.070127}},"iterations":{"type":"counter","contains":"default","values":{"rate":57.937383516605344,"count":23777}},"user_grades_duration":{"type":"trend","contains":"time","values":{"p(90)":29999.7479814,"p(95)":30000.0105937,"p(99)":30000.83673917,"avg":26454.09858524782,"min":0.765955,"med":28985.463538,"max":30184.95745}},"http_req_sending":{"values":{"p(99)":0.24217788999999976,"avg":0.11011097131881195,"min":0,"med":0.055766,"max":232.971896,"p(90)":0.10010200000000002,"p(95)":0.12336349999999992},"type":"trend","contains":"time"},"http_req_blocked":{"type":"trend","contains":"time","values":{"avg":9.063658233701329,"min":0.001613,"med":1.184515,"max":1238.044585,"p(90)":15.210958600000001,"p(95)":31.768311399999938,"p(99)":112.21100816999984}},"submit_quiz_duration":{"contains":"time","values":{"avg":23814.912563010566,"min":0.093854,"med":27761.641164,"max":30202.052152,"p(90)":30000.5290608,"p(95)":30000.906773799998,"p(99)":30001.27524278},"type":"trend"},"data_received":{"type":"counter","contains":"data","values":{"count":341612851,"rate":832407.5687676308}},"vus":{"values":{"min":14,"max":2000,"value":44},"type":"gauge","contains":"default"},"http_req_failed{ef:1}":{"type":"rate","contains":"default","values":{"rate":1,"passes":2459,"fails":0},"thresholds":{"rate<1.01":{"ok":true}}},"http_req_waiting":{"type":"trend","contains":"time","values":{"p(90)":29999.68865,"p(95)":30000.05167925,"p(99)":30001.132877440003,"avg":26094.423250628628,"min":0,"med":28724.48846,"max":30274.834163}},"submit_assignment_duration":{"type":"trend","contains":"time","values":{"max":30096.039433,"p(90)":29999.6801374,"p(95)":29999.9673389,"p(99)":30001.003785679997,"avg":26262.428815135798,"min":0.528972,"med":28728.993916}},"checks":{"type":"rate","contains":"default","values":{"passes":15591,"fails":11221,"rate":0.5814933611815605}},"errors":{"type":"rate","contains":"default","values":{"fails":0,"rate":1,"passes":11221}},"grade_update_duration":{"type":"trend","contains":"time","values":{"min":0.779609,"med":28361.934193,"max":30188.076536,"p(90)":29999.6380528,"p(95)":29999.9338784,"p(99)":30000.43762152,"avg":25860.353684785077}},"vus_max":{"type":"gauge","contains":"default","values":{"value":2000,"min":2000,"max":2000}},"material_download_duration":{"contains":"time","values":{"med":28563.2342755,"max":30138.789021,"p(90)":29999.640677299998,"p(95)":29999.99018475,"p(99)":30000.97958463,"avg":26374.768346054774,"min":0.95034},"type":"trend"},"cascade_read_duration":{"type":"trend","contains":"time","values":{"p(95)":30000.560080649997,"p(99)":30001.17239887,"avg":23518.966714458493,"min":60.918813,"med":27210.798242,"max":30016.52019,"p(90)":29586.438744800005}},"data_sent":{"contains":"data","values":{"count":5593936,"rate":13630.736232466048},"type":"counter"},"http_req_duration{expected_response:true}":{"values":{"avg":23914.655912298822,"min":35.937686,"med":27400.697273,"max":30058.149719,"p(90)":29356.976349599998,"p(95)":29670.143875600003,"p(99)":29921.67589004},"type":"trend","contains":"time"},"http_reqs":{"type":"counter","contains":"default","values":{"count":26812,"rate":65.33276388304759}},"marker_grade_duration":{"type":"trend","contains":"time","values":{"p(90)":29999.6922535,"p(95)":30000.04443775,"p(99)":30000.6903502,"avg":26374.976659953158,"min":0.646465,"med":28771.66536,"max":30074.468642}}},"root_group":{"name":"","path":"","id":"d41d8cd98f00b204e9800998ecf8427e","groups":[],"checks":[{"id":"b9f37e7e4ff322953440a920c2825184","passes":812,"fails":397,"name":"[wh-grade-unauth] status 403","path":"::[wh-grade-unauth] status 403"},{"fails":98,"name":"[wh-cf-locked-grade] status 403","path":"::[wh-cf-locked-grade] status 403","id":"a0d2cffa4f26fbeb7022bec9298a706e","passes":194},{"fails":433,"name":"[wh-grade-update] status 200","path":"::[wh-grade-update] status 200","id":"e1c3184baa8417c6f8c9c7cd82501965","passes":755},{"passes":2666,"fails":2098,"name":"[wh-submit] status 201","path":"::[wh-submit] status 201","id":"49f223985d533388331178bd3e8d6a64"},{"name":"[wh-quiz] start 201","path":"::[wh-quiz] start 201","id":"bc382dfba4db61bcda740eb7d13cbecd","passes":1666,"fails":1910},{"name":"[wh-grade] status 200","path":"::[wh-grade] status 200","id":"747a63480c5228e4182e0b619fd4205c","passes":796,"fails":418},{"id":"4963f6adfea6303590e8a8e9c12d47a1","passes":1306,"fails":301,"name":"[wh-quiz] submit 200","path":"::[wh-quiz] submit 200"},{"passes":726,"fails":460,"name":"[wh-cascade-pre] status 200","path":"::[wh-cascade-pre] status 200","id":"6cf217efe14ab595b837401653c393f9"},{"fails":68,"name":"[wh-cascade-write] status 200","path":"::[wh-cascade-write] status 200","id":"9791881937dbec10111f5684ec5d2a68","passes":627},{"fails":946,"name":"[wh-structure] status 200","path":"::[wh-structure] status 200","id":"9f2134ec9c516bc3787570bcbc5bc9e6","passes":1427},{"name":"[wh-cascade-post] status 200","path":"::[wh-cascade-post] status 200","id":"2eaa088a823153fd8e84cbe4e79e632d","passes":530,"fails":48},{"passes":648,"fails":310,"name":"[wh-cf-non-enrolled] status 403","path":"::[wh-cf-non-enrolled] status 403","id":"6a9d912d2aeb5ec6cb64307cca9056b8"},{"name":"[wh-activity] status 200","path":"::[wh-activity] status 200","id":"aed3f8824d0bcca89ac7d3b2bf25119a","passes":839,"fails":458},{"name":"[wh-gradebook] status 200","path":"::[wh-gradebook] status 200","id":"04f91da34414db0af1a48a98d41fa661","passes":386,"fails":1951},{"name":"[wh-marker-grade] status 200","path":"::[wh-marker-grade] status 200","id":"549ffdbc72b97a1cd0f05b844dbb0567","passes":754,"fails":462},{"name":"[wh-material-dl] status 200","path":"::[wh-material-dl] status 200","id":"182e87b5d3b46cf8a10f81893f31e347","passes":759,"fails":409},{"name":"[wh-user-grades] status 200","path":"::[wh-user-grades] status 200","id":"827cabf91007e26e21b96eb0eaac2825","passes":700,"fails":454}]},"options":{"noColor":false,