{"options":{"noColor":false,"summaryTrendStats":["avg","min","med","max","p(90)","p(95)","p(99)"],"summaryTimeUnit":""},"state":{"isStdOutTTY":false,"isStdErrTTY":false,"testRunDurationMs":390786.280782},"metrics":{"http_req_waiting":{"type":"trend","contains":"time","values":{"p(95)":3406.74487565,"p(99)":3672.28676159,"avg":2590.2641555063724,"min":19.077181,"med":2800.8535315,"max":4965.49869,"p(90)":3275.1546331}},"vus_max":{"type":"gauge","contains":"default","values":{"value":250,"min":250,"max":250}},"iterations":{"type":"counter","contains":"default","values":{"count":21585,"rate":55.234794724130005}},"gradebook_duration":{"type":"trend","contains":"time","values":{"p(99)":3291.7276592400003,"avg":2382.918195584461,"min":19.32059,"med":2617.141413,"max":4080.508183,"p(90)":2934.9035116,"p(95)":3018.4828402}},"data_sent":{"type":"counter","contains":"data","values":{"count":4937742,"rate":12635.402630100307}},"http_req_receiving":{"type":"trend","contains":"time","values":{"p(90)":0.2636735,"p(95)":0.38456069999999976,"p(99)":0.8511419299999857,"avg":0.19277547715873228,"min":0.026895,"med":0.1423105,"max":34.028842}},"vus":{"type":"gauge","contains":"default","values":{"value":1,"min":1,"max":250}},"http_req_duration{expected_response:true}":{"type":"trend","contains":"time","values":{"avg":2590.505351314545,"min":19.32059,"med":2801.0493225,"max":4965.642495,"p(90)":3275.3532119,"p(95)":3406.95881265,"p(99)":3672.45521002}},"http_req_tls_handshaking":{"type":"trend","contains":"time","values":{"avg":0,"min":0,"med":0,"max":0,"p(90)":0,"p(95)":0,"p(99)":0}},"http_req_duration":{"type":"trend","contains":"time","values":{"max":4965.642495,"p(90)":3275.3532119,"p(95)":3406.95881265,"p(99)":3672.45521002,"avg":2590.505351314545,"min":19.32059,"med":2801.0493225},"thresholds":{"p(95)<3000":{"ok":false}}},"iteration_duration":{"contains":"time","values":{"max":9189.925164,"p(90)":6705.2440014,"p(95)":7154.4164678,"p(99)":7710.95029244,"avg":4011.9360826278557,"min":329.374666,"med":3779.888841},"type":"trend"},"submit_quiz_duration":{"type":"trend","contains":"time","values":{"p(95)":3562.834942,"p(99)":3851.5138478000003,"avg":2778.235752680131,"min":43.00705,"med":3033.906023,"max":4965.642495,"p(90)":3459.48776}},"http_reqs":{"type":"counter","contains":"default","values":{"count":25918,"rate":66.3226967644198}},"checks":{"type":"rate","contains":"default","values":{"rate":0.9996827720839434,"passes":40967,"fails":13}},"data_received":{"type":"counter","contains":"data","values":{"count":96404022,"rate":246692.4422400052}},"http_req_blocked":{"values":{"p(99)":0.22486542999998937,"avg":0.018974104521953812,"min":0.002889,"med":0.010594,"max":25.866385,"p(90)":0.016009899999999997,"p(95)":0.023913149999999998},"type":"trend","contains":"time"},"http_req_sending":{"type":"trend","contains":"time","values":{"min":0.009001,"med":0.0384885,"max":20.450841,"p(90)":0.0592529,"p(95)":0.07075359999999999,"p(99)":0.1425869299999995,"avg":0.048420331044061946}},"http_req_connecting":{"type":"trend","contains":"time","values":{"avg":0.004185341384366076,"min":0,"med":0,"max":25.666428,"p(90)":0,"p(95)":0,"p(99)":0}},"assignment_detail_duration":{"type":"trend","contains":"time","values":{"p(99)":3334.6391572799994,"avg":2447.081779951288,"min":20.431674,"med":2676.7510895,"max":3794.786491,"p(90)":3008.2562528,"p(95)":3096.59793275}},"http_req_failed":{"contains":"default","values":{"rate":0,"passes":0,"fails":25918},"thresholds":{"rate<0.10":{"ok":true}},"type":"rate"},"submit_assignment_duration":{"values":{"p(95)":3433.925974399999,"p(99)":3711.37157767,"avg":2675.140780279575,"min":33.262128,"med":2910.6228684999996,"max":4945.906374,"p(90)":3311.6978539},"type":"trend","contains":"time"},"grade_submission_duration":{"contains":"time","values":{"p(90)":3397.2299263,"p(95)":3516.989460199999,"p(99)":3742.71033331,"avg":2747.9239754390146,"min":46.816276,"med":2990.514993,"max":4741.468174},"type":"trend"},"errors":{"contains":"default","values":{"rate":0,"passes":0,"fails":0},"thresholds":{"rate<0.10":{"ok":true}},"type":"rate"}},"root_group":{"checks":[{"name":"[assignment-detail] status 200","path":"::[assignment-detail] status 200","id":"e710e6c64d866e8aa495eeee12857a96","passes":4290,"fails":0},{"name":"[assignment-detail] success","path":"::[assignment-detail] success","id":"2eca0bd45992b6c1691069c6af81d1ee","passes":4290,"fails":0},{"name":"[submit-assignment] status 201 or 400","path":"::[submit-assignment] status 201 or 400","id":"c6b8e5b4b95e1cad4532c36b70154d08","passes":6510,"fails":0},{"name":"[gradebook] status 200","path":"::[gradebook] status 200","id":"9186de991ebaa0ed414ff11baa5503d0","passes":4209,"fails":0},{"name":"[gradebook] success","path":"::[gradebook] success","id":"a15a69867e50cddaa06c049f7cde480d","passes":4209,"fails":0},{"name":"[quiz-attempt] start 201","path":"::[quiz-attempt] start 201","id":"18f54229dcbc1aba2aecf8a61f0db771","passes":4333,"fails":13},{"passes":4333,"fails":0,"name":"[quiz-attempt] submit 200","path":"::[quiz-attempt] submit 200","id":"3aac290b0fb83ec96bbf8f19a1813a81"},{"name":"[quiz-attempt] success","path":"::[quiz-attempt] success","id":"6398ec5c83f0a8abdc14be5794d5070f","passes":4333,"fails":0},{"name":"[grade-submission] status 200","path":"::[grade-submission] status 200","id":"0b00b1c9fc4243dfcbcade089d53f4c1","passes":2230,"fails":0},{"id":"dc7c3576ea1686ed510a59cbde26957e","passes":2230,"fails":0,"name":"[grade-submission] success","path":"::[grade-submission] success"}],"name":"","path":"","id":"d41d8cd98f00b204e9800998ecf8427e","groups":[]}}