{"metrics":{"assignment_detail_duration":{"values":{"avg":5612.933835190091,"min":20.638439,"med":6166.482261,"max":8232.760272,"p(90)":6529.391776500001,"p(95)":6619.38176525,"p(99)":6807.38667495},"type":"trend","contains":"time"},"errors":{"type":"rate","contains":"default","values":{"passes":0,"fails":0,"rate":0},"thresholds":{"rate<0.10":{"ok":true}}},"http_req_duration{expected_response:true}":{"type":"trend","contains":"time","values":{"med":6275.53721,"max":8232.760272,"p(90)":6770.6298866,"p(95)":6898.719336,"p(99)":7167.35519132,"avg":5757.956757688484,"min":18.881099}},"http_req_waiting":{"type":"trend","contains":"time","values":{"min":18.705492,"med":6275.312701,"max":8232.429147,"p(90)":6770.391269600001,"p(95)":6898.601982,"p(99)":7167.15783776,"avg":5757.71679841479}},"vus":{"type":"gauge","contains":"default","values":{"max":500,"value":2,"min":2}},"submit_assignment_duration":{"type":"trend","contains":"time","values":{"avg":5833.321233028883,"min":36.395087,"med":6385.888594,"max":8159.968539,"p(90)":6816.696761,"p(95)":6933.252656,"p(99)":7185.1851538}},"iterations":{"values":{"count":22328,"rate":57.15903267967995},"type":"counter","contains":"default"},"http_req_failed":{"thresholds":{"rate<0.10":{"ok":true}},"type":"rate","contains":"default","values":{"passes":0,"fails":26733,"rate":0}},"http_req_tls_handshaking":{"values":{"min":0,"med":0,"max":0,"p(90)":0,"p(95)":0,"p(99)":0,"avg":0},"type":"trend","contains":"time"},"http_req_receiving":{"type":"trend","contains":"time","values":{"avg":0.19116042965623184,"min":0.032417,"med":0.141169,"max":48.462448,"p(90)":0.2592576,"p(95)":0.37498699999999924,"p(99)":0.8397108800000003}},"http_reqs":{"type":"counter","contains":"default","values":{"count":26733,"rate":68.43570497249571}},"vus_max":{"type":"gauge","contains":"default","values":{"value":500,"min":500,"max":500}},"data_sent":{"type":"counter","contains":"data","values":{"count":5075825,"rate":12993.96484464961}},"gradebook_duration":{"type":"trend","contains":"time","values":{"p(95)":6526.7308402,"p(99)":6748.84858606,"avg":5541.978058486328,"min":18.881099,"med":6082.488755,"max":7434.906933,"p(90)":6442.249409}},"data_received":{"type":"counter","contains":"data","values":{"count":97968626,"rate":250796.84231088066}},"grade_submission_duration":{"type":"trend","contains":"time","values":{"p(90)":6902.162383,"p(95)":7014.4547365,"p(99)":7277.355774149999,"avg":5952.057251936362,"min":47.168796,"med":6477.613449,"max":8038.51362}},"iteration_duration":{"type":"trend","contains":"time","values":{"p(95)":14083.507655899999,"p(99)":14681.29261992,"avg":7793.953657947483,"min":386.416198,"med":7246.8652485,"max":15698.33456,"p(90)":13633.158340799999}},"checks":{"type":"rate","contains":"default","values":{"rate":0.9998342528354605,"passes":42226,"fails":7}},"http_req_duration":{"contains":"time","values":{"avg":5757.956757688484,"min":18.881099,"med":6275.53721,"max":8232.760272,"p(90)":6770.6298866,"p(95)":6898.719336,"p(99)":7167.35519132},"thresholds":{"p(95)<3000":{"ok":false}},"type":"trend"},"http_req_sending":{"type":"trend","contains":"time","values":{"min":0.008614,"med":0.038592,"max":23.320954,"p(90)":0.06051619999999999,"p(95)":0.07400779999999997,"p(99)":0.14419752000000002,"avg":0.04879884397561069}},"submit_quiz_duration":{"type":"trend","contains":"time","values":{"p(90)":6942.7770306,"p(95)":7057.9939868,"p(99)":7338.77332408,"avg":5955.682120880807,"min":50.301279,"med":6499.30785,"max":8131.252287}},"http_req_blocked":{"type":"trend","contains":"time","values":{"p(99)":0.3230353200000002,"avg":0.023257014626117647,"min":0.002982,"med":0.010961,"max":23.256984,"p(90)":0.018651,"p(95)":0.026915599999999935}},"http_req_connecting":{"type":"trend","contains":"time","values":{"avg":0.007064756405940232,"min":0,"med":0,"max":23.091321,"p(90)":0,"p(95)":0,"p(99)":0.20916804000000006}}},"root_group":{"checks":[{"path":"::[assignment-detail] status 200","id":"e710e6c64d866e8aa495eeee12857a96","passes":4456,"fails":0,"name":"[assignment-detail] status 200"},{"name":"[assignment-detail] success","path":"::[assignment-detail] success","id":"2eca0bd45992b6c1691069c6af81d1ee","passes":4456,"fails":0},{"name":"[quiz-attempt] start 201","path":"::[quiz-attempt] start 201","id":"18f54229dcbc1aba2aecf8a61f0db771","passes":4405,"fails":7},{"name":"[quiz-attempt] submit 200","path":"::[quiz-attempt] submit 200","id":"3aac290b0fb83ec96bbf8f19a1813a81","passes":4405,"fails":0},{"name":"[quiz-attempt] success","path":"::[quiz-attempt] success","id":"6398ec5c83f0a8abdc14be5794d5070f","passes":4405,"fails":0},{"name":"[submit-assignment] status 201 or 400","path":"::[submit-assignment] status 201 or 400","id":"c6b8e5b4b95e1cad4532c36b70154d08","passes":6821,"fails":0},{"passes":4423,"fails":0,"name":"[gradebook] status 200","path":"::[gradebook] status 200","id":"9186de991ebaa0ed414ff11baa5503d0"},{"passes":4423,"fails":0,"name":"[gradebook] success","path":"::[gradebook] success","id":"a15a69867e50cddaa06c049f7cde480d"},{"name":"[grade-submission] status 200","path":"::[grade-submission] status 200","id":"0b00b1c9fc4243dfcbcade089d53f4c1","passes":2216,"fails":0},{"fails":0,"name":"[grade-submission] success","path":"::[grade-submission] success","id":"dc7c3576ea1686ed510a59cbde26957e","passes":2216}],"name":"","path":"","id":"d41d8cd98f00b204e9800998ecf8427e","groups":[]},"options":{"summaryTrendStats":["avg","min","med","max","p(90)","p(95)","p(99)"],"summaryTimeUnit":"","noColor":false},"state":{"isStdErrTTY":false,"testRunDurationMs":390629.423789,"isStdOutTTY":false}}