{"state":{"isStdOutTTY":false,"isStdErrTTY":false,"testRunDurationMs":390674.014683},"metrics":{"submit_assignment_duration":{"type":"trend","contains":"time","values":{"min":31.996842,"med":6426.1241725,"max":8144.97641,"p(90)":7157.412967300001,"p(95)":7417.55915965,"p(99)":7778.38550068,"avg":5941.56158601685}},"http_req_failed{ef:1}":{"type":"rate","contains":"default","values":{"rate":1,"passes":1936,"fails":0},"thresholds":{"rate<1.01":{"ok":true}}},"gradebook_duration":{"type":"trend","contains":"time","values":{"p(90)":13929.135855300001,"p(95)":14485.0474523,"p(99)":15590.249332439998,"avg":11185.71122812343,"min":338.12,"med":11520.2859505,"max":16901.704856}},"http_req_duration":{"type":"trend","contains":"time","values":{"avg":6397.255789088463,"min":14.702785,"med":6520.0698335,"max":16901.704856,"p(90)":7709.6090504,"p(95)":10887.0161763,"p(99)":13624.002368729993}},"data_sent":{"type":"counter","contains":"data","values":{"count":5397096,"rate":13814.832308156718}},"read_activity_duration":{"type":"trend","contains":"time","values":{"p(99)":7855.340279329999,"avg":5964.828293650868,"min":34.22359,"med":6407.6729385,"max":8237.533164,"p(90)":7211.8162166,"p(95)":7482.6072053}},"grade_update_duration":{"type":"trend","contains":"time","values":{"avg":5771.828101358738,"min":16.969052,"med":6250.359893,"max":7756.342327,"p(90)":6950.721098,"p(95)":7241.85541475,"p(99)":7512.946114049999}},"grade_submission_duration":{"type":"trend","contains":"time","values":{"p(99)":7880.2638113699995,"avg":6003.978784927145,"min":38.829486,"med":6464.8028875,"max":8123.527794,"p(90)":7174.508382800001,"p(95)":7457.164081}},"iteration_duration":{"type":"trend","contains":"time","values":{"med":7586.2673589999995,"max":25029.894519,"p(90)":14615.451337900002,"p(95)":16649.959914400002,"p(99)":21500.301098210002,"avg":8753.91465750122,"min":354.274078}},"iterations":{"type":"counter","contains":"default","values":{"count":19892,"rate":50.91713104118463}},"http_req_duration{expected_response:true}":{"type":"trend","contains":"time","values":{"med":6568.744839,"max":16901.704856,"p(90)":7860.1957774,"p(95)":11235.341523499997,"p(99)":13764.556342880001,"avg":6477.303384469561,"min":19.086132}},"http_req_receiving":{"type":"trend","contains":"time","values":{"p(95)":24.82756704999998,"p(99)":82.17619871999997,"avg":4.259684889161953,"min":0.013911,"med":0.1036765,"max":1681.946281,"p(90)":4.0627480000000045}},"course_structure_duration":{"values":{"p(90)":7380.4934036,"p(95)":7610.0053831000005,"p(99)":8067.5279215,"avg":6191.346959159664,"min":39.614643,"med":6628.72568,"max":8278.910528},"type":"trend","contains":"time"},"errors":{"values":{"rate":1,"passes":979,"fails":0},"type":"rate","contains":"default"},"http_req_tls_handshaking":{"type":"trend","contains":"time","values":{"avg":0,"min":0,"med":0,"max":0,"p(90)":0,"p(95)":0,"p(99)":0}},"vus_max":{"type":"gauge","contains":"default","values":{"value":500,"min":500,"max":500}},"http_req_sending":{"type":"trend","contains":"time","values":{"min":0.005248,"med":0.027793,"max":11.883702,"p(90)":0.041192,"p(95)":0.05144549999999993,"p(99)":0.13688383999999956,"avg":0.032015653518473054}},"cascade_read_duration":{"type":"trend","contains":"time","values":{"avg":6007.416062747202,"min":32.482414,"med":6567.031577,"max":8129.164468,"p(90)":7295.9260185,"p(95)":7575.9978435,"p(99)":7958.28779932}},"http_req_blocked":{"type":"trend","contains":"time","values":{"avg":0.2097043824854619,"min":0.001182,"med":0.00674,"max":1019.999283,"p(90)":0.009034,"p(95)":0.011487349999999999,"p(99)":1.1997052899999998}},"http_req_failed":{"type":"rate","contains":"default","values":{"rate":0.11939870566068649,"passes":2915,"fails":21499},"thresholds":{"rate<0.15":{"ok":true}}},"http_reqs":{"type":"counter","contains":"default","values":{"count":24414,"rate":62.49199865470951}},"marker_grade_duration":{"type":"trend","contains":"time","values":{"max":8197.725237,"p(90)":7240.044492200001,"p(95)":7485.6195519,"p(99)":7819.539923,"avg":6069.955928024612,"min":69.291278,"med":6536.658036}},"checks":{"contains":"default","values":{"passes":23435,"fails":979,"rate":0.9599000573441469},"type":"rate"},"vus":{"contains":"default","values":{"value":17,"min":7,"max":500},"type":"gauge"},"http_req_connecting":{"type":"trend","contains":"time","values":{"max":1019.943497,"p(90)":0,"p(95)":0,"p(99)":1.1198277199999986,"avg":0.20012401417219625,"min":0,"med":0}},"submit_quiz_duration":{"type":"trend","contains":"time","values":{"p(90)":7738.813121900001,"p(95)":8047.7334661,"p(99)":8395.05938824,"avg":6296.542502726646,"min":69.280511,"med":6834.580601,"max":8683.243973}},"material_download_duration":{"type":"trend","contains":"time","values":{"avg":5843.673194956649,"min":36.653016,"med":6396.8868569999995,"max":8153.08997,"p(90)":7134.2934488,"p(95)":7371.1035084000005,"p(99)":7752.44582722}},"http_req_waiting":{"values":{"p(95)":10847.6249682,"p(99)":13593.760648929994,"avg":6392.964088545755,"min":14.56768,"med":6519.1470229999995,"max":16814.794426,"p(90)":7705.1584956},"type":"trend","contains":"time"},"user_grades_duration":{"type":"trend","contains":"time","values":{"p(99)":8069.97453384,"avg":6074.4292569607305,"min":19.086132,"med":6446.404225,"max":8540.140223,"p(90)":7333.4732452,"p(95)":7592.015540400001}},"data_received":{"type":"counter","contains":"data","values":{"count":1478696003,"rate":3784986.8366593076}}},"root_group":{"groups":[],"checks":[{"name":"[wh-quiz] start 201","path":"::[wh-quiz] start 201","id":"bc382dfba4db61bcda740eb7d13cbecd","passes":2378,"fails":567},{"name":"[wh-quiz] submit 200","path":"::[wh-quiz] submit 200","id":"4963f6adfea6303590e8a8e9c12d47a1","passes":2378,"fails":0},{"fails":0,"name":"[wh-structure] status 200","path":"::[wh-structure] status 200","id":"9f2134ec9c516bc3787570bcbc5bc9e6","passes":2023},{"name":"[wh-user-grades] status 200","path":"::[wh-user-grades] status 200","id":"827cabf91007e26e21b96eb0eaac2825","passes":993,"fails":0},{"fails":0,"name":"[wh-grade-update] status 200","path":"::[wh-grade-update] status 200","id":"e1c3184baa8417c6f8c9c7cd82501965","passes":962},{"name":"[wh-cf-locked-grade] status 403","path":"::[wh-cf-locked-grade] status 403","id":"a0d2cffa4f26fbeb7022bec9298a706e","passes":238,"fails":0},{"name":"[wh-cascade-pre] status 200","path":"::[wh-cascade-pre] status 200","id":"6cf217efe14ab595b837401653c393f9","passes":1072,"fails":0},{"passes":1072,"fails":0,"name":"[wh-cascade-write] status 200","path":"::[wh-cascade-write] status 200","id":"9791881937dbec10111f5684ec5d2a68"},{"id":"b9f37e7e4ff322953440a920c2825184","passes":966,"fails":0,"name":"[wh-grade-unauth] status 403","path":"::[wh-grade-unauth] status 403"},{"name":"[wh-cascade-post] status 200","path":"::[wh-cascade-post] status 200","id":"2eaa088a823153fd8e84cbe4e79e632d","passes":1072,"fails":0},{"id":"747a63480c5228e4182e0b619fd4205c","passes":1001,"fails":1,"name":"[wh-grade] status 200","path":"::[wh-grade] status 200"},{"fails":411,"name":"[wh-submit] status 201","path":"::[wh-submit] status 201","id":"49f223985d533388331178bd3e8d6a64","passes":3627},{"name":"[wh-gradebook] status 200","path":"::[wh-gradebook] status 200","id":"04f91da34414db0af1a48a98d41fa661","passes":1920,"fails":0},{"name":"[wh-cf-non-enrolled] status 403","path":"::[wh-cf-non-enrolled] status 403","id":"6a9d912d2aeb5ec6cb64307cca9056b8","passes":732,"fails":0},{"fails":0,"name":"[wh-activity] status 200","path":"::[wh-activity] status 200","id":"aed3f8824d0bcca89ac7d3b2bf25119a","passes":1034},{"passes":992,"fails":0,"name":"[wh-material-dl] status 200","path":"::[wh-material-dl] status 200","id":"182e87b5d3b46cf8a10f81893f31e347"},{"id":"549ffdbc72b97a1cd0f05b844dbb0567","passes":975,"fails":0,"name":"[wh-marker-grade] status 200","path":"::[wh-marker-grade] status 200"}],"name":"","path":"","id":"d41d8cd98f00b204e9800998ecf8427e"},"options":{"summaryTrendStats":["avg","min","med","max","p(90)","p(95)","p(99)"],