{"state":{"isStdErrTTY":false,"testRunDurationMs":391283.880292,"isStdOutTTY":false},"metrics":{"checks":{"type":"rate","contains":"default","values":{"rate":0.999881519395275,"passes":42196,"fails":5}},"http_reqs":{"contains":"default","values":{"count":26685,"rate":68.1985671888298},"type":"counter"},"http_req_sending":{"contains":"time","values":{"max":24.642243,"p(90)":0.0626068,"p(95)":0.08153739999999998,"p(99)":0.15161136,"avg":0.05280693520704496,"min":0.008967,"med":0.038581},"type":"trend"},"grade_submission_duration":{"type":"trend","contains":"time","values":{"min":41.68312,"med":10096.296632,"max":11645.813553,"p(90)":10633.986712200001,"p(95)":10791.5845936,"p(99)":11122.181604860001,"avg":9158.391091413983}},"vus_max":{"type":"gauge","contains":"default","values":{"value":750,"min":750,"max":750}},"submit_quiz_duration":{"type":"trend","contains":"time","values":{"p(99)":11133.23487156,"avg":9308.70429374667,"min":37.97083,"med":10174.257879,"max":11957.80826,"p(90)":10719.834486,"p(95)":10863.897534}},"http_req_connecting":{"values":{"p(90)":0,"p(95)":0,"p(99)":0.21959324,"avg":0.010138328574105307,"min":0,"med":0,"max":34.807944},"type":"trend","contains":"time"},"iteration_duration":{"type":"trend","contains":"time","values":{"min":388.555473,"med":10933.1268675,"max":23493.912831,"p(90)":20980.7059935,"p(95)":21460.304549,"p(99)":22041.392094,"avg":11800.047259234801}},"iterations":{"type":"counter","contains":"default","values":{"count":22236,"rate":56.82830579017499}},"http_req_waiting":{"values":{"med":9942.365394,"max":12115.428367,"p(90)":10518.366369,"p(95)":10683.1851478,"p(99)":10994.631410720001,"avg":9083.339858673671,"min":18.799542},"type":"trend","contains":"time"},"data_sent":{"type":"counter","contains":"data","values":{"count":5073891,"rate":12967.288599299189}},"data_received":{"values":{"count":98549423,"rate":251861.69930245116},"type":"counter","contains":"data"},"http_req_receiving":{"type":"trend","contains":"time","values":{"p(90)":0.2548438000000002,"p(95)":0.3792723999999999,"p(99)":0.84665388,"avg":0.19466843395165923,"min":0.029299,"med":0.140486,"max":40.900391}},"http_req_failed":{"thresholds":{"rate<0.10":{"ok":true}},"type":"rate","contains":"default","values":{"rate":0,"passes":0,"fails":26685}},"gradebook_duration":{"type":"trend","contains":"time","values":{"avg":8912.799693827046,"min":18.947667,"med":9752.605978,"max":11361.763537,"p(90)":10213.5367954,"p(95)":10343.385304999998,"p(99)":10612.13120236}},"errors":{"type":"rate","contains":"default","values":{"rate":0,"passes":0,"fails":0},"thresholds":{"rate<0.10":{"ok":true}}},"assignment_detail_duration":{"type":"trend","contains":"time","values":{"p(99)":10737.595646,"avg":8937.611455780698,"min":21.112441,"med":9814.979904,"max":11743.006337,"p(90)":10294.25461,"p(95)":10422.9568565}},"http_req_duration":{"thresholds":{"p(95)<3000":{"ok":false}},"type":"trend","contains":"time","values":{"max":12115.581472,"p(90)":10518.5369756,"p(95)":10683.3163274,"p(99)":10994.85446116,"avg":9083.587334042822,"min":18.947667,"med":9942.582892}},"http_req_duration{expected_response:true}":{"type":"trend","contains":"time","values":{"avg":9083.587334042822,"min":18.947667,"med":9942.582892,"max":12115.581472,"p(90)":10518.5369756,"p(95)":10683.3163274,"p(99)":10994.85446116}},"http_req_tls_handshaking":{"type":"trend","contains":"time","values":{"min":0,"med":0,"max":0,"p(90)":0,"p(95)":0,"p(99)":0,"avg":0}},"submit_assignment_duration":{"type":"trend","contains":"time","values":{"p(99)":11017.336686239998,"avg":9143.92970973717,"min":35.388528,"med":10056.123974,"max":12013.796885,"p(90)":10589.2415472,"p(95)":10727.0913559}},"http_req_blocked":{"type":"trend","contains":"time","values":{"p(95)":0.030088199999999992,"p(99)":0.33397903999999995,"avg":0.02630640363500093,"min":0.002839,"med":0.010813,"max":34.930657,"p(90)":0.020496}},"vus":{"type":"gauge","contains":"default","values":{"value":6,"min":6,"max":750}}},"root_group":{"name":"","path":"","id":"d41d8cd98f00b204e9800998ecf8427e","groups":[],"checks":[{"fails":0,"name":"[submit-assignment] status 201 or 400","path":"::[submit-assignment] status 201 or 400","id":"c6b8e5b4b95e1cad4532c36b70154d08","passes":6715},{"name":"[assignment-detail] status 200","path":"::[assignment-detail] status 200","id":"e710e6c64d866e8aa495eeee12857a96","passes":4551,"fails":0},{"passes":4551,"fails":0,"name":"[assignment-detail] success","path":"::[assignment-detail] success","id":"2eca0bd45992b6c1691069c6af81d1ee"},{"path":"::[grade-submission] status 200","id":"0b00b1c9fc4243dfcbcade089d53f4c1","passes":2203,"fails":0,"name":"[grade-submission] status 200"},{"passes":2203,"fails":0,"name":"[grade-submission] success","path":"::[grade-submission] success","id":"dc7c3576ea1686ed510a59cbde26957e"},{"fails":5,"name":"[quiz-attempt] start 201","path":"::[quiz-attempt] start 201","id":"18f54229dcbc1aba2aecf8a61f0db771","passes":4449},{"path":"::[quiz-attempt] submit 200","id":"3aac290b0fb83ec96bbf8f19a1813a81","passes":4449,"fails":0,"name":"[quiz-attempt] submit 200"},{"name":"[quiz-attempt] success","path":"::[quiz-attempt] success","id":"6398ec5c83f0a8abdc14be5794d5070f","passes":4449,"fails":0},{"name":"[gradebook] status 200","path":"::[gradebook] status 200","id":"9186de991ebaa0ed414ff11baa5503d0","passes":4313,"fails":0},{"id":"a15a69867e50cddaa06c049f7cde480d","passes":4313,"fails":0,"name":"[gradebook] success","path":"::[gradebook] success"}]},"options":{"summaryTrendStats":["avg","min","med","max","p(90)","p(95)","p(99)"],"summaryTimeUnit":"","noColor":false}}