{"metrics":{"quiz_detail_duration":{"type":"trend","contains":"time","values":{"avg":235.60113043220332,"min":27.810979,"med":211.4920285,"max":786.250917,"p(90)":425.2328003999998,"p(95)":486.4345363499999,"p(99)":624.0657951000014}},"http_req_sending":{"type":"trend","contains":"time","values":{"med":0.0259395,"max":19.131553,"p(90)":0.0373775,"p(95)":0.04269725,"p(99)":0.124699,"avg":0.029538420874443805,"min":0.005208}},"material_list_duration":{"type":"trend","contains":"time","values":{"p(99)":518.94527069,"avg":192.41531066114467,"min":25.450179,"med":175.305561,"max":833.969191,"p(90)":338.33536650000013,"p(95)":417.1926539000001}},"http_req_blocked":{"type":"trend","contains":"time","values":{"max":66.39122,"p(90)":0.008783,"p(95)":0.010015,"p(99)":0.03536825,"avg":0.04113327650415837,"min":0.002514,"med":0.006881}},"vus_max":{"type":"gauge","contains":"default","values":{"value":100,"min":100,"max":100}},"course_completion_duration":{"type":"trend","contains":"time","values":{"med":64.602126,"max":664.124582,"p(90)":174.03251,"p(95)":242.186909,"p(99)":357.388682,"avg":88.6570335810474,"min":11.97977}},"http_req_duration{expected_response:true}":{"type":"trend","contains":"time","values":{"p(95)":2417.190145599999,"p(99)":3731.640764110004,"avg":449.91175508040607,"min":10.920224,"med":193.249381,"max":5650.366233,"p(90)":1261.1319111000007}},"iterations":{"type":"counter","contains":"default","values":{"count":20676,"rate":52.905608092942735}},"material_detail_duration":{"values":{"p(95)":290.95245109999996,"p(99)":398.7283554199999,"avg":120.88561747879918,"min":15.778269,"med":98.602746,"max":677.303014,"p(90)":225.77471680000002},"type":"trend","contains":"time"},"http_req_receiving":{"type":"trend","contains":"time","values":{"med":0.3139925,"max":468.904274,"p(90)":13.735624000000001,"p(95)":26.80621,"p(99)":73.3711005,"avg":4.940165271280734,"min":0.014322}},"checks":{"contains":"default","values":{"rate":0.9848392270678988,"passes":25789,"fails":397},"type":"rate"},"gradebook_duration":{"type":"trend","contains":"time","values":{"p(95)":3927.252358,"p(99)":4591.334517120001,"avg":2112.0613262171505,"min":180.398255,"med":2073.163863,"max":5650.366233,"p(90)":3562.5843946000005}},"user_grades_duration":{"contains":"time","values":{"avg":273.6995008976301,"min":23.799506,"med":235.5481,"max":1473.158405,"p(90)":539.9198216,"p(95)":643.3212838999999,"p(99)":813.4990700800001},"type":"trend"},"http_req_failed":{"type":"rate","contains":"default","values":{"rate":0.085703230798994,"passes":1772,"fails":18904},"thresholds":{"rate<0.05":{"ok":false}}},"assignment_detail_duration":{"type":"trend","contains":"time","values":{"p(99)":423.12103875,"avg":127.62047137470152,"min":17.066549,"med":107.49521200000001,"max":663.624092,"p(90)":236.4872875,"p(95)":301.796747}},"http_reqs":{"contains":"default","values":{"count":20676,"rate":52.905608092942735},"type":"counter"},"http_req_duration":{"type":"trend","contains":"time","values":{"max":5650.366233,"p(90)":966.1626795,"p(95)":2294.8151780000003,"p(99)":3680.5318305,"avg":419.0229485490904,"min":10.888493,"med":179.00106499999998}},"errors":{"values":{"rate":1,"passes":397,"fails":0},"type":"rate","contains":"default"},"http_req_waiting":{"type":"trend","contains":"time","values":{"avg":414.05324485693455,"min":9.403678,"med":178.06732,"max":5628.407767,"p(90)":945.283228,"p(95)":2259.2838195,"p(99)":3623.02512175}},"data_received":{"type":"counter","contains":"data","values":{"count":1939554089,"rate":4962917.803622488}},"iteration_duration":{"type":"trend","contains":"time","values":{"max":6995.617732,"p(90)":2382.4871654999997,"p(95)":3615.069541,"p(99)":5064.56090175,"avg":1673.0883340633163,"min":523.676347,"med":1527.2334059999998}},"start_attempt_duration":{"type":"trend","contains":"time","values":{"avg":178.046649241683,"min":19.350973,"med":156.3970455,"max":885.805054,"p(90)":327.7165999,"p(95)":378.8760184499999,"p(99)":474.03171588999965}},"data_sent":{"contains":"data","values":{"count":3332746,"rate":8527.807784354929},"type":"counter"},"course_structure_duration":{"type":"trend","contains":"time","values":{"max":1671.025751,"p(90)":435.689847,"p(95)":509.7299313999999,"p(99)":645.93081284,"avg":245.13594430025466,"min":31.435062,"med":223.347409}},"http_req_tls_handshaking":{"values":{"med":0,"max":0,"p(90)":0,"p(95)":0,"p(99)":0,"avg":0,"min":0},"type":"trend","contains":"time"},"quiz_attempt_result_duration":{"type":"trend","contains":"time","values":{"max":1145.420739,"p(90)":489.369425,"p(95)":555.080447,"p(99)":734.9169228,"avg":265.96304827258314,"min":10.920224,"med":246.562004}},"http_req_connecting":{"type":"trend","contains":"time","values":{"p(90)":0,"p(95)":0,"p(99)":0,"avg":0.032240930063842134,"min":0,"med":0,"max":66.3062}},"vus":{"values":{"max":100,"value":4,"min":2},"type":"gauge","contains":"default"},"submit_assignment_duration":{"type":"trend","contains":"time","values":{"avg":181.44947035676253,"min":19.117847,"med":161.438361,"max":877.474666,"p(90)":321.674552,"p(95)":388.5876165999998,"p(99)":542.2785242199997}}},"root_group":{"path":"","id":"d41d8cd98f00b204e9800998ecf8427e","groups":[],"checks":[{"fails":0,"name":"[course-structure] status 200","path":"::[course-structure] status 200","id":"45076dc5505a2dec22a1285b97bafbe7","passes":5109},{"path":"::[course-structure] has sections","id":"577857fc8e49dd358e9f4a98d4384892","passes":5109,"fails":0,"name":"[course-structure] has sections"},{"name":"[submit-assignment] status 201","path":"::[submit-assignment] status 201","id":"ecafa50a3856224eba5597445d73435f","passes":1955,"fails":108},{"name":"[gradebook] status 200","path":"::[gradebook] status 200","id":"9186de991ebaa0ed414ff11baa5503d0","passes":2473,"fails":0},{"path":"::[course-completion] status 200","id":"6021218ae7a89652ba95b72dd11a3df7","passes":401,"fails":0,"name":"[course-completion] status 200"},{"passes":401,"fails":0,"name":"[course-completion] has progress","path":"::[course-completion] has progress","id":"31c5713011250a32de1229068e09d491"},{"name":"[material] status 200","path":"::[material] status 200","id":"63f4ad05017bb4331bea0b8e36102285","passes":2099,"fails":0},{"name":"[user-grades] status 200","path":"::[user-grades] status 200","id":"9f3f9ad7deda827f2720eebbc1dd73e8","passes":1055,"fails":0},{"path":"::[quiz-detail] status 200","id":"917c623bb77fd0f4c30b55655ab512f2","passes":1062,"fails":0,"name":"[quiz-detail] status 200"},{"path":"::[start-attempt] status 201","id":"f990128b664d9d14e0bb6193e32639b6","passes":1767,"fails":277,"name":"[start-attempt] status 201"},{"name":"[cf-non-enrolled] status 403","path":"::[cf-non-enrolled] status 403","id":"74e7493c763b9162227e2b80a7db0818","passes":849,"fails":0},{"fails":0,"name":"[quiz-attempt-result] status 200","path":"::[quiz-attempt-result] status 200","id":"70625d2eb6b822427844d89e9447d306","passes":631},{"fails":0,"name":"[material-list] status 200","path":"::[material-list] status 200","id":"0c8f8d2cbff40a8ee4a03aac96a829f5","passes":664},{"name":"[assignment-detail] status 200","path":"::[assignment-detail] status 200","id":"e710e6c64d866e8aa495eeee12857a96","passes":1676,"fails":0},{"fails":12,"name":"[cf-prereq-locked] status 404","path":"::[cf-prereq-locked] status 404","id":"02fa3bab31e2635b75b34d82dfe5a24b","passes":538}],"name":""},"options":{"summaryTrendStats":["avg","min","med","max","p(90)","p(95)","p(99)"],"summaryTimeUnit":"","noColor":false},"state":{"isStdErrTTY":false,"testRunDurationMs":390809.230728,"isStdOutTTY":false}}