{"state":{"isStdOutTTY":false,"isStdErrTTY":false,"testRunDurationMs":394275.262756},"metrics":{"http_req_waiting":{"contains":"time","values":{"p(95)":18826.7237384,"p(99)":19256.90356314,"avg":16076.815536917029,"min":0.301573,"med":17646.078637,"max":20740.529768,"p(90)":18595.982111},"type":"trend"},"quiz_detail_duration":{"type":"trend","contains":"time","values":{"med":17757.7965185,"max":20740.761951,"p(90)":18708.404623000002,"p(95)":18916.93093885,"p(99)":19317.846767270003,"avg":16203.550822548968,"min":1.052718}},"start_attempt_duration":{"type":"trend","contains":"time","values":{"avg":16061.349766200557,"min":0.513818,"med":17680.675101,"max":19818.72442,"p(90)":18617.8559752,"p(95)":18815.4060909,"p(99)":19327.55371394}},"http_req_duration{expected_response:true}":{"type":"trend","contains":"time","values":{"avg":16088.203947701175,"min":26.237893,"med":17646.9837025,"max":20740.761951,"p(90)":18596.5975245,"p(95)":18827.19669075,"p(99)":19257.26604299}},"http_req_sending":{"type":"trend","contains":"time","values":{"p(90)":0.099851,"p(95)":0.11766919999999996,"p(99)":0.2405087000000004,"avg":0.08282546040853832,"min":0.008064,"med":0.058748,"max":57.362478}},"errors":{"type":"rate","contains":"default","values":{"rate":1,"passes":21,"fails":0},"thresholds":{"rate<0.10":{"ok":false}}},"submit_assignment_duration":{"type":"trend","contains":"time","values":{"med":17852.570071000002,"max":20150.019656,"p(90)":18823.3163146,"p(95)":19068.245871850002,"p(99)":19520.395127310003,"avg":16281.309212848604,"min":0.33133}},"iteration_duration":{"type":"trend","contains":"time","values":{"avg":17334.03919480829,"min":546.26629,"med":18870.223804,"max":22062.177762,"p(90)":19982.1839656,"p(95)":20283.3565866,"p(99)":20803.23860676}},"http_req_failed":{"type":"rate","contains":"default","values":{"rate":0.0006885471654808355,"passes":21,"fails":30478},"thresholds":{"rate<0.10":{"ok":true}}},"vus":{"values":{"max":1500,"value":8,"min":0},"type":"gauge","contains":"default"},"http_req_receiving":{"type":"trend","contains":"time","values":{"max":73.918436,"p(90)":0.3287360000000001,"p(95)":0.47512929999999964,"p(99)":1.286046400000002,"avg":0.23219765952981836,"min":0,"med":0.147463}},"vus_max":{"type":"gauge","contains":"default","values":{"value":1500,"min":1251,"max":1500}},"checks":{"type":"rate","contains":"default","values":{"rate":0.999309078346879,"passes":54961,"fails":38}},"gradebook_duration":{"type":"trend","contains":"time","values":{"avg":15985.731767577714,"min":0.423394,"med":17531.101757999997,"max":19954.47992,"p(90)":18471.185394,"p(95)":18686.5278712,"p(99)":19074.14269511}},"materials_list_duration":{"type":"trend","contains":"time","values":{"p(99)":19144.922087839997,"avg":15959.643122661844,"min":1.16093,"med":17596.381176,"max":20614.620997,"p(90)":18522.4420158,"p(95)":18734.5338962}},"http_req_duration":{"type":"trend","contains":"time","values":{"p(99)":19257.26536826,"avg":16077.13056003703,"min":0.33133,"med":17646.479335,"max":20740.761951,"p(90)":18596.307075200002,"p(95)":18827.0441895},"thresholds":{"p(95)<2000":{"ok":false}}},"http_req_tls_handshaking":{"values":{"med":0,"max":0,"p(90)":0,"p(95)":0,"p(99)":0,"avg":0,"min":0},"type":"trend","contains":"time"},"material_detail_duration":{"values":{"p(90)":18479.079145,"p(95)":18702.723109,"p(99)":19063.8155504,"avg":16021.241657216699,"min":2.141023,"med":17575.307638,"max":19913.451026},"type":"trend","contains":"time"},"http_req_connecting":{"type":"trend","contains":"time","values":{"med":0.180207,"max":72.363372,"p(90)":0.27928240000000004,"p(95)":0.35512319999999986,"p(99)":1.293099380000001,"avg":0.21159082104331187,"min":0}},"iterations":{"type":"counter","contains":"default","values":{"count":30499,"rate":77.35458670881546}},"http_reqs":{"type":"counter","contains":"default","values":{"count":30499,"rate":77.35458670881546}},"http_req_blocked":{"type":"trend","contains":"time","values":{"med":0.25471,"max":72.437063,"p(90)":0.3884504,"p(95)":0.4822099999999998,"p(99)":1.5076551400000076,"avg":0.28112598052395393,"min":0.003518}},"data_sent":{"type":"counter","contains":"data","values":{"rate":10095.80457109067,"count":3980526}},"data_received":{"type":"counter","contains":"data","values":{"rate":503826.75192821753,"count":198646425}}},"root_group":{"name":"","path":"","id":"d41d8cd98f00b204e9800998ecf8427e","groups":[],"checks":[{"name":"[material-detail] status 200","path":"::[material-detail] status 200","id":"a12462dd78c876a1d31a53eadf87e378","passes":4659,"fails":2},{"passes":4659,"fails":2,"name":"[material-detail] success","path":"::[material-detail] success","id":"3632f96ad89cbc27cd995a000cbd8596"},{"fails":7,"name":"[gradebook] status 200","path":"::[gradebook] status 200","id":"9186de991ebaa0ed414ff11baa5503d0","passes":6127},{"name":"[gradebook] success","path":"::[gradebook] success","id":"a15a69867e50cddaa06c049f7cde480d","passes":6127,"fails":7},{"name":"[quiz-detail] status 200","path":"::[quiz-detail] status 200","id":"917c623bb77fd0f4c30b55655ab512f2","passes":7638,"fails":2},{"name":"[quiz-detail] success","path":"::[quiz-detail] success","id":"6719d54de0da0cfb59497b1755be95e9","passes":7638,"fails":2},{"fails":2,"name":"[start-attempt] status 201 or 400","path":"::[start-attempt] status 201 or 400","id":"33680026b6a14104cfefb4ee3b4b083d","passes":2985},{"id":"c6b8e5b4b95e1cad4532c36b70154d08","passes":3010,"fails":2,"name":"[submit-assignment] status 201 or 400","path":"::[submit-assignment] status 201 or 400"},{"fails":6,"name":"[materials-list] status 200","path":"::[materials-list] status 200","id":"463a16ce0b1d8abee844a574ea056361","passes":6059},{"path":"::[materials-list] success","id":"664e43a5933df86e3bab167b84d274ca","passes":6059,"fails":6,"name":"[materials-list] success"}]},"options":{"summaryTrendStats":["avg","min","med","max","p(90)","p(95)","p(99)"],"summaryTimeUnit":"","noColor":false}}