{"options":{"summaryTrendStats":["avg","min","med","max","p(90)","p(95)","p(99)"],"summaryTimeUnit":"","noColor":false},"state":{"isStdOutTTY":false,"isStdErrTTY":false,"testRunDurationMs":391522.995211},"metrics":{"course_completion_duration":{"type":"trend","contains":"time","values":{"p(95)":2709.79957715,"p(99)":2857.8817109,"avg":1774.6975594142257,"min":17.457203,"med":1935.2533515,"max":3033.328001,"p(90)":2530.2710855}},"http_reqs":{"type":"counter","contains":"default","values":{"count":22756,"rate":58.12174579359333}},"data_received":{"contains":"data","values":{"rate":5381562.344414765,"count":2107005408},"type":"counter"},"material_detail_duration":{"type":"trend","contains":"time","values":{"max":3427.919002,"p(90)":2572.4892090000003,"p(95)":2749.6627699999995,"p(99)":3006.0610253199998,"avg":1891.531588968747,"min":17.188991,"med":2024.2612465}},"http_req_connecting":{"type":"trend","contains":"time","values":{"avg":0.0698827854631746,"min":0,"med":0,"max":165.971121,"p(90)":0,"p(95)":0,"p(99)":0.8901489500000047}},"http_req_blocked":{"type":"trend","contains":"time","values":{"p(95)":0.010747,"p(99)":0.9607387000000025,"avg":0.07937998136755232,"min":0.002413,"med":0.00699,"max":166.055018,"p(90)":0.009013}},"errors":{"type":"rate","contains":"default","values":{"passes":484,"fails":0,"rate":1}},"material_list_duration":{"contains":"time","values":{"p(90)":2729.1854554,"p(95)":2874.9398058,"p(99)":3060.35137466,"avg":2000.1194638696306,"min":29.350978,"med":2161.006689,"max":3235.75927},"type":"trend"},"start_attempt_duration":{"contains":"time","values":{"min":21.393461,"med":2124.41267,"max":3469.948632,"p(90)":2716.8188372,"p(95)":2874.9535217999996,"p(99)":3146.9480244799997,"avg":1999.2912857829433},"type":"trend"},"course_structure_duration":{"type":"trend","contains":"time","values":{"p(99)":3354.11184352,"avg":2140.5623199860474,"min":35.385159,"med":2280.396421,"max":3855.80443,"p(90)":2881.1569784000003,"p(95)":3060.7894043}},"vus":{"type":"gauge","contains":"default","values":{"max":250,"value":2,"min":2}},"http_req_duration{expected_response:true}":{"type":"trend","contains":"time","values":{"med":2252.105963,"max":11569.328184,"p(90)":5573.4199706,"p(95)":7106.074244199999,"p(99)":8693.45641764,"avg":2623.8639703175318,"min":17.188991}},"quiz_attempt_result_duration":{"type":"trend","contains":"time","values":{"p(90)":2954.4071348,"p(95)":3142.3391742999997,"p(99)":3494.129085940001,"avg":2205.9341532664657,"min":39.535303,"med":2375.290876,"max":3834.823136}},"http_req_sending":{"type":"trend","contains":"time","values":{"p(99)":0.12414460000000015,"avg":0.029948232422218387,"min":0.005229,"med":0.026259499999999998,"max":18.100262,"p(90)":0.038288,"p(95)":0.04520925}},"data_sent":{"values":{"count":3673399,"rate":9382.332698033042},"type":"counter","contains":"data"},"http_req_receiving":{"type":"trend","contains":"time","values":{"min":0.013882,"med":0.3351225,"max":694.02034,"p(90)":16.398083,"p(95)":34.31517875,"p(99)":93.58253620000009,"avg":5.791109317674455}},"http_req_waiting":{"contains":"time","values":{"min":14.189499,"med":2220.9585255,"max":11511.002628,"p(90)":5125.4550215,"p(95)":6905.7295345,"p(99)":8587.726809500004,"avg":2549.8225831476966},"type":"trend"},"gradebook_duration":{"values":{"med":6646.3457605,"max":11569.328184,"p(90)":8504.6254584,"p(95)":9002.9531943,"p(99)":9802.319208099996,"avg":6434.305426506651,"min":197.108054},"type":"trend","contains":"time"},"submit_assignment_duration":{"contains":"time","values":{"avg":2028.0194794936767,"min":22.528484,"med":2133.956635,"max":3499.650535,"p(90)":2730.8580942000003,"p(95)":2900.8478576,"p(99)":3235.0365693599997},"type":"trend"},"http_req_duration":{"contains":"time","values":{"avg":2555.643640697803,"min":14.319548,"med":2221.9882804999997,"max":11569.328184,"p(90)":5143.615827,"p(95)":6955.346865,"p(99)":8633.922196950001},"type":"trend"},"iterations":{"values":{"count":22756,"rate":58.12174579359333},"type":"counter","contains":"default"},"quiz_detail_duration":{"type":"trend","contains":"time","values":{"min":25.225242,"med":2245.3017135,"max":3656.815384,"p(90)":2882.964852,"p(95)":3072.2508755,"p(99)":3325.07844125,"avg":2115.1945931202413}},"vus_max":{"type":"gauge","contains":"default","values":{"value":250,"min":250,"max":250}},"user_grades_duration":{"type":"trend","contains":"time","values":{"avg":2231.627663631298,"min":25.571893,"med":2328.235049,"max":4307.141635,"p(90)":3001.363794,"p(95)":3214.273546,"p(99)":3629.7508941000037}},"http_req_failed":{"thresholds":{"rate<0.05":{"ok":false}},"type":"rate","contains":"default","values":{"rate":0.08977851995078222,"passes":2043,"fails":20713}},"http_req_tls_handshaking":{"type":"trend","contains":"time","values":{"p(90)":0,"p(95)":0,"p(99)":0,"avg":0,"min":0,"med":0,"max":0}},"assignment_detail_duration":{"type":"trend","contains":"time","values":{"med":2039.959436,"max":3416.985303,"p(90)":2628.6929689999997,"p(95)":2779.3878155,"p(99)":3068.54165125,"avg":1944.2533604203802,"min":20.599274}},"checks":{"type":"rate","contains":"default","values":{"passes":28413,"fails":484,"rate":0.9832508564902931}},"iteration_duration":{"type":"trend","contains":"time","values":{"avg":3809.2028250800918,"min":555.301424,"med":3501.3617565,"max":12448.158804,"p(90)":6263.6270505,"p(95)":8266.526858500001,"p(99)":10007.931751900005}}},"root_group":{"checks":[{"name":"[course-completion] status 200","path":"::[course-completion] status 200","id":"6021218ae7a89652ba95b72dd11a3df7","passes":478,"fails":0},{"name":"[course-completion] has progress","path":"::[course-completion] has progress","id":"31c5713011250a32de1229068e09d491","passes":478,"fails":0},{"name":"[quiz-attempt-result] status 200","path":"::[quiz-attempt-result] status 200","id":"70625d2eb6b822427844d89e9447d306","passes":668,"fails":0},{"name":"[gradebook] status 200","path":"::[gradebook] status 200","id":"9186de991ebaa0ed414ff11baa5503d0","passes":2702,"fails":0},{"name":"[cf-prereq-locked] status 404","path":"::[cf-prereq-locked] status 404","id":"02fa3bab31e2635b75b34d82dfe5a24b","passes":601,"fails":9},{"passes":675,"fails":0,"name":"[material-list] status 200","path":"::[material-list] status 200","id":"0c8f8d2cbff40a8ee4a03aac96a829f5"},{"name":"[course-structure] status 200","path":"::[course-structure] status 200","id":"45076dc5505a2dec22a1285b97bafbe7","passes":5663,"fails":0},{"fails":0,"name":"[course-structure] has sections","path":"::[course-structure] has sections","id":"577857fc8e49dd358e9f4a98d4384892","passes":5663},{"passes":1156,"fails":0,"name":"[quiz-detail] status 200","path":"::[quiz-detail] status 200","id":"917c623bb77fd0f4c30b55655ab512f2"},{"fails":364,"name":"[start-attempt] status 201","path":"::[start-attempt] status 201","id":"f990128b664d9d14e0bb6193e32639b6","passes":1981},{"id":"e710e6c64d866e8aa495eeee12857a96","passes":1796,"fails":0,"name":"[assignment-detail] status 200","path":"::[assignment-detail] status 200"},{"name":"[material] status 200","path":"::[material] status 200","id":"63f4ad05017bb4331bea0b8e36102285","passes":2272,"fails":0},{"name":"[user-grades] status 200","path":"::[user-grades] status 200","id":"9f3f9ad7deda827f2720eebbc1dd73e8","passes":1131,"fails":0},{"fails":111,"name":"[submit-assignment] status 201","path":"::[submit-assignment] status 201","id":"ecafa50a3856224eba5597445d73435f","passes":2182},{"fails":0,"name":"[cf-non-enrolled] status 403","path":"::[cf-non-enrolled] status 403","id":"74e7493c763b9162227e2b80a7db0818","passes":967}],"name":"","path":"","id":"d41d8cd98f00b204e9800998ecf8427e","groups":[]}}