{"metrics":{"material_detail_duration":{"type":"trend","contains":"time","values":{"min":1.611317,"med":19135.379921,"max":21273.262651,"p(90)":19910.3585075,"p(95)":20108.25572925,"p(99)":20451.86177535,"avg":17485.718995828625}},"start_attempt_duration":{"type":"trend","contains":"time","values":{"med":19269.236756,"max":21355.067654,"p(90)":20043.2200641,"p(95)":20252.01224105,"p(99)":20628.663556109997,"avg":17491.203968189315,"min":0.294158}},"submit_assignment_duration":{"contains":"time","values":{"max":22021.969903,"p(90)":20222.650756,"p(95)":20445.97163725,"p(99)":20778.54605775,"avg":17758.40856538663,"min":0.303634,"med":19397.81653},"type":"trend"},"errors":{"contains":"default","values":{"fails":0,"rate":1,"passes":20},"thresholds":{"rate<0.10":{"ok":false}},"type":"rate"},"vus_max":{"type":"gauge","contains":"default","values":{"value":1500,"min":1500,"max":1500}},"iteration_duration":{"values":{"p(99)":22159.720649839997,"avg":18801.543742283648,"min":506.275432,"med":20415.792292,"max":24087.295067,"p(90)":21437.6395374,"p(95)":21708.500350399998},"type":"trend","contains":"time"},"http_req_blocked":{"type":"trend","contains":"time","values":{"med":0.271969,"max":65.792088,"p(90)":0.39474620000000005,"p(95)":0.4746291999999997,"p(99)":1.417326699999997,"avg":0.29868643991607025,"min":0.003706}},"materials_list_duration":{"type":"trend","contains":"time","values":{"p(95)":20179.5040096,"p(99)":20487.92779592,"avg":17520.9885230583,"min":1.016477,"med":19178.291069,"max":22113.636217,"p(90)":19963.1981936}},"vus":{"values":{"max":1500,"value":43,"min":4},"type":"gauge","contains":"default"},"http_req_sending":{"type":"trend","contains":"time","values":{"avg":0.08694600156477846,"min":0.00974,"med":0.061638,"max":59.274476,"p(90)":0.1007068,"p(95)":0.11985219999999999,"p(99)":0.23820929999999974}},"http_req_connecting":{"type":"trend","contains":"time","values":{"max":65.721613,"p(90)":0.2837442,"p(95)":0.34940109999999974,"p(99)":1.1489205599999992,"avg":0.22284691788470465,"min":0,"med":0.194681}},"http_req_receiving":{"type":"trend","contains":"time","values":{"avg":0.2247065297130052,"min":0,"med":0.146734,"max":77.956014,"p(90)":0.3254212,"p(95)":0.4663283999999997,"p(99)":1.1640193999999997}},"http_reqs":{"type":"counter","contains":"default","values":{"count":28119,"rate":71.18955178330086}},"http_req_tls_handshaking":{"type":"trend","contains":"time","values":{"avg":0,"min":0,"med":0,"max":0,"p(90)":0,"p(95)":0,"p(99)":0}},"http_req_waiting":{"contains":"time","values":{"p(90)":20020.842500000002,"p(95)":20227.9689935,"p(99)":20577.48275118,"avg":17551.443369438235,"min":0.092366,"med":19214.76032,"max":22113.188137},"type":"trend"},"quiz_detail_duration":{"contains":"time","values":{"min":2.547489,"med":19313.632933,"max":22112.869704,"p(90)":20123.704974,"p(95)":20325.1536625,"p(99)":20684.4674824,"avg":17682.498452696083},"type":"trend"},"iterations":{"type":"counter","contains":"default","values":{"count":28119,"rate":71.18955178330086}},"http_req_failed":{"contains":"default","values":{"fails":28099,"rate":0.0007112628471851773,"passes":20},"thresholds":{"rate<0.10":{"ok":true}},"type":"rate"},"gradebook_duration":{"contains":"time","values":{"avg":17401.06893539548,"min":1.683667,"med":19091.984463,"max":21618.346183,"p(90)":19888.986988,"p(95)":20087.444252,"p(99)":20369.9302668},"type":"trend"},"data_sent":{"type":"counter","contains":"data","values":{"rate":9283.954034206403,"count":3667048}},"data_received":{"type":"counter","contains":"data","values":{"count":183558899,"rate":464720.5002185779}},"http_req_duration":{"type":"trend","contains":"time","values":{"avg":17551.755021969588,"min":0.294158,"med":19215.128231,"max":22113.636217,"p(90)":20021.173809,"p(95)":20228.1522625,"p(99)":20577.91937658},"thresholds":{"p(95)<2000":{"ok":false}}},"http_req_duration{expected_response:true}":{"type":"trend","contains":"time","values":{"avg":17564.24573091003,"min":29.280364,"med":19216.013164,"max":22113.636217,"p(90)":20021.4648346,"p(95)":20228.222976499997,"p(99)":20578.00632518}},"checks":{"type":"rate","contains":"default","values":{"fails":31,"rate":0.9993885842767544,"passes":50671}}},"root_group":{"id":"d41d8cd98f00b204e9800998ecf8427e","groups":[],"checks":[{"path":"::[materials-list] status 200","id":"463a16ce0b1d8abee844a574ea056361","passes":5601,"fails":4,"name":"[materials-list] status 200"},{"name":"[materials-list] success","path":"::[materials-list] success","id":"664e43a5933df86e3bab167b84d274ca","passes":5601,"fails":4},{"fails":3,"name":"[gradebook] status 200","path":"::[gradebook] status 200","id":"9186de991ebaa0ed414ff11baa5503d0","passes":5658},{"path":"::[gradebook] success","id":"a15a69867e50cddaa06c049f7cde480d","passes":5658,"fails":3,"name":"[gradebook] success"},{"name":"[start-attempt] status 201 or 400","path":"::[start-attempt] status 201 or 400","id":"33680026b6a14104cfefb4ee3b4b083d","passes":2805,"fails":5},{"name":"[material-detail] status 200","path":"::[material-detail] status 200","id":"a12462dd78c876a1d31a53eadf87e378","passes":4304,"fails":2},{"passes":4304,"fails":2,"name":"[material-detail] success","path":"::[material-detail] success","id":"3632f96ad89cbc27cd995a000cbd8596"},{"name":"[submit-assignment] status 201 or 400","path":"::[submit-assignment] status 201 or 400","id":"c6b8e5b4b95e1cad4532c36b70154d08","passes":2722,"fails":4},{"name":"[quiz-detail] status 200","path":"::[quiz-detail] status 200","id":"917c623bb77fd0f4c30b55655ab512f2","passes":7009,"fails":2},{"name":"[quiz-detail] success","path":"::[quiz-detail] success","id":"6719d54de0da0cfb59497b1755be95e9","passes":7009,"fails":2}],"name":"","path":""},"options":{"summaryTimeUnit":"","noColor":false,"summaryTrendStats":["avg","min","med","max","p(90)","p(95)","p(99)"]},"state":{"isStdOutTTY":false,"isStdErrTTY":false,"testRunDurationMs":394987.737605}}