{"options":{"summaryTrendStats":["avg","min","med","max","p(90)","p(95)","p(99)"],"summaryTimeUnit":"","noColor":false},"state":{"testRunDurationMs":391494.514962,"isStdOutTTY":false,"isStdErrTTY":false},"metrics":{"data_sent":{"type":"counter","contains":"data","values":{"count":3789572,"rate":9679.757583239272}},"http_req_duration":{"type":"trend","contains":"time","values":{"min":22.174442,"med":8526.734989,"max":10592.750945,"p(90)":8991.400716,"p(95)":9112.29517635,"p(99)":9360.270957610002,"avg":7757.629066145145},"thresholds":{"p(95)<2000":{"ok":false}}},"http_req_receiving":{"type":"trend","contains":"time","values":{"avg":0.214004709650699,"min":0.029854,"med":0.145083,"max":100.378548,"p(90)":0.3273826,"p(95)":0.4529324499999998,"p(99)":1.0187554100000002}},"quiz_detail_duration":{"type":"trend","contains":"time","values":{"p(99)":9408.08256172,"avg":7831.45254284458,"min":30.938623,"med":8620.330761000001,"max":10533.511593,"p(90)":9065.5172649,"p(95)":9178.14022485}},"material_detail_duration":{"type":"trend","contains":"time","values":{"max":9973.74466,"p(90)":8889.7010826,"p(95)":8989.805617,"p(99)":9181.249325799998,"avg":7654.950519116153,"min":25.501881,"med":8465.028368}},"errors":{"contains":"default","values":{"passes":0,"fails":0,"rate":0},"thresholds":{"rate<0.10":{"ok":true}},"type":"rate"},"vus_max":{"type":"gauge","contains":"default","values":{"value":750,"min":750,"max":750}},"start_attempt_duration":{"type":"trend","contains":"time","values":{"avg":7780.374087612001,"min":34.659939,"med":8570.2321355,"max":10269.405336,"p(90)":9029.3880457,"p(95)":9130.637151500001,"p(99)":9395.50431052}},"http_req_duration{expected_response:true}":{"type":"trend","contains":"time","values":{"max":10592.750945,"p(90)":8991.400716,"p(95)":9112.29517635,"p(99)":9360.270957610002,"avg":7757.629066145145,"min":22.174442,"med":8526.734989}},"http_req_blocked":{"contains":"time","values":{"p(90)":0.0181889,"p(95)":0.02756834999999999,"p(99)":0.35000067000000046,"avg":0.024136785448018807,"min":0.003149,"med":0.010672,"max":24.989313},"type":"trend"},"http_req_sending":{"type":"trend","contains":"time","values":{"med":0.0339555,"max":20.580345,"p(90)":0.05459560000000001,"p(95)":0.07037929999999996,"p(99)":0.14559858000000037,"avg":0.04625776504901277,"min":0.00831}},"http_req_waiting":{"type":"trend","contains":"time","values":{"p(99)":9360.071700710001,"avg":7757.368803670587,"min":21.833761,"med":8526.4665235,"max":10592.567261,"p(90)":8991.1711431,"p(95)":9111.999401649999}},"http_req_failed":{"type":"rate","contains":"default","values":{"rate":0,"passes":0,"fails":28972},"thresholds":{"rate<0.10":{"ok":true}}},"submit_assignment_duration":{"type":"trend","contains":"time","values":{"avg":7913.309224389939,"min":41.604038,"med":8692.90579,"max":10592.750945,"p(90)":9168.9297512,"p(95)":9275.6890946,"p(99)":9525.53595816}},"checks":{"type":"rate","contains":"default","values":{"rate":1,"passes":52139,"fails":0}},"vus":{"type":"gauge","contains":"default","values":{"value":7,"min":7,"max":750}},"http_req_connecting":{"contains":"time","values":{"p(95)":0,"p(99)":0.23316391000000017,"avg":0.009312670405909163,"min":0,"med":0,"max":24.898261,"p(90)":0},"type":"trend"},"gradebook_duration":{"type":"trend","contains":"time","values":{"p(99)":9166.721262500001,"avg":7667.81529854792,"min":22.174442,"med":8433.359736,"max":10065.434696,"p(90)":8854.7205028,"p(95)":8951.4553865}},"http_req_tls_handshaking":{"contains":"time","values":{"p(90)":0,"p(95)":0,"p(99)":0,"avg":0,"min":0,"med":0,"max":0},"type":"trend"},"data_received":{"type":"counter","contains":"data","values":{"count":191685204,"rate":489624.2390997629}},"iteration_duration":{"type":"trend","contains":"time","values":{"med":9699.445598,"max":12337.401284,"p(90)":10528.5566865,"p(95)":10704.68943125,"p(99)":11025.68899523,"avg":9011.694104792776,"min":540.881418}},"iterations":{"type":"counter","contains":"default","values":{"count":28972,"rate":74.00359109197773}},"materials_list_duration":{"type":"trend","contains":"time","values":{"p(99)":9282.099484400002,"avg":7742.71516696451,"min":26.263959,"med":8493.681827,"max":10540.025146,"p(90)":8924.033597,"p(95)":9049.342012500001}},"http_reqs":{"values":{"count":28972,"rate":74.00359109197773},"type":"counter","contains":"default"}},"root_group":{"id":"d41d8cd98f00b204e9800998ecf8427e","groups":[],"checks":[{"path":"::[quiz-detail] status 200","id":"917c623bb77fd0f4c30b55655ab512f2","passes":7244,"fails":0,"name":"[quiz-detail] status 200"},{"name":"[quiz-detail] success","path":"::[quiz-detail] success","id":"6719d54de0da0cfb59497b1755be95e9","passes":7244,"fails":0},{"fails":0,"name":"[gradebook] status 200","path":"::[gradebook] status 200","id":"9186de991ebaa0ed414ff11baa5503d0","passes":5875},{"name":"[gradebook] success","path":"::[gradebook] success","id":"a15a69867e50cddaa06c049f7cde480d","passes":5875,"fails":0},{"name":"[submit-assignment] status 201 or 400","path":"::[submit-assignment] status 201 or 400","id":"c6b8e5b4b95e1cad4532c36b70154d08","passes":2957,"fails":0},{"passes":5691,"fails":0,"name":"[materials-list] status 200","path":"::[materials-list] status 200","id":"463a16ce0b1d8abee844a574ea056361"},{"path":"::[materials-list] success","id":"664e43a5933df86e3bab167b84d274ca","passes":5691,"fails":0,"name":"[materials-list] success"},{"path":"::[material-detail] status 200","id":"a12462dd78c876a1d31a53eadf87e378","passes":4357,"fails":0,"name":"[material-detail] status 200"},{"fails":0,"name":"[material-detail] success","path":"::[material-detail] success","id":"3632f96ad89cbc27cd995a000cbd8596","passes":4357},{"id":"33680026b6a14104cfefb4ee3b4b083d","passes":2848,"fails":0,"name":"[start-attempt] status 201 or 400","path":"::[start-attempt] status 201 or 400"}],"name":"","path":""}}