{"metrics":{"errors":{"contains":"default","values":{"rate":1,"passes":986,"fails":0},"type":"rate"},"http_req_duration{expected_response:true}":{"type":"trend","contains":"time","values":{"p(99)":21309.84839378,"avg":13193.413706948395,"min":19.129335,"med":14160.516201,"max":24072.343358,"p(90)":15833.062745400004,"p(95)":19037.54642885}},"grade_update_duration":{"type":"trend","contains":"time","values":{"p(99)":15835.802138179999,"avg":12574.035429583448,"min":17.719268,"med":13810.002697,"max":16171.747033,"p(90)":14982.868594,"p(95)":15265.0114725}},"data_sent":{"values":{"count":5598417,"rate":14211.078500949616},"type":"counter","contains":"data"},"http_req_failed":{"contains":"default","values":{"rate":0.11769579798776879,"passes":2983,"fails":22362},"thresholds":{"rate<0.15":{"ok":true}},"type":"rate"},"read_activity_duration":{"contains":"time","values":{"p(99)":15952.154670479998,"avg":12848.756457572425,"min":32.09313,"med":14073.4117645,"max":16503.844552,"p(90)":15202.2836825,"p(95)":15486.97539765},"type":"trend"},"http_reqs":{"type":"counter","contains":"default","values":{"count":25345,"rate":64.33600508975448}},"http_req_connecting":{"contains":"time","values":{"p(90)":0,"p(95)":0,"p(99)":2.432204440000115,"avg":0.6563235543894266,"min":0,"med":0,"max":1396.540896},"type":"trend"},"iteration_duration":{"type":"trend","contains":"time","values":{"avg":16981.580933886933,"min":347.28822,"med":15273.7441115,"max":46288.925209,"p(90)":29582.537266799998,"p(95)":31191.8497984,"p(99)":44646.99317197}},"gradebook_duration":{"type":"trend","contains":"time","values":{"max":24072.343358,"p(90)":21328.5049405,"p(95)":21833.8270295,"p(99)":22786.610147749998,"avg":17871.081011463666,"min":178.365981,"med":19099.8030495}},"http_req_duration":{"values":{"med":14123.650783,"max":24072.343358,"p(90)":15670.825026800003,"p(95)":18701.122032,"p(99)":21223.777888880006,"avg":13158.31873396982,"min":16.954524},"type":"trend","contains":"time"},"user_grades_duration":{"type":"trend","contains":"time","values":{"med":14038.256551499999,"max":17346.879333,"p(90)":15264.6248243,"p(95)":15653.38121305,"p(99)":16231.550118269999,"avg":12884.040485530226,"min":19.129335}},"submit_quiz_duration":{"type":"trend","contains":"time","values":{"avg":12890.326387814262,"min":57.911933,"med":14381.37679,"max":16956.561957,"p(90)":15588.631207,"p(95)":15820.7929105,"p(99)":16330.9751633}},"http_req_sending":{"type":"trend","contains":"time","values":{"p(95)":0.06321379999999999,"p(99)":0.13709576000000015,"avg":0.034173876228052916,"min":0.005087,"med":0.027472,"max":19.310451,"p(90)":0.042030000000000026}},"http_req_blocked":{"contains":"time","values":{"avg":0.6682703606628514,"min":0.001583,"med":0.006561,"max":1396.603102,"p(90)":0.009294,"p(95)":0.020926799999999978,"p(99)":2.648180880000021},"type":"trend"},"submit_assignment_duration":{"type":"trend","contains":"time","values":{"p(90)":15149.3902754,"p(95)":15381.1244988,"p(99)":15975.46839944,"avg":12718.740169855304,"min":27.844058,"med":13978.786753,"max":16324.596172}},"marker_grade_duration":{"type":"trend","contains":"time","values":{"med":14016.279097,"max":16370.949508,"p(90)":15178.384210600001,"p(95)":15453.90973585,"p(99)":16097.33377472,"avg":12534.72866430771,"min":47.415005}},"cascade_read_duration":{"type":"trend","contains":"time","values":{"avg":12647.801018607684,"min":35.213302,"med":14120.174676499999,"max":16538.269661,"p(90)":15323.632985,"p(95)":15566.701465799999,"p(99)":16173.358100919999}},"checks":{"values":{"rate":0.9610968632866443,"passes":24359,"fails":986},"type":"rate","contains":"default"},"vus":{"type":"gauge","contains":"default","values":{"value":2,"min":2,"max":1000}},"grade_submission_duration":{"type":"trend","contains":"time","values":{"p(95)":15385.795323,"p(99)":15985.842856800002,"avg":12733.417091914253,"min":30.189691,"med":14083.486308,"max":16504.792644,"p(90)":15189.736304400001}},"http_req_tls_handshaking":{"type":"trend","contains":"time","values":{"med":0,"max":0,"p(90)":0,"p(95)":0,"p(99)":0,"avg":0,"min":0}},"data_received":{"type":"counter","contains":"data","values":{"count":1693096471,"rate":4297773.256093957}},"course_structure_duration":{"type":"trend","contains":"time","values":{"avg":12680.330748419408,"min":34.347192,"med":14133.195962,"max":16438.316597,"p(90)":15277.2983313,"p(95)":15532.868671699998,"p(99)":16074.89990035}},"http_req_waiting":{"type":"trend","contains":"time","values":{"max":23988.487459,"p(90)":15669.131017800004,"p(95)":18670.506846,"p(99)":21190.2422808,"avg":13153.971576096508,"min":16.819167,"med":14123.22288}},"material_download_duration":{"contains":"time","values":{"p(95)":15368.306125899999,"p(99)":15870.407061799999,"avg":12823.552951553202,"min":40.925562,"med":14019.574110500002,"max":16299.272034,"p(90)":15153.880256100001},"type":"trend"},"vus_max":{"type":"gauge","contains":"default","values":{"value":1000,"min":1000,"max":1000}},"iterations":{"type":"counter","contains":"default","values":{"rate":52.64154955815066,"count":20738}},"http_req_failed{ef:1}":{"values":{"rate":1,"passes":1997,"fails":0},"thresholds":{"rate<1.01":{"ok":true}},"type":"rate","contains":"default"},"http_req_receiving":{"type":"trend","contains":"time","values":{"avg":4.312983997001397,"min":0.014131,"med":0.099892,"max":1721.215731,"p(90)":4.217208800000134,"p(95)":25.183274999999977,"p(99)":82.43349760000008}}},"root_group":{"name":"","path":"","id":"d41d8cd98f00b204e9800998ecf8427e","groups":[],"checks":[{"name":"[wh-submit] status 201","path":"::[wh-submit] status 201","id":"49f223985d533388331178bd3e8d6a64","passes":3787,"fails":388},{"name":"[wh-cf-non-enrolled] status 403","path":"::[wh-cf-non-enrolled] status 403","id":"6a9d912d2aeb5ec6cb64307cca9056b8","passes":698,"fails":0},{"name":"[wh-user-grades] status 200","path":"::[wh-user-grades] status 200","id":"827cabf91007e26e21b96eb0eaac2825","passes":1092,"fails":0},{"id":"bc382dfba4db61bcda740eb7d13cbecd","passes":2471,"fails":598,"name":"[wh-quiz] start 201","path":"::[wh-quiz] start 201"},{"id":"04f91da34414db0af1a48a98d41fa661","passes":2176,"fails":0,"name":"[wh-gradebook] status 200","path":"::[wh-gradebook] status 200"},{"name":"[wh-grade-update] status 200","path":"::[wh-grade-update] status 200","id":"e1c3184baa8417c6f8c9c7cd82501965","passes":1044,"fails":0},{"name":"[wh-cascade-pre] status 200","path":"::[wh-cascade-pre] status 200","id":"6cf217efe14ab595b837401653c393f9","passes":1068,"fails":0},{"name":"[wh-cascade-write] status 200","path":"::[wh-cascade-write] status 200","id":"9791881937dbec10111f5684ec5d2a68","passes":1068,"fails":0},{"name":"[wh-marker-grade] status 200","path":"::[wh-marker-grade] status 200","id":"549ffdbc72b97a1cd0f05b844dbb0567","passes":1014,"fails":0},{"name":"[wh-structure] status 200","path":"::[wh-structure] status 200","id":"9f2134ec9c516bc3787570bcbc5bc9e6","passes":2072,"fails":0},{"name":"[wh-cascade-post] status 200","path":"::[wh-cascade-post] status 200","id":"2eaa088a823153fd8e84cbe4e79e632d","passes":1068,"fails":0},{"path":"::[wh-grade-unauth] status 403","id":"b9f37e7e4ff322953440a920c2825184","passes":1024,"fails":0,"name":"[wh-grade-unauth] status 403"},{"name":"[wh-quiz] submit 200","path":"::[wh-quiz] submit 200","id":"4963f6adfea6303590e8a8e9c12d47a1","passes":2471,"fails":0},{"id":"aed3f8824d0bcca89ac7d3b2bf25119a","passes":994,"fails":0,"name":"[wh-activity] status 200","path":"::[wh-activity] status 200"},{"passes":1003,"fails":0,"name":"[wh-grade] status 200","path":"::[wh-grade] status 200","id":"747a63480c5228e4182e0b619fd4205c"},{"name":"[wh-cf-locked-grade] status 403","path":"::[wh-cf-locked-grade] status 403","id":"a0d2cffa4f26fbeb7022bec9298a706e","passes":275,"fails":0},{"name":"[wh-material-dl] status 200","path":"::[wh-material-dl] status 200","id":"182e87b5d3b46cf8a10f81893f31e347","passes":1034,"fails":0}]},"options":{"summaryTrendStats":["avg","min","med","max","p(90)","p(95)","p(99)"],