{"options":{"summaryTrendStats":["avg","min","med","max","p(90)","p(95)","p(99)"],"summaryTimeUnit":"","noColor":false},"state":{"isStdOutTTY":false,"isStdErrTTY":false,"testRunDurationMs":402983.089573},"metrics":{"vus_max":{"contains":"default","values":{"value":1500,"min":1500,"max":1500},"type":"gauge"},"gradebook_duration":{"contains":"time","values":{"med":23525.780361,"max":25745.810733,"p(90)":24299.63243,"p(95)":24464.732452,"p(99)":24775.242819,"avg":20827.81753273817,"min":0},"type":"trend"},"http_req_failed":{"thresholds":{"rate<0.10":{"ok":true}},"type":"rate","contains":"default","values":{"rate":0.017610414503633896,"passes":441,"fails":24601}},"http_req_blocked":{"type":"trend","contains":"time","values":{"max":58.35104,"p(90)":0.40427480000000005,"p(95)":0.49228359999999965,"p(99)":1.213512590000001,"avg":0.30807799005670616,"min":0.003454,"med":0.2834535}},"vus":{"type":"gauge","contains":"default","values":{"value":24,"min":5,"max":1500}},"http_req_tls_handshaking":{"type":"trend","contains":"time","values":{"p(95)":0,"p(99)":0,"avg":0,"min":0,"med":0,"max":0,"p(90)":0}},"http_req_receiving":{"values":{"max":56.709231,"p(90)":0.26814040000000006,"p(95)":0.37457165,"p(99)":0.92991387,"avg":0.2059228675824608,"min":0,"med":0.143274},"type":"trend","contains":"time"},"http_req_duration{expected_response:true}":{"type":"trend","contains":"time","values":{"avg":21004.094966491917,"min":25.562897,"med":23450.709379,"max":25750.600407,"p(90)":24192.290345,"p(95)":24373.005967,"p(99)":24692.183331}},"submit_quiz_duration":{"type":"trend","contains":"time","values":{"avg":20957.981309492963,"min":0.18426,"med":23542.288322,"max":25750.600407,"p(90)":24311.80264,"p(95)":24508.926083,"p(99)":24800.2001852}},"assignment_detail_duration":{"type":"trend","contains":"time","values":{"p(95)":24213.8571987,"p(99)":24475.57250905,"avg":20613.51458218615,"min":0.715429,"med":23339.6842745,"max":25419.252771,"p(90)":24042.585344}},"http_req_duration":{"type":"trend","contains":"time","values":{"p(90)":24186.681386400003,"p(95)":24369.4099428,"p(99)":24687.0652423,"avg":20634.28636694378,"min":0,"med":23436.395318000003,"max":25750.600407},"thresholds":{"p(95)<3000":{"ok":false}}},"iterations":{"type":"counter","contains":"default","values":{"count":20940,"rate":51.962478182863656}},"iteration_duration":{"type":"trend","contains":"time","values":{"avg":25505.422446734443,"min":308.631925,"med":24487.9894965,"max":50793.030381,"p(90)":47764.0673928,"p(95)":48443.8224298,"p(99)":49263.862954389995}},"data_received":{"type":"counter","contains":"data","values":{"count":92073167,"rate":228478.9843106333}},"errors":{"type":"rate","contains":"default","values":{"rate":1,"passes":359,"fails":0},"thresholds":{"rate<0.10":{"ok":false}}},"http_req_connecting":{"type":"trend","contains":"time","values":{"min":0,"med":0.200482,"max":58.253298,"p(90)":0.2866129,"p(95)":0.35536029999999913,"p(99)":1.0101613100000002,"avg":0.22776640927242237}},"http_req_sending":{"type":"trend","contains":"time","values":{"p(90)":0.1107372000000001,"p(95)":0.12790264999999998,"p(99)":0.22551984000000008,"avg":0.08427176339749197,"min":0,"med":0.0693835,"max":28.111178}},"http_reqs":{"values":{"count":25042,"rate":62.14156536080571},"type":"counter","contains":"default"},"submit_assignment_duration":{"type":"trend","contains":"time","values":{"med":23428.172066,"max":25466.149469,"p(90)":24153.0050686,"p(95)":24331.025432,"p(99)":24614.56820718,"avg":20477.671390623822,"min":0}},"data_sent":{"type":"counter","contains":"data","values":{"count":4761088,"rate":11814.60990098825}},"checks":{"type":"rate","contains":"default","values":{"rate":0.982814912302903,"passes":38832,"fails":679}},"grade_submission_duration":{"type":"trend","contains":"time","values":{"p(95)":24449.7454364,"p(99)":24711.13454708,"avg":20528.428870239088,"min":0.61287,"med":23519.913013,"max":25639.088423,"p(90)":24248.9395602}},"http_req_waiting":{"type":"trend","contains":"time","values":{"p(95)":24369.2311612,"p(99)":24686.85511809,"avg":20633.996172312793,"min":0,"med":23436.123768999998,"max":25750.429048,"p(90)":24186.432462}}},"root_group":{"name":"","path":"","id":"d41d8cd98f00b204e9800998ecf8427e","groups":[],"checks":[{"name":"[gradebook] status 200","path":"::[gradebook] status 200","id":"9186de991ebaa0ed414ff11baa5503d0","passes":4115,"fails":86},{"name":"[gradebook] success","path":"::[gradebook] success","id":"a15a69867e50cddaa06c049f7cde480d","passes":4115,"fails":86},{"passes":4089,"fails":85,"name":"[quiz-attempt] start 201","path":"::[quiz-attempt] start 201","id":"18f54229dcbc1aba2aecf8a61f0db771"},{"path":"::[submit-assignment] status 201 or 400","id":"c6b8e5b4b95e1cad4532c36b70154d08","passes":6275,"fails":124,"name":"[submit-assignment] status 201 or 400"},{"name":"[grade-submission] status 200","path":"::[grade-submission] status 200","id":"0b00b1c9fc4243dfcbcade089d53f4c1","passes":1992,"fails":45},{"path":"::[grade-submission] success","id":"dc7c3576ea1686ed510a59cbde26957e","passes":1992,"fails":45,"name":"[grade-submission] success"},{"name":"[quiz-attempt] submit 200","path":"::[quiz-attempt] submit 200","id":"3aac290b0fb83ec96bbf8f19a1813a81","passes":3998,"fails":43},{"fails":43,"name":"[quiz-attempt] success","path":"::[quiz-attempt] success","id":"6398ec5c83f0a8abdc14be5794d5070f","passes":3998},{"name":"[assignment-detail] status 200","path":"::[assignment-detail] status 200","id":"e710e6c64d866e8aa495eeee12857a96","passes":4129,"fails":61},{"name":"[assignment-detail] success","path":"::[assignment-detail] success","id":"2eca0bd45992b6c1691069c6af81d1ee","passes":4129,"fails":61}]}}