{"metrics":{"http_req_failed":{"type":"rate","contains":"default","values":{"rate":0.590327006631603,"passes":15489,"fails":10749},"thresholds":{"rate<0.10":{"ok":false}}},"gradebook_duration":{"values":{"avg":27263.248604261506,"min":1.88168,"med":30000.171043,"max":30070.626191,"p(90)":30000.944252999998,"p(95)":30001.6611778,"p(99)":30014.65675068},"type":"trend","contains":"time"},"data_sent":{"type":"counter","contains":"data","values":{"count":4604840,"rate":11230.74589148682}},"data_received":{"type":"counter","contains":"data","values":{"count":37785431,"rate":92154.90092192318}},"iteration_duration":{"type":"trend","contains":"time","values":{"avg":29450.983212529914,"min":457.901253,"med":30753.486087,"max":60788.481061,"p(90)":31424.6673664,"p(95)":41913.31243440001,"p(99)":53962.95841}},"vus_max":{"type":"gauge","contains":"default","values":{"max":2000,"value":2000,"min":1226}},"errors":{"type":"rate","contains":"default","values":{"rate":1,"passes":12502,"fails":0},"thresholds":{"rate<0.10":{"ok":false}}},"http_req_duration":{"thresholds":{"p(95)<3000":{"ok":false}},"type":"trend","contains":"time","values":{"avg":26606.85267865966,"min":0.150958,"med":30000.043777,"max":30122.516399,"p(90)":30000.926223799997,"p(95)":30001.38676735,"p(99)":30014.954789929998}},"assignment_detail_duration":{"values":{"avg":27003.662557335472,"min":0.723636,"med":30000.061339,"max":30082.78454,"p(90)":30000.927301,"p(95)":30001.3131856,"p(99)":30014.73998422},"type":"trend","contains":"time"},"http_req_duration{expected_response:true}":{"type":"trend","contains":"time","values":{"p(99)":29984.33297884,"avg":21757.56578535465,"min":41.836518,"med":24470.938456,"max":30045.411345,"p(90)":29825.335985200003,"p(95)":29917.7330036}},"grade_submission_duration":{"type":"trend","contains":"time","values":{"max":30052.63535,"p(90)":30000.97294,"p(95)":30002.4655565,"p(99)":30019.622995,"avg":27147.563142779018,"min":7.157575,"med":30000.195245}},"http_req_tls_handshaking":{"type":"trend","contains":"time","values":{"p(95)":0,"p(99)":0,"avg":0,"min":0,"med":0,"max":0,"p(90)":0}},"http_req_waiting":{"type":"trend","contains":"time","values":{"p(90)":30000.8465529,"p(95)":30001.3086181,"p(99)":30014.88746497,"avg":26606.679545436768,"min":0.136935,"med":29999.9635205,"max":30122.436166}},"http_req_sending":{"type":"trend","contains":"time","values":{"p(95)":0.13220854999999979,"p(99)":0.22823297,"avg":0.0896879086439522,"min":0.010103,"med":0.072847,"max":43.381,"p(90)":0.1123473}},"http_req_receiving":{"type":"trend","contains":"time","values":{"max":31.252431,"p(90)":0.1840432,"p(95)":0.24498659999999992,"p(99)":0.6007666600000001,"avg":0.08344531420077797,"min":0,"med":0}},"http_req_blocked":{"contains":"time","values":{"p(99)":1.5497907100000075,"avg":0.37159870264501943,"min":0.003602,"med":0.2984605,"max":47.304607,"p(90)":0.4274171,"p(95)":0.5980206499999999},"type":"trend"},"submit_assignment_duration":{"type":"trend","contains":"time","values":{"p(95)":30001.53171325,"p(99)":30016.56808111,"avg":27105.677518963297,"min":0.62459,"med":30000.1384025,"max":30060.590028,"p(90)":30000.9498666}},"submit_quiz_duration":{"contains":"time","values":{"avg":19757.501900004467,"min":0.150958,"med":22895.546707499998,"max":30000.790814,"p(90)":25236.2795429,"p(95)":25581.8090696,"p(99)":26000.64939462},"type":"trend"},"checks":{"type":"rate","contains":"default","values":{"rate":0.42146239865116164,"passes":16998,"fails":23333}},"iterations":{"contains":"default","values":{"count":24337,"rate":59.3555178379954},"type":"counter"},"http_reqs":{"type":"counter","contains":"default","values":{"count":26238,"rate":63.991867404911176}},"vus":{"type":"gauge","contains":"default","values":{"value":12,"min":0,"max":2000}},"http_req_connecting":{"type":"trend","contains":"time","values":{"min":0,"med":0.212814,"max":47.224549,"p(90)":0.30028849999999996,"p(95)":0.4661920499999999,"p(99)":1.3332422900000043,"avg":0.27761608156109263}}},"root_group":{"name":"","path":"","id":"d41d8cd98f00b204e9800998ecf8427e","groups":[],"checks":[{"id":"e710e6c64d866e8aa495eeee12857a96","passes":1967,"fails":2916,"name":"[assignment-detail] status 200","path":"::[assignment-detail] status 200"},{"name":"[assignment-detail] success","path":"::[assignment-detail] success","id":"2eca0bd45992b6c1691069c6af81d1ee","passes":1967,"fails":2916},{"name":"[gradebook] status 200","path":"::[gradebook] status 200","id":"9186de991ebaa0ed414ff11baa5503d0","passes":1670,"fails":3279},{"id":"a15a69867e50cddaa06c049f7cde480d","passes":1672,"fails":3277,"name":"[gradebook] success","path":"::[gradebook] success"},{"name":"[quiz-attempt] start 201","path":"::[quiz-attempt] start 201","id":"18f54229dcbc1aba2aecf8a61f0db771","passes":1887,"fails":2990},{"name":"[submit-assignment] status 201 or 400","path":"::[submit-assignment] status 201 or 400","id":"c6b8e5b4b95e1cad4532c36b70154d08","passes":2609,"fails":4659},{"id":"0b00b1c9fc4243dfcbcade089d53f4c1","passes":836,"fails":1635,"name":"[grade-submission] status 200","path":"::[grade-submission] status 200"},{"path":"::[grade-submission] success","id":"dc7c3576ea1686ed510a59cbde26957e","passes":836,"fails":1635,"name":"[grade-submission] success"},{"name":"[quiz-attempt] submit 200","path":"::[quiz-attempt] submit 200","id":"3aac290b0fb83ec96bbf8f19a1813a81","passes":1777,"fails":13},{"passes":1777,"fails":13,"name":"[quiz-attempt] success","path":"::[quiz-attempt] success","id":"6398ec5c83f0a8abdc14be5794d5070f"}]},"options":{"summaryTimeUnit":"","noColor":false,"summaryTrendStats":["avg","min","med","max","p(90)","p(95)","p(99)"]},"state":{"testRunDurationMs":410020.852087,"isStdOutTTY":false,"isStdErrTTY":false}}