{"metrics":{"http_req_duration{expected_response:true}":{"type":"trend","contains":"time","values":{"avg":2671.6759242142975,"min":25.087987,"med":2901.542008,"max":4837.844501,"p(90)":3302.41628,"p(95)":3419.18202,"p(99)":3663.5791444000006}},"grade_submission_duration":{"type":"trend","contains":"time","values":{"avg":2730.5029973736214,"min":39.224536,"med":2981.341791,"max":4837.844501,"p(90)":3357.2745656,"p(95)":3463.0646094000003,"p(99)":3785.499077119997}},"checks":{"type":"rate","contains":"default","values":{"rate":0.9998502396166135,"passes":40058,"fails":6}},"http_req_waiting":{"type":"trend","contains":"time","values":{"max":4837.685692,"p(90)":3302.262058,"p(95)":3418.851586,"p(99)":3663.2090617999997,"avg":2671.43059903354,"min":24.829223,"med":2901.317458}},"http_req_tls_handshaking":{"type":"trend","contains":"time","values":{"p(90)":0,"p(95)":0,"p(99)":0,"avg":0,"min":0,"med":0,"max":0}},"http_req_receiving":{"type":"trend","contains":"time","values":{"avg":0.1931573444483989,"min":0.028688,"med":0.136726,"max":58.214409,"p(90)":0.267945,"p(95)":0.381763,"p(99)":0.8743336000000003}},"vus":{"type":"gauge","contains":"default","values":{"max":250,"value":9,"min":4}},"http_req_duration":{"type":"trend","contains":"time","values":{"p(90)":3302.41628,"p(95)":3419.18202,"p(99)":3663.5791444000006,"avg":2671.6759242142975,"min":25.087987,"med":2901.542008,"max":4837.844501},"thresholds":{"p(95)<3000":{"ok":false}}},"vus_max":{"type":"gauge","contains":"default","values":{"value":250,"min":250,"max":250}},"iterations":{"type":"counter","contains":"default","values":{"count":21068,"rate":53.93154198736376}},"errors":{"thresholds":{"rate<0.10":{"ok":true}},"type":"rate","contains":"default","values":{"rate":0,"passes":0,"fails":0}},"data_received":{"type":"counter","contains":"data","values":{"count":94812269,"rate":242707.98682792517}},"http_req_blocked":{"values":{"avg":0.01966123436572914,"min":0.0028,"med":0.010454,"max":33.135818,"p(90)":0.016166,"p(95)":0.023672,"p(99)":0.2616960000000002},"type":"trend","contains":"time"},"submit_quiz_duration":{"type":"trend","contains":"time","values":{"avg":2779.127121202472,"min":33.903697,"med":3033.180522,"max":4781.019857,"p(90)":3425.3587316,"p(95)":3535.1240626,"p(99)":3804.9815639200006}},"http_req_failed":{"type":"rate","contains":"default","values":{"passes":0,"fails":25281,"rate":0},"thresholds":{"rate<0.10":{"ok":true}}},"http_reqs":{"type":"counter","contains":"default","values":{"count":25281,"rate":64.71631445711711}},"http_req_connecting":{"type":"trend","contains":"time","values":{"p(95)":0,"p(99)":0,"avg":0.0036020411771686247,"min":0,"med":0,"max":12.825836,"p(90)":0}},"submit_assignment_duration":{"type":"trend","contains":"time","values":{"min":32.119198,"med":2908.077343,"max":4336.528577,"p(90)":3265.6344214,"p(95)":3367.5024303,"p(99)":3574.1970539,"avg":2672.4901375604504}},"iteration_duration":{"type":"trend","contains":"time","values":{"p(90)":6718.0488055999995,"p(95)":7143.379455949997,"p(99)":7679.841853029998,"avg":4111.905823598985,"min":334.088415,"med":3907.1048255,"max":8944.663573}},"assignment_detail_duration":{"type":"trend","contains":"time","values":{"p(99)":3452.3422548199997,"avg":2543.1666677375347,"min":25.087987,"med":2786.7995085000002,"max":4312.560839,"p(90)":3136.6674235,"p(95)":3234.1037768499996}},"http_req_sending":{"type":"trend","contains":"time","values":{"med":0.038158,"max":61.053739,"p(90)":0.058261,"p(95)":0.06916,"p(99)":0.1378502000000002,"avg":0.052167836319766125,"min":0.008935}},"gradebook_duration":{"type":"trend","contains":"time","values":{"p(99)":3755.7801958,"avg":2780.9116664814524,"min":38.988829,"med":3014.304741,"max":4426.391131,"p(90)":3390.5155102000003,"p(95)":3494.3401845999997}},"data_sent":{"type":"counter","contains":"data","values":{"count":4800598,"rate":12288.952563197954}}},"root_group":{"name":"","path":"","id":"d41d8cd98f00b204e9800998ecf8427e","groups":[],"checks":[{"name":"[grade-submission] status 200","path":"::[grade-submission] status 200","id":"0b00b1c9fc4243dfcbcade089d53f4c1","passes":2085,"fails":0},{"passes":2085,"fails":0,"name":"[grade-submission] success","path":"::[grade-submission] success","id":"dc7c3576ea1686ed510a59cbde26957e"},{"name":"[quiz-attempt] start 201","path":"::[quiz-attempt] start 201","id":"18f54229dcbc1aba2aecf8a61f0db771","passes":4213,"fails":6},{"name":"[quiz-attempt] submit 200","path":"::[quiz-attempt] submit 200","id":"3aac290b0fb83ec96bbf8f19a1813a81","passes":4213,"fails":0},{"id":"6398ec5c83f0a8abdc14be5794d5070f","passes":4213,"fails":0,"name":"[quiz-attempt] success","path":"::[quiz-attempt] success"},{"name":"[submit-assignment] status 201 or 400","path":"::[submit-assignment] status 201 or 400","id":"c6b8e5b4b95e1cad4532c36b70154d08","passes":6279,"fails":0},{"name":"[assignment-detail] status 200","path":"::[assignment-detail] status 200","id":"e710e6c64d866e8aa495eeee12857a96","passes":4252,"fails":0},{"name":"[assignment-detail] success","path":"::[assignment-detail] success","id":"2eca0bd45992b6c1691069c6af81d1ee","passes":4252,"fails":0},{"passes":4233,"fails":0,"name":"[gradebook] status 200","path":"::[gradebook] status 200","id":"9186de991ebaa0ed414ff11baa5503d0"},{"fails":0,"name":"[gradebook] success","path":"::[gradebook] success","id":"a15a69867e50cddaa06c049f7cde480d","passes":4233}]},"options":{"summaryTrendStats":["avg","min","med","max","p(90)","p(95)","p(99)"],"summaryTimeUnit":"","noColor":false},"state":{"isStdOutTTY":false,"isStdErrTTY":false,"testRunDurationMs":390643.382771}}