{"options":{"summaryTimeUnit":"","noColor":false,"summaryTrendStats":["avg","min","med","max","p(90)","p(95)","p(99)"]},"state":{"isStdOutTTY":false,"isStdErrTTY":false,"testRunDurationMs":390791.999398},"metrics":{"gradebook_duration":{"type":"trend","contains":"time","values":{"min":191.443577,"med":9748.337974,"max":13708.797647,"p(90)":11765.058189899999,"p(95)":12218.393141699999,"p(99)":12919.60185407,"avg":9441.748153724267}},"http_req_blocked":{"type":"trend","contains":"time","values":{"med":0.00634,"max":1038.159244,"p(90)":0.008613,"p(95)":0.01043184999999998,"p(99)":1.2062236699999977,"avg":0.16916486669158373,"min":0.001231}},"http_req_waiting":{"contains":"time","values":{"p(90)":6217.8436203,"p(95)":9205.280646799994,"p(99)":11579.000952710001,"avg":5161.354245815952,"min":10.656286,"med":5327.8921945,"max":13684.659043},"type":"trend"},"http_req_failed":{"type":"rate","contains":"default","values":{"rate":0.12787141497893162,"passes":3763,"fails":25665},"thresholds":{"rate<0.15":{"ok":true}}},"grade_update_duration":{"contains":"time","values":{"avg":4644.978211648281,"min":10.785071,"med":5129.338665,"max":6325.956205,"p(90)":5752.3530154,"p(95)":5890.8935715,"p(99)":6088.443518640001},"type":"trend"},"marker_grade_duration":{"type":"trend","contains":"time","values":{"p(90)":5944.4491880000005,"p(95)":6107.317224,"p(99)":6348.60893175,"avg":4870.298100628874,"min":25.76053,"med":5316.7446475,"max":6532.869913}},"material_download_duration":{"type":"trend","contains":"time","values":{"p(95)":6076.05730505,"p(99)":6203.95676839,"avg":4757.337564152646,"min":25.475515,"med":5258.7658335,"max":6558.932296,"p(90)":5931.957949400001}},"http_req_tls_handshaking":{"type":"trend","contains":"time","values":{"avg":0,"min":0,"med":0,"max":0,"p(90)":0,"p(95)":0,"p(99)":0}},"cascade_read_duration":{"contains":"time","values":{"p(90)":6023.3799716,"p(95)":6194.124810599999,"p(99)":6452.57220267,"avg":4844.019213885614,"min":27.928723,"med":5382.199024,"max":6682.638254},"type":"trend"},"user_grades_duration":{"values":{"med":5238.576236,"max":7180.786121,"p(90)":5986.325398200001,"p(95)":6196.752918499999,"p(99)":6613.787852939998,"avg":4830.942495338083,"min":11.630739},"type":"trend","contains":"time"},"http_req_receiving":{"type":"trend","contains":"time","values":{"avg":3.3192535396561076,"min":0.01348,"med":0.0964275,"max":519.846464,"p(90)":2.138600899999998,"p(95)":19.362603849999992,"p(99)":63.66383104999999}},"read_activity_duration":{"type":"trend","contains":"time","values":{"med":5274.410911,"max":6635.933775,"p(90)":5870.8110978,"p(95)":6033.5178544,"p(99)":6267.145790239999,"avg":4789.114248103443,"min":23.476884}},"http_req_duration":{"type":"trend","contains":"time","values":{"avg":5164.704119070926,"min":10.785071,"med":5328.421478,"max":13708.797647,"p(90)":6220.4851866,"p(95)":9235.253568399998,"p(99)":11637.87027099}},"iteration_duration":{"type":"trend","contains":"time","values":{"avg":7197.886468594298,"min":319.476063,"med":6359.064375,"max":20031.131882,"p(90)":12149.688858,"p(95)":13231.226224,"p(99)":17804.22314319999}},"errors":{"type":"rate","contains":"default","values":{"passes":1326,"fails":0,"rate":1}},"vus_max":{"values":{"value":500,"min":500,"max":500},"type":"gauge","contains":"default"},"data_sent":{"type":"counter","contains":"data","values":{"rate":16600.66482935577,"count":6487407}},"http_req_connecting":{"type":"trend","contains":"time","values":{"p(90)":0,"p(95)":0,"p(99)":1.1276315599999995,"avg":0.16108194393095002,"min":0,"med":0,"max":1038.083257}},"http_req_failed{ef:1}":{"type":"rate","contains":"default","values":{"rate":1,"passes":2437,"fails":0},"thresholds":{"rate<1.01":{"ok":true}}},"vus":{"type":"gauge","contains":"default","values":{"min":8,"max":500,"value":13}},"http_req_duration{expected_response:true}":{"type":"trend","contains":"time","values":{"p(90)":6330.3265146,"p(95)":9550.7080468,"p(99)":11718.613008720002,"avg":5227.867437655578,"min":11.630739,"med":5367.086818,"max":13708.797647}},"http_req_sending":{"type":"trend","contains":"time","values":{"max":32.122759,"p(90)":0.03899269999999999,"p(95)":0.046032999999999956,"p(99)":0.11165796999999991,"avg":0.030619715339132696,"min":0.005118,"med":0.026101}},"data_received":{"type":"counter","contains":"data","values":{"count":1833843888,"rate":4692634.165553455}},"iterations":{"values":{"count":24141,"rate":61.77455023948362},"type":"counter","contains":"default"},"http_reqs":{"type":"counter","contains":"default","values":{"count":29428,"rate":75.303486369559}},"grade_submission_duration":{"type":"trend","contains":"time","values":{"min":23.939709,"med":5327.468368,"max":6772.057595,"p(90)":5943.860285,"p(95)":6115.113257999999,"p(99)":6384.96078,"avg":4877.667477631705}},"checks":{"type":"rate","contains":"default","values":{"rate":0.9549408726383036,"passes":28102,"fails":1326}},"submit_quiz_duration":{"type":"trend","contains":"time","values":{"p(90)":6236.2283728,"p(95)":6423.7891573,"p(99)":6700.140902799999,"avg":5004.646862001765,"min":41.849007,"med":5575.792122,"max":7025.93483}},"submit_assignment_duration":{"type":"trend","contains":"time","values":{"p(99)":6235.11584005,"avg":4754.313140856299,"min":18.903266,"med":5236.257851,"max":6486.874439,"p(90)":5855.543738,"p(95)":6014.74215425}},"course_structure_duration":{"values":{"p(90)":5995.3730568,"p(95)":6189.1989332,"p(99)":6446.493437680001,"avg":4869.924973314549,"min":30.392323,"med":5375.535178,"max":6594.132417},"type":"trend","contains":"time"}},"root_group":{"id":"d41d8cd98f00b204e9800998ecf8427e","groups":[],"checks":[{"name":"[wh-submit] status 201","path":"::[wh-submit] status 201","id":"49f223985d533388331178bd3e8d6a64","passes":4227,"fails":519},{"fails":0,"name":"[wh-user-grades] status 200","path":"::[wh-user-grades] status 200","id":"827cabf91007e26e21b96eb0eaac2825","passes":1263},{"name":"[wh-cascade-pre] status 200","path":"::[wh-cascade-pre] status 200","id":"6cf217efe14ab595b837401653c393f9","passes":1224,"fails":0},{"fails":0,"name":"[wh-cascade-write] status 200","path":"::[wh-cascade-write] status 200","id":"9791881937dbec10111f5684ec5d2a68","passes":1224},{"name":"[wh-cascade-post] status 200","path":"::[wh-cascade-post] status 200","id":"2eaa088a823153fd8e84cbe4e79e632d","passes":1224,"fails":0},{"name":"[wh-activity] status 200","path":"::[wh-activity] status 200","id":"aed3f8824d0bcca89ac7d3b2bf25119a","passes":1189,"fails":0},{"path":"::[wh-structure] status 200","id":"9f2134ec9c516bc3787570bcbc5bc9e6","passes":2413,"fails":0,"name":"[wh-structure] status 200"},{"name":"[wh-quiz] start 201","path":"::[wh-quiz] start 201","id":"bc382dfba4db61bcda740eb7d13cbecd","passes":2839,"fails":807},{"id":"4963f6adfea6303590e8a8e9c12d47a1","passes":2839,"fails":0,"name":"[wh-quiz] submit 200","path":"::[wh-quiz] submit 200"},{"fails":0,"name":"[wh-grade-unauth] status 403","path":"::[wh-grade-unauth] status 403","id":"b9f37e7e4ff322953440a920c2825184","passes":1239},{"name":"[wh-gradebook] status 200","path":"::[wh-gradebook] status 200","id":"04f91da34414db0af1a48a98d41fa661","passes":2332,"fails":0},{"id":"747a63480c5228e4182e0b619fd4205c","passes":1211,"fails":0,"name":"[wh-grade] status 200","path":"::[wh-grade] status 200"},{"name":"[wh-cf-non-enrolled] status 403","path":"::[wh-cf-non-enrolled] status 403","id":"6a9d912d2aeb5ec6cb64307cca9056b8","passes":904,"fails":0},{"name":"[wh-marker-grade] status 200","path":"::[wh-marker-grade] status 200","id":"549ffdbc72b97a1cd0f05b844dbb0567","passes":1226,"fails":0},{"name":"[wh-material-dl] status 200","path":"::[wh-material-dl] status 200","id":"182e87b5d3b46cf8a10f81893f31e347","passes":1212,"fails":0},{"name":"[wh-grade-update] status 200","path":"::[wh-grade-update] status 200","id":"e1c3184baa8417c6f8c9c7cd82501965","passes":1242,"fails":0},{"path":"::[wh-cf-locked-grade] status 403","id":"a0d2cffa4f26fbeb7022bec9298a706e","passes":294,"fails":0,"name":"[wh-cf-locked-grade] status 403"}],"name":"",