{"options":{"summaryTrendStats":["avg","min","med","max","p(90)","p(95)","p(99)"],"summaryTimeUnit":"","noColor":false},"state":{"isStdOutTTY":false,"isStdErrTTY":false,"testRunDurationMs":391273.659439},"metrics":{"material_download_duration":{"type":"trend","contains":"time","values":{"p(99)":11764.033661719997,"avg":8950.618525863176,"min":25.882891,"med":9593.843912,"max":12334.6166,"p(90)":10597.317033000001,"p(95)":10926.2819126}},"http_req_receiving":{"contains":"time","values":{"max":779.350484,"p(90)":2.3218227000000007,"p(95)":21.501494099999995,"p(99)":72.70818917999985,"avg":3.675243061766498,"min":0.013941,"med":0.0991705},"type":"trend"},"marker_grade_duration":{"type":"trend","contains":"time","values":{"min":37.657087,"med":9646.511279,"max":12286.956419,"p(90)":10717.9802616,"p(95)":10946.5705184,"p(99)":11878.55733524,"avg":8825.301524529625}},"grade_update_duration":{"type":"trend","contains":"time","values":{"avg":8656.007059356663,"min":16.634661,"med":9463.452491,"max":12027.720699,"p(90)":10474.865339,"p(95)":10742.79817975,"p(99)":11637.8209801}},"course_structure_duration":{"type":"trend","contains":"time","values":{"avg":8917.695009066949,"min":32.742652,"med":9695.149255,"max":12562.437336,"p(90)":10765.618345,"p(95)":11111.18331,"p(99)":11957.9035448}},"http_req_tls_handshaking":{"contains":"time","values":{"med":0,"max":0,"p(90)":0,"p(95)":0,"p(99)":0,"avg":0,"min":0},"type":"trend"},"cascade_read_duration":{"type":"trend","contains":"time","values":{"avg":9037.106692069923,"min":33.187308,"med":9777.31617,"max":12458.975949,"p(90)":10829.464895,"p(95)":11191.627957,"p(99)":12031.329724320007}},"http_req_duration":{"values":{"p(99)":16752.20740567,"avg":9256.786047353211,"min":13.461067,"med":9695.7518995,"max":19966.654617,"p(90)":11252.7981925,"p(95)":13788.640222499995},"type":"trend","contains":"time"},"iterations":{"type":"counter","contains":"default","values":{"count":21487,"rate":54.91552902080761}},"user_grades_duration":{"type":"trend","contains":"time","values":{"avg":8826.519791465751,"min":13.461067,"med":9609.358261,"max":13331.97879,"p(90)":10854.921030399999,"p(95)":11256.075972999999,"p(99)":12094.604823960008}},"submit_quiz_duration":{"type":"trend","contains":"time","values":{"med":9936.376563999998,"max":12722.223205,"p(90)":11070.661009700001,"p(95)":11396.283978,"p(99)":12299.99847517,"avg":9088.886021271483,"min":62.699347}},"gradebook_duration":{"type":"trend","contains":"time","values":{"p(99)":18682.806953360017,"avg":13920.85166150557,"min":234.903434,"med":14519.162205,"max":19966.654617,"p(90)":17024.462208399997,"p(95)":17747.8610312}},"checks":{"type":"rate","contains":"default","values":{"rate":0.9585810089925316,"passes":25157,"fails":1087}},"http_req_connecting":{"type":"trend","contains":"time","values":{"p(99)":1.1838571299999998,"avg":0.193938847431794,"min":0,"med":0,"max":411.421968,"p(90)":0,"p(95)":0}},"read_activity_duration":{"type":"trend","contains":"time","values":{"p(99)":11575.435832350006,"avg":8842.290291630768,"min":21.246507,"med":9561.8288115,"max":12253.636515,"p(90)":10633.234129,"p(95)":10893.8007645}},"data_received":{"type":"counter","contains":"data","values":{"rate":4154495.925768865,"count":1625544824}},"http_req_sending":{"type":"trend","contains":"time","values":{"med":0.027573,"max":18.886699,"p(90)":0.041563,"p(95)":0.055563349999999984,"p(99)":0.1267288699999999,"avg":0.0328858711705533,"min":0.004687}},"http_req_failed":{"type":"rate","contains":"default","values":{"rate":0.12254229538180156,"passes":3216,"fails":23028},"thresholds":{"rate<0.15":{"ok":true}}},"data_sent":{"type":"counter","contains":"data","values":{"count":5820344,"rate":14875.37905910939}},"http_req_waiting":{"type":"trend","contains":"time","values":{"med":9694.9205315,"max":19916.422358,"p(90)":11249.277586100001,"p(95)":13748.546715849989,"p(99)":16725.805541359998,"avg":9253.077918420247,"min":13.271459}},"vus":{"type":"gauge","contains":"default","values":{"value":4,"min":4,"max":750}},"vus_max":{"type":"gauge","contains":"default","values":{"value":750,"min":750,"max":750}},"iteration_duration":{"type":"trend","contains":"time","values":{"avg":12210.186975920176,"min":360.112562,"med":10831.103506,"max":35037.803724,"p(90)":20641.4422368,"p(95)":23165.440637200023,"p(99)":31658.19640944}},"http_req_failed{ef:1}":{"type":"rate","contains":"default","values":{"rate":1,"passes":2129,"fails":0},"thresholds":{"rate<1.01":{"ok":true}}},"http_req_blocked":{"contains":"time","values":{"avg":0.20308895442767785,"min":0.001081,"med":0.00649,"max":411.499416,"p(90)":0.0089747,"p(95)":0.01339,"p(99)":1.27204334},"type":"trend"},"http_req_duration{expected_response:true}":{"type":"trend","contains":"time","values":{"med":9736.3281335,"max":19966.654617,"p(90)":11496.2312243,"p(95)":14243.520951099998,"p(99)":16908.51402662,"avg":9318.338639181331,"min":13.461067}},"grade_submission_duration":{"contains":"time","values":{"p(90)":10744.135102600001,"p(95)":11078.948473999997,"p(99)":11977.69417306,"avg":8883.663488903756,"min":31.97345,"med":9646.855159,"max":12442.691982},"type":"trend"},"submit_assignment_duration":{"type":"trend","contains":"time","values":{"p(95)":10913.450687,"p(99)":11757.362059250001,"avg":8751.783798731809,"min":29.530597,"med":9553.939113,"max":12506.083377,"p(90)":10615.3157865}},"http_reqs":{"type":"counter","contains":"default","values":{"count":26244,"rate":67.07326027933517}},"errors":{"type":"rate","contains":"default","values":{"rate":1,"passes":1087,"fails":0}}},"root_group":{"name":"","path":"","id":"d41d8cd98f00b204e9800998ecf8427e","groups":[],"checks":[{"passes":1097,"fails":0,"name":"[wh-marker-grade] status 200","path":"::[wh-marker-grade] status 200","id":"549ffdbc72b97a1cd0f05b844dbb0567"},{"id":"aed3f8824d0bcca89ac7d3b2bf25119a","passes":1086,"fails":0,"name":"[wh-activity] status 200","path":"::[wh-activity] status 200"},{"name":"[wh-gradebook] status 200","path":"::[wh-gradebook] status 200","id":"04f91da34414db0af1a48a98d41fa661","passes":2073,"fails":0},{"passes":1064,"fails":0,"name":"[wh-grade-unauth] status 403","path":"::[wh-grade-unauth] status 403","id":"b9f37e7e4ff322953440a920c2825184"},{"id":"9f2134ec9c516bc3787570bcbc5bc9e6","passes":2121,"fails":0,"name":"[wh-structure] status 200","path":"::[wh-structure] status 200"},{"name":"[wh-user-grades] status 200","path":"::[wh-user-grades] status 200","id":"827cabf91007e26e21b96eb0eaac2825","passes":1037,"fails":0},{"name":"[wh-cf-non-enrolled] status 403","path":"::[wh-cf-non-enrolled] status 403","id":"6a9d912d2aeb5ec6cb64307cca9056b8","passes":818,"fails":0},{"name":"[wh-submit] status 201","path":"::[wh-submit] status 201","id":"49f223985d533388331178bd3e8d6a64","passes":3985,"fails":411},{"name":"[wh-grade-update] status 200","path":"::[wh-grade-update] status 200","id":"e1c3184baa8417c6f8c9c7cd82501965","passes":1075,"fails":0},{"name":"[wh-material-dl] status 200","path":"::[wh-material-dl] status 200","id":"182e87b5d3b46cf8a10f81893f31e347","passes":1089,"fails":0},{"passes":1088,"fails":0,"name":"[wh-cascade-pre] status 200","path":"::[wh-cascade-pre] status 200","id":"6cf217efe14ab595b837401653c393f9"},{"name":"[wh-cascade-write] status 200","path":"::[wh-cascade-write] status 200","id":"9791881937dbec10111f5684ec5d2a68","passes":1087,"fails":1},{"name":"[wh-cascade-post] status 200","path":"::[wh-cascade-post] status 200","id":"2eaa088a823153fd8e84cbe4e79e632d","passes":1087,"fails":0},{"passes":2582,"fails":675,"name":"[wh-quiz] start 201","path":"::[wh-quiz] start 201","id":"bc382dfba4db61bcda740eb7d13cbecd"},{"name":"[wh-quiz] submit 200","path":"::[wh-quiz] submit 200","id":"4963f6adfea6303590e8a8e9c12d47a1","passes":2582,"fails":0},{"name":"[wh-grade] status 200","path":"::[wh-grade] status 200","id":"747a63480c5228e4182e0b619fd4205c","passes":1039,"fails":0},{"path":"::[wh-cf-locked-grade] status 403","id":"a0d2cffa4f26fbeb7022bec9298a706e","passes":247,"fails":0,