{"metrics":{"http_req_blocked":{"values":{"p(95)":0.035028599999999945,"p(99)":0.38216292,"avg":0.0337897544513456,"min":0.003369,"med":0.011076,"max":38.208517,"p(90)":0.020533200000000005},"type":"trend","contains":"time"},"http_req_connecting":{"type":"trend","contains":"time","values":{"min":0,"med":0,"max":28.34904,"p(90)":0,"p(95)":0,"p(99)":0.2519817200000001,"avg":0.014446833239224544}},"http_req_waiting":{"type":"trend","contains":"time","values":{"p(90)":13702.778028199999,"p(95)":13864.852554,"p(99)":14155.424260360001,"avg":11930.771401454647,"min":23.538602,"med":13101.708465,"max":15999.876769}},"vus_max":{"type":"gauge","contains":"default","values":{"value":1000,"min":1000,"max":1000}},"http_req_receiving":{"type":"trend","contains":"time","values":{"avg":0.22040211274233001,"min":0.033191,"med":0.144784,"max":73.499721,"p(90)":0.3181794000000002,"p(95)":0.4595932,"p(99)":1.0965690000000032}},"material_detail_duration":{"type":"trend","contains":"time","values":{"avg":11843.195242801821,"min":24.563584,"med":12998.7605795,"max":14779.820281,"p(90)":13535.410122,"p(95)":13692.9390685,"p(99)":13920.547429850001}},"gradebook_duration":{"type":"trend","contains":"time","values":{"min":39.110339,"med":13229.028215,"max":16000.146228,"p(90)":13811.5735875,"p(95)":13971.633655499998,"p(99)":14221.879918409999,"avg":12006.518527775523}},"submit_assignment_duration":{"type":"trend","contains":"time","values":{"med":13132.023915,"max":14627.803177,"p(90)":13701.0981304,"p(95)":13876.6934208,"p(99)":14148.318256999999,"avg":11978.416052408467,"min":39.228851}},"http_req_tls_handshaking":{"type":"trend","contains":"time","values":{"p(99)":0,"avg":0,"min":0,"med":0,"max":0,"p(90)":0,"p(95)":0}},"vus":{"type":"gauge","contains":"default","values":{"value":33,"min":5,"max":1000}},"errors":{"type":"rate","contains":"default","values":{"rate":0,"passes":0,"fails":0},"thresholds":{"rate<0.10":{"ok":true}}},"iteration_duration":{"type":"trend","contains":"time","values":{"avg":13187.425416539701,"min":542.592089,"med":14295.251969,"max":16997.221436,"p(90)":15190.1624686,"p(95)":15403.7372306,"p(99)":15762.346180280001}},"http_req_duration":{"type":"trend","contains":"time","values":{"avg":11931.040195194108,"min":23.698701,"med":13101.941771,"max":16000.146228,"p(90)":13702.9903228,"p(95)":13865.0809652,"p(99)":14155.613816840001},"thresholds":{"p(95)<2000":{"ok":false}}},"data_sent":{"type":"counter","contains":"data","values":{"count":3470124,"rate":8872.548573097889}},"iterations":{"type":"counter","contains":"default","values":{"count":26565,"rate":67.92242952826626}},"materials_list_duration":{"type":"trend","contains":"time","values":{"avg":11810.747220210722,"min":23.698701,"med":12990.051859,"max":15005.87247,"p(90)":13546.278245200001,"p(95)":13704.7491198,"p(99)":13993.05691592}},"quiz_detail_duration":{"type":"trend","contains":"time","values":{"avg":12050.585487657094,"min":33.822377,"med":13207.300379,"max":15703.362596,"p(90)":13792.3113279,"p(95)":13948.58650235,"p(99)":14271.32303495}},"http_req_duration{expected_response:true}":{"type":"trend","contains":"time","values":{"avg":11931.040195194108,"min":23.698701,"med":13101.941771,"max":16000.146228,"p(90)":13702.9903228,"p(95)":13865.0809652,"p(99)":14155.613816840001}},"checks":{"values":{"rate":1,"passes":47874,"fails":0},"type":"rate","contains":"default"},"data_received":{"type":"counter","contains":"data","values":{"count":173125919,"rate":442655.11134175916}},"http_req_failed":{"type":"rate","contains":"default","values":{"rate":0,"passes":0,"fails":26565},"thresholds":{"rate<0.10":{"ok":true}}},"http_reqs":{"type":"counter","contains":"default","values":{"count":26565,"rate":67.92242952826626}},"http_req_sending":{"type":"trend","contains":"time","values":{"p(95)":0.08160219999999999,"p(99)":0.15218244000000009,"avg":0.0483916267268963,"min":0.00889,"med":0.035024,"max":25.67642,"p(90)":0.0582652}},"start_attempt_duration":{"type":"trend","contains":"time","values":{"p(99)":14031.565463280003,"avg":11793.404576973571,"min":38.112868,"med":13025.934034,"max":15780.869792,"p(90)":13607.628011800001,"p(95)":13753.752191399999}}},"root_group":{"name":"","path":"","id":"d41d8cd98f00b204e9800998ecf8427e","groups":[],"checks":[{"name":"[gradebook] status 200","path":"::[gradebook] status 200","id":"9186de991ebaa0ed414ff11baa5503d0","passes":5364,"fails":0},{"name":"[gradebook] success","path":"::[gradebook] success","id":"a15a69867e50cddaa06c049f7cde480d","passes":5364,"fails":0},{"name":"[quiz-detail] status 200","path":"::[quiz-detail] status 200","id":"917c623bb77fd0f4c30b55655ab512f2","passes":6722,"fails":0},{"name":"[quiz-detail] success","path":"::[quiz-detail] success","id":"6719d54de0da0cfb59497b1755be95e9","passes":6722,"fails":0},{"name":"[start-attempt] status 201 or 400","path":"::[start-attempt] status 201 or 400","id":"33680026b6a14104cfefb4ee3b4b083d","passes":2573,"fails":0},{"name":"[submit-assignment] status 201 or 400","path":"::[submit-assignment] status 201 or 400","id":"c6b8e5b4b95e1cad4532c36b70154d08","passes":2683,"fails":0},{"path":"::[material-detail] status 200","id":"a12462dd78c876a1d31a53eadf87e378","passes":3946,"fails":0,"name":"[material-detail] status 200"},{"name":"[material-detail] success","path":"::[material-detail] success","id":"3632f96ad89cbc27cd995a000cbd8596","passes":3946,"fails":0},{"name":"[materials-list] status 200","path":"::[materials-list] status 200","id":"463a16ce0b1d8abee844a574ea056361","passes":5277,"fails":0},{"fails":0,"name":"[materials-list] success","path":"::[materials-list] success","id":"664e43a5933df86e3bab167b84d274ca","passes":5277}]},"options":{"summaryTrendStats":["avg","min","med","max","p(90)","p(95)","p(99)"],"summaryTimeUnit":"","noColor":false},"state":{"isStdOutTTY":false,"isStdErrTTY":false,"testRunDurationMs":391107.918025}}