{"options":{"summaryTrendStats":["avg","min","med","max","p(90)","p(95)","p(99)"],"summaryTimeUnit":"","noColor":false},"state":{"isStdOutTTY":false,"isStdErrTTY":false,"testRunDurationMs":396429.737872},"metrics":{"material_detail_duration":{"type":"trend","contains":"time","values":{"p(90)":21635.293614399998,"p(95)":21818.4052763,"p(99)":22161.676546079998,"avg":19059.928406575087,"min":0.643293,"med":21014.109849,"max":22684.378312}},"http_reqs":{"type":"counter","contains":"default","values":{"count":26024,"rate":65.6459329708577}},"http_req_blocked":{"type":"trend","contains":"time","values":{"max":71.4252,"p(90)":0.3934265,"p(95)":0.48615259999999993,"p(99)":1.4777956400000005,"avg":0.313379034775591,"min":0.00382,"med":0.281451}},"data_sent":{"values":{"count":3398711,"rate":8573.299819140668},"type":"counter","contains":"data"},"iterations":{"type":"counter","contains":"default","values":{"count":26024,"rate":65.6459329708577}},"http_req_waiting":{"type":"trend","contains":"time","values":{"med":21113.972421500002,"max":23986.654926,"p(90)":21774.1459484,"p(95)":21958.200587950003,"p(99)":22312.14040009,"avg":19139.36663842452,"min":0.502302}},"gradebook_duration":{"type":"trend","contains":"time","values":{"min":0.751353,"med":21237.996672,"max":23089.922019,"p(90)":21907.499717,"p(95)":22098.965143600002,"p(99)":22451.213248920005,"avg":19242.189784848044}},"vus":{"type":"gauge","contains":"default","values":{"min":0,"max":1500,"value":2}},"http_req_sending":{"type":"trend","contains":"time","values":{"min":0.008403,"med":0.06451599999999999,"max":71.160872,"p(90)":0.1033469,"p(95)":0.12138639999999999,"p(99)":0.24249538000000026,"avg":0.08950568379188456}},"http_req_duration{expected_response:true}":{"type":"trend","contains":"time","values":{"p(95)":21958.823724,"p(99)":22313.07290204,"avg":19177.254885798335,"min":26.656716,"med":21115.20541,"max":23986.985164,"p(90)":21775.3143412}},"data_received":{"type":"counter","contains":"data","values":{"count":168415177,"rate":424829.827106407}},"submit_assignment_duration":{"type":"trend","contains":"time","values":{"avg":19116.263831849046,"min":0.54235,"med":21139.996716,"max":23881.662443,"p(90)":21775.4502914,"p(95)":21923.873418199997,"p(99)":22236.94031286}},"http_req_duration":{"type":"trend","contains":"time","values":{"p(95)":21958.56505365,"p(99)":22312.59579915,"avg":19139.684115538705,"min":0.54235,"med":21114.1987115,"max":23986.985164,"p(90)":21774.649100000002},"thresholds":{"p(95)<2000":{"ok":false}}},"http_req_connecting":{"values":{"p(95)":0.3518352999999992,"p(99)":1.2024571000000068,"avg":0.22864588783430753,"min":0,"med":0.202069,"max":31.438313,"p(90)":0.28037740000000005},"type":"trend","contains":"time"},"iteration_duration":{"type":"trend","contains":"time","values":{"avg":20394.502065529774,"min":570.007395,"med":22287.151321999998,"max":25466.767979,"p(90)":23241.6603421,"p(95)":23469.0899546,"p(99)":23886.71513014}},"http_req_receiving":{"type":"trend","contains":"time","values":{"max":56.166488,"p(90)":0.31009320000000007,"p(95)":0.4565472999999999,"p(99)":1.2060489600000006,"avg":0.22797143048724397,"min":0,"med":0.145837}},"quiz_detail_duration":{"type":"trend","contains":"time","values":{"min":0.776047,"med":21219.576384,"max":23986.985164,"p(90)":21877.721866199998,"p(95)":22059.754271699996,"p(99)":22407.04426338,"avg":19227.479402056524}},"materials_list_duration":{"contains":"time","values":{"avg":19025.75926839498,"min":0.941979,"med":21005.66543,"max":22898.100211,"p(90)":21611.2618839,"p(95)":21767.523083,"p(99)":22082.28617752},"type":"trend"},"http_req_failed":{"values":{"rate":0.0019597294804795575,"passes":51,"fails":25973},"thresholds":{"rate<0.10":{"ok":true}},"type":"rate","contains":"default"},"checks":{"type":"rate","contains":"default","values":{"rate":0.9981014143396548,"passes":46788,"fails":89}},"errors":{"values":{"fails":0,"rate":1,"passes":51},"thresholds":{"rate<0.10":{"ok":false}},"type":"rate","contains":"default"},"http_req_tls_handshaking":{"type":"trend","contains":"time","values":{"p(95)":0,"p(99)":0,"avg":0,"min":0,"med":0,"max":0,"p(90)":0}},"start_attempt_duration":{"type":"trend","contains":"time","values":{"p(90)":21643.8687871,"p(95)":21820.3433593,"p(99)":22163.346350630003,"avg":19084.74372587288,"min":1.055914,"med":21046.7859355,"max":23028.289011}},"vus_max":{"type":"gauge","contains":"default","values":{"value":1500,"min":733,"max":1500}}},"root_group":{"path":"","id":"d41d8cd98f00b204e9800998ecf8427e","groups":[],"checks":[{"name":"[quiz-detail] status 200","path":"::[quiz-detail] status 200","id":"917c623bb77fd0f4c30b55655ab512f2","passes":6468,"fails":11},{"passes":6468,"fails":11,"name":"[quiz-detail] success","path":"::[quiz-detail] success","id":"6719d54de0da0cfb59497b1755be95e9"},{"name":"[gradebook] status 200","path":"::[gradebook] status 200","id":"9186de991ebaa0ed414ff11baa5503d0","passes":5235,"fails":10},{"passes":5235,"fails":10,"name":"[gradebook] success","path":"::[gradebook] success","id":"a15a69867e50cddaa06c049f7cde480d"},{"name":"[material-detail] status 200","path":"::[material-detail] status 200","id":"a12462dd78c876a1d31a53eadf87e378","passes":3978,"fails":9},{"path":"::[material-detail] success","id":"3632f96ad89cbc27cd995a000cbd8596","passes":3978,"fails":9,"name":"[material-detail] success"},{"fails":8,"name":"[submit-assignment] status 201 or 400","path":"::[submit-assignment] status 201 or 400","id":"c6b8e5b4b95e1cad4532c36b70154d08","passes":2575},{"passes":5134,"fails":8,"name":"[materials-list] status 200","path":"::[materials-list] status 200","id":"463a16ce0b1d8abee844a574ea056361"},{"id":"664e43a5933df86e3bab167b84d274ca","passes":5134,"fails":8,"name":"[materials-list] success","path":"::[materials-list] success"},{"passes":2583,"fails":5,"name":"[start-attempt] status 201 or 400","path":"::[start-attempt] status 201 or 400","id":"33680026b6a14104cfefb4ee3b4b083d"}],"name":""}}