{"options":{"summaryTrendStats":["avg","min","med","max","p(90)","p(95)","p(99)"],"summaryTimeUnit":"","noColor":false},"state":{"isStdOutTTY":false,"isStdErrTTY":false,"testRunDurationMs":404179.828465},"metrics":{"http_req_duration":{"type":"trend","contains":"time","values":{"avg":25867.758081169108,"min":0.804115,"med":28641.258942,"max":30041.925628,"p(90)":29711.8199967,"p(95)":29882.76327205,"p(99)":30000.64752331},"thresholds":{"p(95)<2000":{"ok":false}}},"materials_list_duration":{"type":"trend","contains":"time","values":{"min":16.432476,"med":28552.3477025,"max":30000.880587,"p(90)":29571.4888612,"p(95)":29709.848230149997,"p(99)":29914.90960325,"avg":25809.609207274912}},"http_req_duration{expected_response:true}":{"type":"trend","contains":"time","values":{"p(90)":29645.636031000002,"p(95)":29785.52649,"p(99)":29942.56398035,"avg":25759.074657758345,"min":24.97539,"med":28596.766531499998,"max":30000.083646}},"start_attempt_duration":{"type":"trend","contains":"time","values":{"p(95)":29760.989104599998,"p(99)":29979.52782056,"avg":25752.9210563209,"min":0.804115,"med":28498.243611,"max":30010.798353,"p(90)":29598.9923918}},"http_reqs":{"type":"counter","contains":"default","values":{"rate":65.41642639716636,"count":26440}},"http_req_blocked":{"type":"trend","contains":"time","values":{"min":0.003725,"med":0.3062065,"max":118.58886,"p(90)":0.4266754000000001,"p(95)":0.5538370499999999,"p(99)":1.583769140000017,"avg":0.38362938006807884}},"http_req_receiving":{"type":"trend","contains":"time","values":{"avg":0.21990657140696113,"min":0,"med":0.1492735,"max":73.465908,"p(90)":0.31346290000000004,"p(95)":0.45824565,"p(99)":1.2642202300000003}},"gradebook_duration":{"type":"trend","contains":"time","values":{"max":30032.806698,"p(90)":29848.187185,"p(95)":29999.899883500002,"p(99)":30000.8776636,"avg":26000.67316400246,"min":5.12472,"med":28791.862935}},"iteration_duration":{"type":"trend","contains":"time","values":{"p(90)":31113.2672948,"p(95)":31366.117927199997,"p(99)":31743.349532040003,"avg":27122.496257196,"min":603.357238,"med":29871.744108500003,"max":32000.542183}},"http_req_failed":{"type":"rate","contains":"default","values":{"rate":0.027760968229954615,"passes":734,"fails":25706},"thresholds":{"rate<0.10":{"ok":true}}},"data_received":{"type":"counter","contains":"data","values":{"count":164054180,"rate":405894.0314340954}},"checks":{"type":"rate","contains":"default","values":{"rate":0.9716491050960102,"passes":46199,"fails":1348}},"data_sent":{"type":"counter","contains":"data","values":{"count":3459364,"rate":8558.972408737029}},"vus_max":{"contains":"default","values":{"value":2000,"min":1432,"max":2000},"type":"gauge"},"material_detail_duration":{"type":"trend","contains":"time","values":{"p(99)":29974.41691124,"avg":25825.550558981606,"min":4.271066,"med":28498.475018,"max":30008.368495,"p(90)":29577.7488028,"p(95)":29724.8601546}},"http_req_tls_handshaking":{"type":"trend","contains":"time","values":{"p(90)":0,"p(95)":0,"p(99)":0,"avg":0,"min":0,"med":0,"max":0}},"http_req_waiting":{"contains":"time","values":{"p(95)":29882.3893706,"p(99)":30000.5664767,"avg":25867.445920302147,"min":0.747331,"med":28641.012019,"max":30041.796604,"p(90)":29711.5007474},"type":"trend"},"iterations":{"type":"counter","contains":"default","values":{"count":26440,"rate":65.41642639716636}},"http_req_connecting":{"type":"trend","contains":"time","values":{"med":0.21873,"max":69.893938,"p(90)":0.3036247,"p(95)":0.4123238999999998,"p(99)":1.2836278100000023,"avg":0.28308043430408525,"min":0}},"quiz_detail_duration":{"type":"trend","contains":"time","values":{"avg":25857.57866029944,"min":23.942544,"med":28736.331242,"max":30018.422506,"p(90)":29811.6129838,"p(95)":29961.2256648,"p(99)":30000.81331384}},"submit_assignment_duration":{"type":"trend","contains":"time","values":{"p(95)":29936.615123199997,"p(99)":30000.76014871,"avg":25924.00244084371,"min":36.253089,"med":28675.2704765,"max":30041.925628,"p(90)":29777.839739}},"http_req_sending":{"contains":"time","values":{"p(99)":0.23409723000000002,"avg":0.0922542955370649,"min":0.00781,"med":0.0711345,"max":49.13773,"p(90)":0.10935390000000007,"p(95)":0.12787859999999998},"type":"trend"},"errors":{"type":"rate","contains":"default","values":{"rate":1,"passes":734,"fails":0},"thresholds":{"rate<0.10":{"ok":false}}},"vus":{"values":{"value":12,"min":0,"max":2000},"type":"gauge","contains":"default"}},"root_group":{"id":"d41d8cd98f00b204e9800998ecf8427e","groups":[],"checks":[{"name":"[materials-list] status 200","path":"::[materials-list] status 200","id":"463a16ce0b1d8abee844a574ea056361","passes":5253,"fails":25},{"name":"[materials-list] success","path":"::[materials-list] success","id":"664e43a5933df86e3bab167b84d274ca","passes":5253,"fails":25},{"name":"[material-detail] status 200","path":"::[material-detail] status 200","id":"a12462dd78c876a1d31a53eadf87e378","passes":3934,"fails":35},{"name":"[material-detail] success","path":"::[material-detail] success","id":"3632f96ad89cbc27cd995a000cbd8596","passes":3934,"fails":35},{"name":"[gradebook] status 200","path":"::[gradebook] status 200","id":"9186de991ebaa0ed414ff11baa5503d0","passes":4931,"fails":280},{"fails":280,"name":"[gradebook] success","path":"::[gradebook] success","id":"a15a69867e50cddaa06c049f7cde480d","passes":4931},{"passes":6375,"fails":274,"name":"[quiz-detail] status 200","path":"::[quiz-detail] status 200","id":"917c623bb77fd0f4c30b55655ab512f2"},{"passes":6375,"fails":274,"name":"[quiz-detail] success","path":"::[quiz-detail] success","id":"6719d54de0da0cfb59497b1755be95e9"},{"fails":99,"name":"[submit-assignment] status 201 or 400","path":"::[submit-assignment] status 201 or 400","id":"c6b8e5b4b95e1cad4532c36b70154d08","passes":2601},{"name":"[start-attempt] status 201 or 400","path":"::[start-attempt] status 201 or 400","id":"33680026b6a14104cfefb4ee3b4b083d","passes":2612,"fails":21}],"name":"","path":""}}