{"metrics":{"grade_submission_duration":{"type":"trend","contains":"time","values":{"avg":13527.46378363176,"min":61.55705,"med":14828.115601,"max":16503.618857,"p(90)":15399.602127,"p(95)":15553.558081,"p(99)":15814.173318000001}},"http_req_tls_handshaking":{"type":"trend","contains":"time","values":{"med":0,"max":0,"p(90)":0,"p(95)":0,"p(99)":0,"avg":0,"min":0}},"http_req_duration{expected_response:true}":{"values":{"max":16779.737249,"p(90)":15274.2564862,"p(95)":15440.186091,"p(99)":15729.63738908,"avg":13353.177906748831,"min":23.928731,"med":14666.597986},"type":"trend","contains":"time"},"iterations":{"type":"counter","contains":"default","values":{"count":20860,"rate":52.88458387144257}},"http_reqs":{"type":"counter","contains":"default","values":{"count":25005,"rate":63.39304984206239}},"assignment_detail_duration":{"type":"trend","contains":"time","values":{"min":36.480651,"med":14544.908428,"max":16256.717269,"p(90)":15089.955715,"p(95)":15233.6565037,"p(99)":15486.561783039999,"avg":13188.828999900847}},"http_req_waiting":{"type":"trend","contains":"time","values":{"p(90)":15274.0079976,"p(95)":15439.6538624,"p(99)":15729.43561188,"avg":13352.943100496233,"min":23.225924,"med":14666.429865,"max":16779.551788}},"data_sent":{"type":"counter","contains":"data","values":{"count":4749191,"rate":12040.220026893587}},"data_received":{"type":"counter","contains":"data","values":{"count":93292500,"rate":236516.5407874667}},"http_req_blocked":{"type":"trend","contains":"time","values":{"p(95)":0.038768799999999964,"p(99)":0.3706828799999997,"avg":0.03282376532693491,"min":0.002988,"med":0.010576,"max":27.156377,"p(90)":0.020673600000000004}},"errors":{"values":{"rate":0,"passes":0,"fails":0},"thresholds":{"rate<0.10":{"ok":true}},"type":"rate","contains":"default"},"http_req_duration":{"type":"trend","contains":"time","values":{"p(95)":15440.186091,"p(99)":15729.63738908,"avg":13353.177906748831,"min":23.928731,"med":14666.597986,"max":16779.737249,"p(90)":15274.2564862},"thresholds":{"p(95)<3000":{"ok":false}}},"checks":{"type":"rate","contains":"default","values":{"rate":0.9997476149613851,"passes":39612,"fails":10}},"submit_assignment_duration":{"type":"trend","contains":"time","values":{"avg":13389.756347301089,"min":48.645398,"med":14747.356671,"max":16552.365901,"p(90)":15317.6878298,"p(95)":15478.1529232,"p(99)":15767.546116840003}},"http_req_connecting":{"contains":"time","values":{"min":0,"med":0,"max":23.122312,"p(90)":0,"p(95)":0,"p(99)":0.24595463999999975,"avg":0.013729884343131379},"type":"trend"},"iteration_duration":{"type":"trend","contains":"time","values":{"avg":16908.301245793842,"min":390.849273,"med":15660.010057,"max":32724.178749,"p(90)":30400.124860400003,"p(95)":30924.61114315,"p(99)":31578.70066582}},"http_req_failed":{"type":"rate","contains":"default","values":{"passes":0,"fails":25005,"rate":0},"thresholds":{"rate<0.10":{"ok":true}}},"gradebook_duration":{"type":"trend","contains":"time","values":{"min":23.928731,"med":14487.645807500001,"max":16196.281887,"p(90)":15009.2788175,"p(95)":15143.8005245,"p(99)":15366.8104955,"avg":13155.07716908299}},"vus":{"type":"gauge","contains":"default","values":{"value":4,"min":4,"max":1000}},"http_req_sending":{"contains":"time","values":{"avg":0.04926007310537912,"min":0.009015,"med":0.038391,"max":22.285588,"p(90)":0.06335160000000001,"p(95)":0.08752919999999997,"p(99)":0.1532627999999996},"type":"trend"},"vus_max":{"contains":"default","values":{"min":1000,"max":1000,"value":1000},"type":"gauge"},"submit_quiz_duration":{"type":"trend","contains":"time","values":{"p(90)":15480.976347,"p(95)":15618.1002952,"p(99)":15912.261676720002,"avg":13617.365305208905,"min":48.261812,"med":14893.147663,"max":16779.737249}},"http_req_receiving":{"type":"trend","contains":"time","values":{"max":28.247316,"p(90)":0.255112,"p(95)":0.37536659999999955,"p(99)":0.8560659199999971,"avg":0.18554617944410992,"min":0.026544,"med":0.136449}}},"root_group":{"name":"","path":"","id":"d41d8cd98f00b204e9800998ecf8427e","groups":[],"checks":[{"name":"[quiz-attempt] start 201","path":"::[quiz-attempt] start 201","id":"18f54229dcbc1aba2aecf8a61f0db771","passes":4145,"fails":10},{"name":"[submit-assignment] status 201 or 400","path":"::[submit-assignment] status 201 or 400","id":"c6b8e5b4b95e1cad4532c36b70154d08","passes":6233,"fails":0},{"name":"[gradebook] status 200","path":"::[gradebook] status 200","id":"9186de991ebaa0ed414ff11baa5503d0","passes":4276,"fails":0},{"id":"a15a69867e50cddaa06c049f7cde480d","passes":4276,"fails":0,"name":"[gradebook] success","path":"::[gradebook] success"},{"passes":4145,"fails":0,"name":"[quiz-attempt] submit 200","path":"::[quiz-attempt] submit 200","id":"3aac290b0fb83ec96bbf8f19a1813a81"},{"name":"[quiz-attempt] success","path":"::[quiz-attempt] success","id":"6398ec5c83f0a8abdc14be5794d5070f","passes":4145,"fails":0},{"name":"[assignment-detail] status 200","path":"::[assignment-detail] status 200","id":"e710e6c64d866e8aa495eeee12857a96","passes":4135,"fails":0},{"fails":0,"name":"[assignment-detail] success","path":"::[assignment-detail] success","id":"2eca0bd45992b6c1691069c6af81d1ee","passes":4135},{"name":"[grade-submission] status 200","path":"::[grade-submission] status 200","id":"0b00b1c9fc4243dfcbcade089d53f4c1","passes":2061,"fails":0},{"name":"[grade-submission] success","path":"::[grade-submission] success","id":"dc7c3576ea1686ed510a59cbde26957e","passes":2061,"fails":0}]},"options":{"summaryTimeUnit":"","noColor":false,"summaryTrendStats":["avg","min","med","max","p(90)","p(95)","p(99)"]},"state":{"isStdOutTTY":false,"isStdErrTTY":false,"testRunDurationMs":394443.871407}}