{"state":{"isStdOutTTY":false,"isStdErrTTY":false,"testRunDurationMs":408908.282245},"metrics":{"http_req_connecting":{"type":"trend","contains":"time","values":{"avg":0.26362903746679334,"min":0,"med":0.21412150000000002,"max":38.960432,"p(90)":0.3067525,"p(95)":0.45375600000000005,"p(99)":1.1175492999999994}},"grade_submission_duration":{"contains":"time","values":{"p(95)":30001.4163603,"p(99)":30011.54934264,"avg":27485.519567164072,"min":5.096318,"med":30000.303793500003,"max":30043.549749,"p(90)":30000.9726861},"type":"trend"},"data_received":{"type":"counter","contains":"data","values":{"count":25857752,"rate":63236.06814231061}},"iteration_duration":{"type":"trend","contains":"time","values":{"p(90)":31391.3982367,"p(95)":31470.15258885,"p(99)":52052.60408922998,"avg":29217.98362631193,"min":483.552208,"med":30794.7936535,"max":61074.023458}},"vus_max":{"type":"gauge","contains":"default","values":{"max":2000,"value":2000,"min":1649}},"gradebook_duration":{"type":"trend","contains":"time","values":{"p(90)":30000.9571452,"p(95)":30001.3238078,"p(99)":30013.494135520003,"avg":27482.075404850806,"min":1.812136,"med":30000.287919,"max":30058.372531}},"http_reqs":{"type":"counter","contains":"default","values":{"count":25596,"rate":62.59594415518342}},"submit_assignment_duration":{"values":{"avg":27605.30622500267,"min":124.968575,"med":30000.314497,"max":30073.453121,"p(90)":30000.968240799997,"p(95)":30001.484042800002,"p(99)":30013.479765160002},"type":"trend","contains":"time"},"assignment_detail_duration":{"type":"trend","contains":"time","values":{"p(99)":30014.51599031,"avg":27439.732010927124,"min":0.825353,"med":30000.302510499998,"max":30051.321221,"p(90)":30000.983907899998,"p(95)":30001.513996399997}},"data_sent":{"type":"counter","contains":"data","values":{"count":4372644,"rate":10693.459119960065}},"vus":{"type":"gauge","contains":"default","values":{"max":2000,"value":7,"min":0}},"http_req_tls_handshaking":{"type":"trend","contains":"time","values":{"p(90)":0,"p(95)":0,"p(99)":0,"avg":0,"min":0,"med":0,"max":0}},"iterations":{"type":"counter","contains":"default","values":{"count":24510,"rate":59.94009185980409}},"http_req_duration":{"values":{"med":30000.270933500004,"max":30073.453121,"p(90)":30000.961713,"p(95)":30001.3699785,"p(99)":30013.65995145,"avg":27176.981079664132,"min":0.760753},"thresholds":{"p(95)<3000":{"ok":false}},"type":"trend","contains":"time"},"http_req_failed":{"type":"rate","contains":"default","values":{"rate":0.740857946554149,"passes":18963,"fails":6633},"thresholds":{"rate<0.10":{"ok":false}}},"errors":{"values":{"rate":1,"passes":15181,"fails":0},"thresholds":{"rate<0.10":{"ok":false}},"type":"rate","contains":"default"},"http_req_sending":{"type":"trend","contains":"time","values":{"p(99)":0.23006449999999976,"avg":0.0886321441631498,"min":0.00797,"med":0.075128,"max":36.585938,"p(90)":0.115431,"p(95)":0.1363105}},"http_req_waiting":{"type":"trend","contains":"time","values":{"p(95)":30001.292723500002,"p(99)":30013.605023699998,"avg":27176.83621547188,"min":0.731571,"med":30000.1872435,"max":30073.36813,"p(90)":30000.8828545}},"submit_quiz_duration":{"type":"trend","contains":"time","values":{"avg":18598.581534149653,"min":0.760753,"med":22951.691397,"max":30001.234528,"p(90)":26539.379955200002,"p(95)":26697.977127,"p(99)":27079.46961324}},"http_req_receiving":{"contains":"time","values":{"min":0,"med":0,"max":26.673772,"p(90)":0.1719165,"p(95)":0.21771724999999997,"p(99)":0.4963064999999988,"avg":0.05623204813252064},"type":"trend"},"http_req_duration{expected_response:true}":{"type":"trend","contains":"time","values":{"avg":19139.691087539126,"min":44.370341,"med":21610.961898,"max":29999.999914,"p(90)":29494.2081336,"p(95)":29770.3773776,"p(99)":29960.03594484}},"http_req_blocked":{"type":"trend","contains":"time","values":{"max":39.026964,"p(90)":0.4360455,"p(95)":0.58570175,"p(99)":1.3122434499999929,"avg":0.3571051615096101,"min":0.004266,"med":0.30272299999999996}},"checks":{"type":"rate","contains":"default","values":{"fails":28333,"rate":0.2704825171224059,"passes":10505}}},"root_group":{"path":"","id":"d41d8cd98f00b204e9800998ecf8427e","groups":[],"checks":[{"name":"[quiz-attempt] start 201","path":"::[quiz-attempt] start 201","id":"18f54229dcbc1aba2aecf8a61f0db771","passes":1078,"fails":3783},{"passes":1682,"fails":5811,"name":"[submit-assignment] status 201 or 400","path":"::[submit-assignment] status 201 or 400","id":"c6b8e5b4b95e1cad4532c36b70154d08"},{"name":"[quiz-attempt] submit 200","path":"::[quiz-attempt] submit 200","id":"3aac290b0fb83ec96bbf8f19a1813a81","passes":1021,"fails":8},{"name":"[quiz-attempt] success","path":"::[quiz-attempt] success","id":"6398ec5c83f0a8abdc14be5794d5070f","passes":1021,"fails":8},{"name":"[assignment-detail] status 200","path":"::[assignment-detail] status 200","id":"e710e6c64d866e8aa495eeee12857a96","passes":1169,"fails":3733},{"name":"[assignment-detail] success","path":"::[assignment-detail] success","id":"2eca0bd45992b6c1691069c6af81d1ee","passes":1169,"fails":3733},{"name":"[gradebook] status 200","path":"::[gradebook] status 200","id":"9186de991ebaa0ed414ff11baa5503d0","passes":1163,"fails":3746},{"id":"a15a69867e50cddaa06c049f7cde480d","passes":1163,"fails":3746,"name":"[gradebook] success","path":"::[gradebook] success"},{"path":"::[grade-submission] status 200","id":"0b00b1c9fc4243dfcbcade089d53f4c1","passes":519,"fails":1883,"name":"[grade-submission] status 200"},{"passes":520,"fails":1882,"name":"[grade-submission] success","path":"::[grade-submission] success","id":"dc7c3576ea1686ed510a59cbde26957e"}],"name":""},"options":{"summaryTrendStats":["avg","min","med","max","p(90)","p(95)","p(99)"],"summaryTimeUnit":"","noColor":false}}