{"options":{"summaryTrendStats":["avg","min","med","max","p(90)","p(95)","p(99)"],"summaryTimeUnit":"","noColor":false},"state":{"isStdErrTTY":false,"testRunDurationMs":391019.621772,"isStdOutTTY":false},"metrics":{"http_req_sending":{"contains":"time","values":{"p(99)":0.15419680999999835,"avg":0.0507632267191687,"min":0.008555,"med":0.038219500000000003,"max":31.762203,"p(90)":0.061338500000000004,"p(95)":0.08181349999999996},"type":"trend"},"http_reqs":{"type":"counter","contains":"default","values":{"count":24634,"rate":62.99939601078092}},"http_req_failed":{"thresholds":{"rate<0.10":{"ok":true}},"type":"rate","contains":"default","values":{"passes":0,"fails":24634,"rate":0}},"http_req_duration{expected_response:true}":{"values":{"max":13488.748963,"p(90)":11382.153917200001,"p(95)":11556.16466265,"p(99)":11911.67853617,"avg":9909.975298432699,"min":22.760748,"med":10787.3544215},"type":"trend","contains":"time"},"assignment_detail_duration":{"type":"trend","contains":"time","values":{"max":13050.818003,"p(90)":11153.2875226,"p(95)":11331.119754199999,"p(99)":11650.17020448,"avg":9802.168022679594,"min":42.309696,"med":10660.135533}},"iterations":{"type":"counter","contains":"default","values":{"count":20578,"rate":52.62651502435048}},"submit_quiz_duration":{"type":"trend","contains":"time","values":{"avg":10083.417051365876,"min":48.552606,"med":11002.6780235,"max":13488.748963,"p(90)":11557.625197500001,"p(95)":11713.32312875,"p(99)":12056.617862699999}},"grade_submission_duration":{"type":"trend","contains":"time","values":{"p(99)":12025.98827464,"avg":10056.685072934635,"min":48.213839,"med":10950.805124,"max":12443.220319,"p(90)":11510.4335536,"p(95)":11670.469795599998}},"http_req_receiving":{"type":"trend","contains":"time","values":{"avg":0.19679305841519829,"min":0.029958,"med":0.13816450000000002,"max":32.462678,"p(90)":0.2682726,"p(95)":0.3840448999999997,"p(99)":0.9045508899999938}},"http_req_duration":{"contains":"time","values":{"avg":9909.975298432699,"min":22.760748,"med":10787.3544215,"max":13488.748963,"p(90)":11382.153917200001,"p(95)":11556.16466265,"p(99)":11911.67853617},"thresholds":{"p(95)<3000":{"ok":false}},"type":"trend"},"gradebook_duration":{"type":"trend","contains":"time","values":{"p(99)":11655.09075515,"avg":9698.120037790346,"min":22.760748,"med":10606.207581,"max":12827.112703,"p(90)":11097.5397128,"p(95)":11276.96953665}},"errors":{"type":"rate","contains":"default","values":{"fails":0,"rate":0,"passes":0},"thresholds":{"rate<0.10":{"ok":true}}},"http_req_tls_handshaking":{"type":"trend","contains":"time","values":{"max":0,"p(90)":0,"p(95)":0,"p(99)":0,"avg":0,"min":0,"med":0}},"vus_max":{"contains":"default","values":{"value":750,"min":750,"max":750},"type":"gauge"},"vus":{"type":"gauge","contains":"default","values":{"value":13,"min":7,"max":750}},"iteration_duration":{"type":"trend","contains":"time","values":{"avg":12764.070698332422,"min":376.00194,"med":11781.684977500001,"max":24792.501327,"p(90)":22678.932769900002,"p(95)":23193.042734,"p(99)":23785.05085477}},"data_sent":{"type":"counter","contains":"data","values":{"count":4670185,"rate":11943.607788366035}},"submit_assignment_duration":{"type":"trend","contains":"time","values":{"p(90)":11442.8764305,"p(95)":11611.889602,"p(99)":11953.2987363,"avg":10011.77803126163,"min":48.818433,"med":10899.6295865,"max":12953.177981}},"http_req_blocked":{"type":"trend","contains":"time","values":{"avg":0.02893159235203388,"min":0.003313,"med":0.010489499999999999,"max":45.62735,"p(90)":0.019638400000000004,"p(95)":0.030031399999999996,"p(99)":0.3806261399999997}},"http_req_waiting":{"contains":"time","values":{"min":22.508624,"med":10787.17698,"max":13488.604695,"p(90)":11381.8725385,"p(95)":11555.860129699999,"p(99)":11910.866622599999,"avg":9909.727742147512},"type":"trend"},"checks":{"values":{"rate":0.9998461932837734,"passes":39004,"fails":6},"type":"rate","contains":"default"},"data_received":{"type":"counter","contains":"data","values":{"count":92975872,"rate":237778.0214165656}},"http_req_connecting":{"type":"trend","contains":"time","values":{"p(95)":0,"p(99)":0.25339042999999994,"avg":0.011837863927904518,"min":0,"med":0,"max":24.166493,"p(90)":0}}},"root_group":{"name":"","path":"","id":"d41d8cd98f00b204e9800998ecf8427e","groups":[],"checks":[{"passes":4135,"fails":0,"name":"[assignment-detail] status 200","path":"::[assignment-detail] status 200","id":"e710e6c64d866e8aa495eeee12857a96"},{"path":"::[assignment-detail] success","id":"2eca0bd45992b6c1691069c6af81d1ee","passes":4135,"fails":0,"name":"[assignment-detail] success"},{"passes":4056,"fails":6,"name":"[quiz-attempt] start 201","path":"::[quiz-attempt] start 201","id":"18f54229dcbc1aba2aecf8a61f0db771"},{"name":"[submit-assignment] status 201 or 400","path":"::[submit-assignment] status 201 or 400","id":"c6b8e5b4b95e1cad4532c36b70154d08","passes":6196,"fails":0},{"name":"[quiz-attempt] submit 200","path":"::[quiz-attempt] submit 200","id":"3aac290b0fb83ec96bbf8f19a1813a81","passes":4056,"fails":0},{"id":"6398ec5c83f0a8abdc14be5794d5070f","passes":4056,"fails":0,"name":"[quiz-attempt] success","path":"::[quiz-attempt] success"},{"path":"::[gradebook] status 200","id":"9186de991ebaa0ed414ff11baa5503d0","passes":4212,"fails":0,"name":"[gradebook] status 200"},{"id":"a15a69867e50cddaa06c049f7cde480d","passes":4212,"fails":0,"name":"[gradebook] success","path":"::[gradebook] success"},{"name":"[grade-submission] status 200","path":"::[grade-submission] status 200","id":"0b00b1c9fc4243dfcbcade089d53f4c1","passes":1973,"fails":0},{"fails":0,"name":"[grade-submission] success","path":"::[grade-submission] success","id":"dc7c3576ea1686ed510a59cbde26957e","passes":1973}]}}