{"metrics":{"http_req_waiting":{"type":"trend","contains":"time","values":{"p(95)":17705.265335399992,"p(99)":20674.90264723999,"avg":13093.48069388351,"min":22.758711,"med":13573.585264,"max":24018.965906,"p(90)":15719.914566600002}},"gradebook_duration":{"contains":"time","values":{"avg":17704.112684487427,"min":344.53772,"med":18333.571013,"max":24050.458399,"p(90)":20973.516327999998,"p(95)":21655.819476599998,"p(99)":22688.2066076},"type":"trend"},"http_reqs":{"type":"counter","contains":"default","values":{"rate":64.64923339932125,"count":25457}},"http_req_sending":{"contains":"time","values":{"avg":0.032932480732215205,"min":0.005118,"med":0.02759,"max":16.626673,"p(90)":0.042424,"p(95)":0.06371299999999974,"p(99)":0.14104359999999982},"type":"trend"},"http_req_receiving":{"contains":"time","values":{"p(90)":3.0528600000000052,"p(95)":21.48191779999991,"p(99)":77.59797055999951,"avg":3.9258662294850386,"min":0.015343,"med":0.10053,"max":1606.217989},"type":"trend"},"submit_quiz_duration":{"type":"trend","contains":"time","values":{"avg":12965.292140061014,"min":68.504003,"med":13857.212129,"max":16978.167567,"p(90)":15663.3896912,"p(95)":16028.080291099992,"p(99)":16570.329838359998}},"vus":{"type":"gauge","contains":"default","values":{"value":1,"min":1,"max":1000}},"errors":{"type":"rate","contains":"default","values":{"rate":1,"passes":976,"fails":0}},"http_req_failed{ef:1}":{"type":"rate","contains":"default","values":{"passes":2063,"fails":0,"rate":1},"thresholds":{"rate<1.01":{"ok":true}}},"http_req_connecting":{"contains":"time","values":{"min":0,"med":0,"max":1040.183001,"p(90)":0,"p(95)":0,"p(99)":2.0395037199999786,"avg":0.3551172453156306},"type":"trend"},"data_received":{"type":"counter","contains":"data","values":{"count":1605774138,"rate":4077937.975179946}},"cascade_read_duration":{"type":"trend","contains":"time","values":{"med":13590.321605000001,"max":16555.315887,"p(90)":15209.146994,"p(95)":15573.05842825,"p(99)":16075.57649524,"avg":12466.761794929635,"min":41.591271}},"user_grades_duration":{"type":"trend","contains":"time","values":{"avg":12758.33321485927,"min":22.916687,"med":13455.1188615,"max":17304.154392,"p(90)":15208.082452999999,"p(95)":15637.3330635,"p(99)":16195.870753299998}},"grade_submission_duration":{"type":"trend","contains":"time","values":{"max":16360.127442,"p(90)":15216.2058282,"p(95)":15516.7202073,"p(99)":16049.05112958,"avg":12582.428333332391,"min":38.825916,"med":13493.558986}},"marker_grade_duration":{"type":"trend","contains":"time","values":{"avg":12761.5583978791,"min":78.684845,"med":13531.530026,"max":16547.837838,"p(90)":15179.1855733,"p(95)":15490.14460785,"p(99)":16141.01146462}},"submit_assignment_duration":{"contains":"time","values":{"avg":12740.662419889959,"min":33.125151,"med":13467.399055,"max":16673.214043,"p(90)":15112.026045499999,"p(95)":15411.95031475,"p(99)":15975.78450095},"type":"trend"},"http_req_duration":{"type":"trend","contains":"time","values":{"avg":13097.439492593685,"min":22.916687,"med":13574.462689,"max":24050.458399,"p(90)":15723.4012428,"p(95)":17741.349372999994,"p(99)":20722.415805999997}},"http_req_tls_handshaking":{"type":"trend","contains":"time","values":{"p(99)":0,"avg":0,"min":0,"med":0,"max":0,"p(90)":0,"p(95)":0}},"read_activity_duration":{"type":"trend","contains":"time","values":{"p(99)":16069.21005555,"avg":12611.726249023268,"min":56.221677,"med":13422.670582499999,"max":16648.480343,"p(90)":15052.110443000001,"p(95)":15471.1301144}},"http_req_failed":{"thresholds":{"rate<0.15":{"ok":true}},"type":"rate","contains":"default","values":{"rate":0.119377774286051,"passes":3039,"fails":22418}},"grade_update_duration":{"contains":"time","values":{"min":27.785347,"med":13281.44791,"max":16942.948194,"p(90)":14940.706838,"p(95)":15255.535987,"p(99)":15806.694137999999,"avg":12452.781436229678},"type":"trend"},"iterations":{"type":"counter","contains":"default","values":{"count":20822,"rate":52.878435708868565}},"http_req_duration{expected_response:true}":{"type":"trend","contains":"time","values":{"min":22.916687,"med":13628.278579,"max":24050.458399,"p(90)":15887.998320499999,"p(95)":18112.009639,"p(99)":20907.389882059993,"avg":13149.859022345705}},"data_sent":{"type":"counter","contains":"data","values":{"count":5615699,"rate":14261.328332141844}},"checks":{"type":"rate","contains":"default","values":{"rate":0.9616608398475861,"passes":24481,"fails":976}},"material_download_duration":{"type":"trend","contains":"time","values":{"p(90)":15068.6202494,"p(95)":15435.6249356,"p(99)":16014.37065384,"avg":12653.11005031736,"min":35.124481,"med":13411.280059,"max":16397.085072}},"http_req_blocked":{"type":"trend","contains":"time","values":{"med":0.00658,"max":1040.2767,"p(90)":0.009284,"p(95)":0.021944999999999826,"p(99)":2.100215239999968,"avg":0.36552896177868544,"min":0.001412}},"vus_max":{"type":"gauge","contains":"default","values":{"max":1000,"value":1000,"min":1000}},"course_structure_duration":{"type":"trend","contains":"time","values":{"avg":12846.39119638029,"min":56.815726,"med":13625.184413,"max":16578.761366,"p(90)":15305.0729952,"p(95)":15613.9983012,"p(99)":16230.467831}},"iteration_duration":{"values":{"med":14815.9215085,"max":48305.217539,"p(90)":28398.878243900006,"p(95)":32136.090391800004,"p(99)":43442.717314020025,"avg":16911.318169485596,"min":347.004328},"type":"trend","contains":"time"}},"root_group":{"name":"","path":"","id":"d41d8cd98f00b204e9800998ecf8427e","groups":[],"checks":[{"id":"9f2134ec9c516bc3787570bcbc5bc9e6","passes":2093,"fails":0,"name":"[wh-structure] status 200","path":"::[wh-structure] status 200"},{"id":"bc382dfba4db61bcda740eb7d13cbecd","passes":2475,"fails":597,"name":"[wh-quiz] start 201","path":"::[wh-quiz] start 201"},{"passes":2475,"fails":0,"name":"[wh-quiz] submit 200","path":"::[wh-quiz] submit 200","id":"4963f6adfea6303590e8a8e9c12d47a1"},{"name":"[wh-material-dl] status 200","path":"::[wh-material-dl] status 200","id":"182e87b5d3b46cf8a10f81893f31e347","passes":1087,"fails":0},{"name":"[wh-gradebook] status 200","path":"::[wh-gradebook] status 200","id":"04f91da34414db0af1a48a98d41fa661","passes":2105,"fails":0},{"passes":1034,"fails":0,"name":"[wh-marker-grade] status 200","path":"::[wh-marker-grade] status 200","id":"549ffdbc72b97a1cd0f05b844dbb0567"},{"fails":379,"name":"[wh-submit] status 201","path":"::[wh-submit] status 201","id":"49f223985d533388331178bd3e8d6a64","passes":3737},{"name":"[wh-user-grades] status 200","path":"::[wh-user-grades] status 200","id":"827cabf91007e26e21b96eb0eaac2825","passes":1066,"fails":0},{"path":"::[wh-activity] status 200","id":"aed3f8824d0bcca89ac7d3b2bf25119a","passes":988,"fails":0,"name":"[wh-activity] status 200"},{"fails":0,"name":"[wh-grade-update] status 200","path":"::[wh-grade-update] status 200","id":"e1c3184baa8417c6f8c9c7cd82501965","passes":1059},{"name":"[wh-grade] status 200","path":"::[wh-grade] status 200","id":"747a63480c5228e4182e0b619fd4205c","passes":1059,"fails":0},{"name":"[wh-grade-unauth] status 403","path":"::[wh-grade-unauth] status 403","id":"b9f37e7e4ff322953440a920c2825184","passes":1024,"fails":0},{"path":"::[wh-cf-non-enrolled] status 403","id":"6a9d912d2aeb5ec6cb64307cca9056b8","passes":771,"fails":0,"name":"[wh-cf-non-enrolled] status 403"},{"id":"6cf217efe14ab595b837401653c393f9","passes":1080,"fails":0,"name":"[wh-cascade-pre] status 200","path":"::[wh-cascade-pre] status 200"},{"name":"[wh-cascade-write] status 200","path":"::[wh-cascade-write] status 200","id":"9791881937dbec10111f5684ec5d2a68","passes":1080,"fails":0},{"path":"::[wh-cascade-post] status 200","id":"2eaa088a823153fd8e84cbe4e79e632d","passes":1080,"fails":0,"name":"[wh-cascade-post] status 200"},{"name":"[wh-cf-locked-grade] status 403","path":"::[wh-cf-locked-grade] status 403","id":"a0d2cffa4f26fbeb7022bec9298a706e","passes":268,"fails":0}]},"options":{"summaryTrendStats":["avg","min","med","max","p(90)","p(95)","p(99)"],"summaryTimeUnit":"","noColor":false},