{"metrics":{"checks":{"type":"rate","contains":"default","values":{"passes":41211,"fails":654,"rate":0.9843783590111072}},"vus_max":{"type":"gauge","contains":"default","values":{"value":1500,"min":1267,"max":1500}},"http_req_tls_handshaking":{"type":"trend","contains":"time","values":{"avg":0,"min":0,"med":0,"max":0,"p(90)":0,"p(95)":0,"p(99)":0}},"data_received":{"contains":"data","values":{"count":96769623,"rate":240891.2668120279},"type":"counter"},"assignment_detail_duration":{"type":"trend","contains":"time","values":{"max":24029.944858,"p(90)":22431.030042,"p(95)":22719.597952999997,"p(99)":23040.98776,"avg":19348.108915421948,"min":0,"med":21629.018072500003}},"grade_submission_duration":{"values":{"min":0.167474,"med":21911.001224,"max":24733.358311,"p(90)":22770.926436,"p(95)":23043.82630215,"p(99)":23410.68532099,"avg":19407.969565178646},"type":"trend","contains":"time"},"http_req_sending":{"type":"trend","contains":"time","values":{"p(99)":0.20321711999999953,"avg":0.08355582247292737,"min":0,"med":0.067717,"max":31.365991,"p(90)":0.10873179999999999,"p(95)":0.12621349999999995}},"http_req_waiting":{"values":{"avg":19417.413861182435,"min":0,"med":21744.22423,"max":24879.883624,"p(90)":22637.00666,"p(95)":22902.7627941,"p(99)":23320.6019634},"type":"trend","contains":"time"},"http_reqs":{"type":"counter","contains":"default","values":{"count":26503,"rate":65.97464210767025}},"http_req_duration{expected_response:true}":{"type":"trend","contains":"time","values":{"med":21758.655767,"max":24880.025735,"p(90)":22644.2768785,"p(95)":22905.69941905,"p(99)":23324.19557251,"avg":19721.9858740306,"min":29.289594}},"http_req_receiving":{"type":"trend","contains":"time","values":{"p(90)":0.2647596,"p(95)":0.37460469999999957,"p(99)":0.9458018199999985,"avg":0.19908249635890277,"min":0,"med":0.142901,"max":62.915738}},"iteration_duration":{"type":"trend","contains":"time","values":{"max":47289.052854,"p(90)":44540.8116655,"p(95)":45261.900226750004,"p(99)":46049.5928304,"avg":24066.26685276624,"min":307.489123,"med":22781.8732965}},"vus":{"type":"gauge","contains":"default","values":{"value":35,"min":0,"max":1500}},"http_req_connecting":{"type":"trend","contains":"time","values":{"avg":0.21924835218654434,"min":0,"med":0.191951,"max":56.724386,"p(90)":0.27718519999999996,"p(95)":0.3531674999999996,"p(99)":0.9425681599999997}},"submit_assignment_duration":{"type":"trend","contains":"time","values":{"p(95)":22965.1301946,"p(99)":23349.7877046,"avg":19513.610189874995,"min":0,"med":21852.414961,"max":24213.262692,"p(90)":22717.0481996}},"http_req_duration":{"type":"trend","contains":"time","values":{"p(90)":22637.1871322,"p(95)":22902.922555499998,"p(99)":23320.83982466,"avg":19417.69649950109,"min":0,"med":21744.409491,"max":24880.025735},"thresholds":{"p(95)<3000":{"ok":false}}},"iterations":{"type":"counter","contains":"default","values":{"rate":55.21825873419392,"count":22182}},"data_sent":{"type":"counter","contains":"data","values":{"count":5027277,"rate":12514.538008946993}},"errors":{"type":"rate","contains":"default","values":{"rate":1,"passes":341,"fails":0},"thresholds":{"rate<0.10":{"ok":false}}},"http_req_failed":{"type":"rate","contains":"default","values":{"rate":0.015432215220918387,"passes":409,"fails":26094},"thresholds":{"rate<0.10":{"ok":true}}},"http_req_blocked":{"type":"trend","contains":"time","values":{"avg":0.30021359993208413,"min":0.003145,"med":0.274148,"max":56.887116,"p(90)":0.39201779999999997,"p(95)":0.48142619999999997,"p(99)":1.2023371799999993}},"gradebook_duration":{"type":"trend","contains":"time","values":{"avg":19287.393714062313,"min":0,"med":21540.3105765,"max":23779.252734,"p(90)":22354.03259,"p(95)":22650.4473948,"p(99)":22977.21712706}},"submit_quiz_duration":{"contains":"time","values":{"max":24880.025735,"p(90)":22843.939037199998,"p(95)":23136.1939258,"p(99)":23572.90970466,"avg":19646.434741434503,"min":0.149801,"med":21961.627187500002},"type":"trend"}},"root_group":{"name":"","path":"","id":"d41d8cd98f00b204e9800998ecf8427e","groups":[],"checks":[{"name":"[assignment-detail] status 200","path":"::[assignment-detail] status 200","id":"e710e6c64d866e8aa495eeee12857a96","passes":4419,"fails":77},{"fails":77,"name":"[assignment-detail] success","path":"::[assignment-detail] success","id":"2eca0bd45992b6c1691069c6af81d1ee","passes":4419},{"name":"[gradebook] status 200","path":"::[gradebook] status 200","id":"9186de991ebaa0ed414ff11baa5503d0","passes":4335,"fails":65},{"path":"::[gradebook] success","id":"a15a69867e50cddaa06c049f7cde480d","passes":4335,"fails":65,"name":"[gradebook] success"},{"fails":106,"name":"[submit-assignment] status 201 or 400","path":"::[submit-assignment] status 201 or 400","id":"c6b8e5b4b95e1cad4532c36b70154d08","passes":6643},{"name":"[quiz-attempt] start 201","path":"::[quiz-attempt] start 201","id":"18f54229dcbc1aba2aecf8a61f0db771","passes":4314,"fails":78},{"path":"::[grade-submission] status 200","id":"0b00b1c9fc4243dfcbcade089d53f4c1","passes":2143,"fails":35,"name":"[grade-submission] status 200"},{"name":"[grade-submission] success","path":"::[grade-submission] success","id":"dc7c3576ea1686ed510a59cbde26957e","passes":2143,"fails":35},{"passes":4230,"fails":58,"name":"[quiz-attempt] submit 200","path":"::[quiz-attempt] submit 200","id":"3aac290b0fb83ec96bbf8f19a1813a81"},{"name":"[quiz-attempt] success","path":"::[quiz-attempt] success","id":"6398ec5c83f0a8abdc14be5794d5070f","passes":4230,"fails":58}]},"options":{"summaryTimeUnit":"","noColor":false,"summaryTrendStats":["avg","min","med","max","p(90)","p(95)","p(99)"]},"state":{"testRunDurationMs":401714.949158,"isStdOutTTY":false,"isStdErrTTY":false}}