{"metrics":{"grade_update_duration":{"type":"trend","contains":"time","values":{"max":30867.813676,"p(90)":30000.0563301,"p(95)":30000.20253005,"p(99)":30006.24514491,"avg":26932.53055847463,"min":0.356758,"med":29999.306096}},"http_req_receiving":{"type":"trend","contains":"time","values":{"max":349.596292,"p(90)":0.1019238000000001,"p(95)":0.41178254999999536,"p(99)":18.706398300000078,"avg":0.6262256348872748,"min":0,"med":0}},"grade_submission_duration":{"type":"trend","contains":"time","values":{"avg":26683.690879382186,"min":0.775844,"med":29999.248446999998,"max":30531.77531,"p(90)":30000.0479062,"p(95)":30000.18339705,"p(99)":30011.207529889998}},"material_download_duration":{"values":{"avg":26910.133387923346,"min":0.868521,"med":29999.29194,"max":30897.797873,"p(90)":30000.1183084,"p(95)":30000.2659594,"p(99)":30022.49339316},"type":"trend","contains":"time"},"http_req_tls_handshaking":{"type":"trend","contains":"time","values":{"med":0,"max":0,"p(90)":0,"p(95)":0,"p(99)":0,"avg":0,"min":0}},"user_grades_duration":{"type":"trend","contains":"time","values":{"p(90)":30000.0986534,"p(95)":30000.2524605,"p(99)":30011.23048856,"avg":27095.507219227507,"min":0.779543,"med":29999.265392,"max":30841.233136}},"http_req_duration{expected_response:true}":{"values":{"p(90)":27183.159206800003,"p(95)":28495.432558799996,"p(99)":29664.52773516,"avg":15297.861389218147,"min":29.717267,"med":15005.00956,"max":29999.747383},"type":"trend","contains":"time"},"data_sent":{"type":"counter","contains":"data","values":{"count":5077330,"rate":12173.595596813557}},"http_req_blocked":{"type":"trend","contains":"time","values":{"max":1225.116661,"p(90)":16.163116800000008,"p(95)":35.13180094999994,"p(99)":134.34791640000026,"avg":9.225955852999576,"min":0.001693,"med":1.0534335}},"vus_max":{"type":"gauge","contains":"default","values":{"min":2000,"max":2000,"value":2000}},"http_req_duration":{"values":{"min":0,"med":29999.263604,"max":30903.993249,"p(90)":30000.1017318,"p(95)":30000.2718672,"p(99)":30009.197300660002,"avg":26702.95615769504},"type":"trend","contains":"time"},"data_received":{"contains":"data","values":{"rate":688725.6598660898,"count":287251817},"type":"counter"},"iterations":{"values":{"count":25037,"rate":60.029644115592454},"type":"counter","contains":"default"},"http_req_failed{ef:1}":{"type":"rate","contains":"default","values":{"passes":2426,"fails":0,"rate":1},"thresholds":{"rate<1.01":{"ok":true}}},"cascade_read_duration":{"contains":"time","values":{"p(90)":30000.992286,"p(95)":30001.115985,"p(99)":30001.23312645,"avg":19884.469453288464,"min":39.220681,"med":22359.0784605,"max":30006.090362},"type":"trend"},"http_req_sending":{"type":"trend","contains":"time","values":{"avg":0.09186123377913658,"min":0,"med":0.054392499999999996,"max":503.178833,"p(90)":0.09450430000000001,"p(95)":0.11376439999999999,"p(99)":0.2043950000000004}},"http_req_connecting":{"type":"trend","contains":"time","values":{"avg":9.15853317783723,"min":0,"med":0.9902625,"max":1225.052893,"p(90)":16.058497400000032,"p(95)":34.97316919999996,"p(99)":134.12456638000018}},"marker_grade_duration":{"type":"trend","contains":"time","values":{"p(99)":30015.753751639997,"avg":26931.37260795916,"min":0.232297,"med":29999.289078,"max":30902.023693,"p(90)":30000.100276,"p(95)":30000.2511266}},"submit_quiz_duration":{"type":"trend","contains":"time","values":{"avg":20037.31629287463,"min":0.144664,"med":23526.7951365,"max":30038.451797,"p(90)":30000.8345412,"p(95)":30001.022839700003,"p(99)":30001.214371500002}},"vus":{"type":"gauge","contains":"default","values":{"value":3,"min":3,"max":2000}},"iteration_duration":{"type":"trend","contains":"time","values":{"p(95)":31464.983248200002,"p(99)":55131.2176346799,"avg":28727.20390343902,"min":2.712222,"med":30761.718428,"max":79942.554313,"p(90)":31389.402191600002}},"checks":{"values":{"passes":5268,"fails":20902,"rate":0.20129919755445166},"type":"rate","contains":"default"},"http_reqs":{"type":"counter","contains":"default","values":{"count":26170,"rate":62.74616713284557}},"gradebook_duration":{"type":"trend","contains":"time","values":{"avg":27775.978478271772,"min":0,"med":29999.322448,"max":30794.257631,"p(90)":30000.124055,"p(95)":30000.270641,"p(99)":30004.3353009}},"submit_assignment_duration":{"type":"trend","contains":"time","values":{"min":0,"med":29999.2759555,"max":30641.18642,"p(90)":30000.056177,"p(95)":30000.20270475,"p(99)":30012.607636250003,"avg":26958.04926172393}},"errors":{"type":"rate","contains":"default","values":{"rate":1,"passes":20902,"fails":0}},"http_req_failed":{"type":"rate","contains":"default","values":{"rate":0.8160871226595339,"passes":21357,"fails":4813},"thresholds":{"rate<0.15":{"ok":false}}},"course_structure_duration":{"type":"trend","contains":"time","values":{"p(90)":30000.068315,"p(95)":30000.1987465,"p(99)":30010.1580417,"avg":26972.896006501775,"min":0.470394,"med":29999.27738,"max":30830.490689}},"http_req_waiting":{"contains":"time","values":{"avg":26702.238070826355,"min":0,"med":29999.2013625,"max":30903.949343,"p(90)":30000.0446729,"p(95)":30000.2215544,"p(99)":30009.131073800003},"type":"trend"},"read_activity_duration":{"type":"trend","contains":"time","values":{"p(99)":30014.78568725,"avg":26649.531887775083,"min":0.769639,"med":29999.266971,"max":30368.056309,"p(90)":30000.080448,"p(95)":30000.255526499997}}},"root_group":{"name":"","path":"","id":"d41d8cd98f00b204e9800998ecf8427e","groups":[],"checks":[{"path":"::[wh-submit] status 201","id":"49f223985d533388331178bd3e8d6a64","passes":913,"fails":4213,"name":"[wh-submit] status 201"},{"name":"[wh-marker-grade] status 200","path":"::[wh-marker-grade] status 200","id":"549ffdbc72b97a1cd0f05b844dbb0567","passes":233,"fails":1064},{"path":"::[wh-quiz] start 201","id":"bc382dfba4db61bcda740eb7d13cbecd","passes":694,"fails":3049,"name":"[wh-quiz] start 201"},{"name":"[wh-activity] status 200","path":"::[wh-activity] status 200","id":"aed3f8824d0bcca89ac7d3b2bf25119a","passes":245,"fails":991},{"name":"[wh-structure] status 200","path":"::[wh-structure] status 200","id":"9f2134ec9c516bc3787570bcbc5bc9e6","passes":476,"fails":2035},{"name":"[wh-grade-update] status 200","path":"::[wh-grade-update] status 200","id":"e1c3184baa8417c6f8c9c7cd82501965","passes":228,"fails":1014},{"name":"[wh-quiz] submit 200","path":"::[wh-quiz] submit 200","id":"4963f6adfea6303590e8a8e9c12d47a1","passes":441,"fails":253},{"path":"::[wh-grade] status 200","id":"747a63480c5228e4182e0b619fd4205c","passes":244,"fails":1046,"name":"[wh-grade] status 200"},{"name":"[wh-grade-unauth] status 403","path":"::[wh-grade-unauth] status 403","id":"b9f37e7e4ff322953440a920c2825184","passes":220,"fails":1009},{"name":"[wh-gradebook] status 200","path":"::[wh-gradebook] status 200","id":"04f91da34414db0af1a48a98d41fa661","passes":385,"fails":2121},{"name":"[wh-material-dl] status 200","path":"::[wh-material-dl] status 200","id":"182e87b5d3b46cf8a10f81893f31e347","passes":228,"fails":1011},{"name":"[wh-cascade-pre] status 200","path":"::[wh-cascade-pre] status 200","id":"6cf217efe14ab595b837401653c393f9","passes":234,"fails":1001},{"name":"[wh-cascade-write] status 200","path":"::[wh-cascade-write] status 200","id":"9791881937dbec10111f5684ec5d2a68","passes":156,"fails":78},{"fails":50,"name":"[wh-cascade-post] status 200","path":"::[wh-cascade-post] status 200","id":"2eaa088a823153fd8e84cbe4e79e632d","passes":106},{"name":"[wh-cf-non-enrolled] status 403","path":"::[wh-cf-non-enrolled] status 403","id":"6a9d912d2aeb5ec6cb64307cca9056b8","passes":181,"fails":733},{"name":"[wh-user-grades] status 200","path":"::[wh-user-grades] status 200","id":"827cabf91007e26e21b96eb0eaac2825","passes":230,"fails":1005},{"name":"[wh-cf-locked-grade] status 403","path":"::[wh-cf-locked-grade] status 403","id":"a0d2cffa4f26fbeb7022bec9298a706e","passes":54,"fails":229}]},"options":{"summaryTrendStats":["avg","min","med","max","p(90)","p(95)","p(99)"],"summaryTimeUnit":"","noColor":false},