{"state":{"isStdOutTTY":false,"isStdErrTTY":false,"testRunDurationMs":390949.984085},"metrics":{"http_req_tls_handshaking":{"type":"trend","contains":"time","values":{"avg":0,"min":0,"med":0,"max":0,"p(90)":0,"p(95)":0,"p(99)":0}},"submit_quiz_duration":{"contains":"time","values":{"avg":2817.339438841434,"min":45.249648,"med":3032.008506,"max":5020.537567,"p(90)":3534.607892,"p(95)":3680.743495,"p(99)":3965.691081},"type":"trend"},"data_sent":{"type":"counter","contains":"data","values":{"rate":12481.484073776235,"count":4879636}},"errors":{"type":"rate","contains":"default","values":{"rate":0,"passes":0,"fails":0},"thresholds":{"rate<0.10":{"ok":true}}},"http_req_blocked":{"type":"trend","contains":"time","values":{"p(95)":0.024208499999999977,"p(99)":0.20745255999999754,"avg":0.01822080590388666,"min":0.002828,"med":0.010633,"max":21.581995,"p(90)":0.0159956}},"http_req_sending":{"type":"trend","contains":"time","values":{"p(95)":0.07224234999999993,"p(99)":0.1441971399999996,"avg":0.0508321060440843,"min":0.009179,"med":0.03887,"max":32.19224,"p(90)":0.0599102}},"submit_assignment_duration":{"contains":"time","values":{"avg":2721.1471016400183,"min":29.248396,"med":2911.166946,"max":4916.080092,"p(90)":3395.1635396,"p(95)":3527.7696773,"p(99)":3799.8797954000006},"type":"trend"},"http_req_duration{expected_response:true}":{"type":"trend","contains":"time","values":{"min":18.383323,"med":2803.4563024999998,"max":5020.537567,"p(90)":3334.2369561,"p(95)":3483.7414608,"p(99)":3789.2370499099998,"avg":2622.4128755412903}},"assignment_detail_duration":{"type":"trend","contains":"time","values":{"max":4494.472643,"p(90)":3077.6730084,"p(95)":3184.0855681999997,"p(99)":3409.6833382799987,"avg":2470.5579597495985,"min":26.279041,"med":2672.737306}},"iteration_duration":{"type":"trend","contains":"time","values":{"max":9669.266662,"p(90)":6705.781116000001,"p(95)":7195.672497400001,"p(99)":7866.254110800003,"avg":4052.5457604724847,"min":349.976282,"med":3798.074644}},"http_req_connecting":{"type":"trend","contains":"time","values":{"min":0,"med":0,"max":7.623855,"p(90)":0,"p(95)":0,"p(99)":0,"avg":0.002841907547316767}},"data_received":{"values":{"rate":241507.6987942065,"count":94417431},"type":"counter","contains":"data"},"http_req_failed":{"type":"rate","contains":"default","values":{"rate":0,"passes":0,"fails":25678},"thresholds":{"rate<0.10":{"ok":true}}},"http_req_duration":{"values":{"med":2803.4563024999998,"max":5020.537567,"p(90)":3334.2369561,"p(95)":3483.7414608,"p(99)":3789.2370499099998,"avg":2622.4128755412903,"min":18.383323},"thresholds":{"p(95)<3000":{"ok":false}},"type":"trend","contains":"time"},"vus_max":{"contains":"default","values":{"value":250,"min":250,"max":250},"type":"gauge"},"http_reqs":{"type":"counter","contains":"default","values":{"count":25678,"rate":65.68103605400611}},"grade_submission_duration":{"type":"trend","contains":"time","values":{"avg":2762.6667066125638,"min":41.668317,"med":2986.008703,"max":4514.516337,"p(90)":3480.152015,"p(95)":3638.54277525,"p(99)":3935.413592679995}},"iterations":{"type":"counter","contains":"default","values":{"count":21377,"rate":54.679628776637145}},"gradebook_duration":{"type":"trend","contains":"time","values":{"max":3912.908894,"p(90)":3011.037729,"p(95)":3135.8416865,"p(99)":3351.128144200004,"avg":2413.140472350991,"min":18.383323,"med":2611.020536}},"http_req_waiting":{"contains":"time","values":{"p(99)":3789.05949136,"avg":2622.1678332380775,"min":17.97571,"med":2803.2192704999998,"max":5020.28278,"p(90)":3333.8917983,"p(95)":3483.5238612},"type":"trend"},"http_req_receiving":{"type":"trend","contains":"time","values":{"med":0.137729,"max":24.244155,"p(90)":0.2738441,"p(95)":0.40926124999999974,"p(99)":0.9171499999999986,"avg":0.1942101971726766,"min":0.025759}},"checks":{"type":"rate","contains":"default","values":{"rate":0.999729576910785,"passes":40666,"fails":11}},"vus":{"contains":"default","values":{"value":2,"min":2,"max":250},"type":"gauge"}},"root_group":{"checks":[{"fails":0,"name":"[assignment-detail] status 200","path":"::[assignment-detail] status 200","id":"e710e6c64d866e8aa495eeee12857a96","passes":4357},{"id":"2eca0bd45992b6c1691069c6af81d1ee","passes":4357,"fails":0,"name":"[assignment-detail] success","path":"::[assignment-detail] success"},{"name":"[grade-submission] status 200","path":"::[grade-submission] status 200","id":"0b00b1c9fc4243dfcbcade089d53f4c1","passes":2150,"fails":0},{"name":"[grade-submission] success","path":"::[grade-submission] success","id":"dc7c3576ea1686ed510a59cbde26957e","passes":2150,"fails":0},{"name":"[quiz-attempt] start 201","path":"::[quiz-attempt] start 201","id":"18f54229dcbc1aba2aecf8a61f0db771","passes":4301,"fails":11},{"name":"[quiz-attempt] submit 200","path":"::[quiz-attempt] submit 200","id":"3aac290b0fb83ec96bbf8f19a1813a81","passes":4301,"fails":0},{"name":"[quiz-attempt] success","path":"::[quiz-attempt] success","id":"6398ec5c83f0a8abdc14be5794d5070f","passes":4301,"fails":0},{"name":"[gradebook] status 200","path":"::[gradebook] status 200","id":"9186de991ebaa0ed414ff11baa5503d0","passes":4191,"fails":0},{"fails":0,"name":"[gradebook] success","path":"::[gradebook] success","id":"a15a69867e50cddaa06c049f7cde480d","passes":4191},{"id":"c6b8e5b4b95e1cad4532c36b70154d08","passes":6367,"fails":0,"name":"[submit-assignment] status 201 or 400","path":"::[submit-assignment] status 201 or 400"}],"name":"","path":"","id":"d41d8cd98f00b204e9800998ecf8427e","groups":[]},"options":{"summaryTrendStats":["avg","min","med","max","p(90)","p(95)","p(99)"],"summaryTimeUnit":"","noColor":false}}