{"metrics":{"data_sent":{"type":"counter","contains":"data","values":{"count":4858395,"rate":12440.713140460708}},"checks":{"type":"rate","contains":"default","values":{"passes":40158,"fails":5,"rate":0.999875507307721}},"iterations":{"type":"counter","contains":"default","values":{"count":21159,"rate":54.18107200814428}},"http_req_duration":{"thresholds":{"p(95)<3000":{"ok":false}},"type":"trend","contains":"time","values":{"p(99)":7828.46353406,"avg":6080.491523317999,"min":18.18973,"med":6517.005580999999,"max":10101.728302,"p(90)":7232.6867134,"p(95)":7432.31306665}},"vus_max":{"type":"gauge","contains":"default","values":{"value":500,"min":500,"max":500}},"errors":{"type":"rate","contains":"default","values":{"rate":0,"passes":0,"fails":0},"thresholds":{"rate<0.10":{"ok":true}}},"http_req_failed":{"type":"rate","contains":"default","values":{"rate":0,"passes":0,"fails":25474},"thresholds":{"rate<0.10":{"ok":true}}},"http_req_tls_handshaking":{"type":"trend","contains":"time","values":{"min":0,"med":0,"max":0,"p(90)":0,"p(95)":0,"p(99)":0,"avg":0}},"grade_submission_duration":{"type":"trend","contains":"time","values":{"avg":6275.3309477710645,"min":43.69099,"med":6687.4744085,"max":10101.728302,"p(90)":7382.5740772,"p(95)":7589.38468285,"p(99)":8016.126963289999}},"vus":{"type":"gauge","contains":"default","values":{"value":1,"min":1,"max":500}},"http_req_blocked":{"values":{"p(95)":0.02664289999999998,"p(99)":0.3629156700000002,"avg":0.022919732550836458,"min":0.003034,"med":0.0106745,"max":20.609621,"p(90)":0.017892300000000014},"type":"trend","contains":"time"},"http_req_waiting":{"type":"trend","contains":"time","values":{"p(99)":7828.27160223,"avg":6080.236736751629,"min":18.015397,"med":6516.756773,"max":10101.538985,"p(90)":7232.528046400001,"p(95)":7432.12996845}},"assignment_detail_duration":{"type":"trend","contains":"time","values":{"max":8680.87266,"p(90)":7012.946376,"p(95)":7196.777287000001,"p(99)":7522.4716726999995,"avg":5917.261371191978,"min":21.339557,"med":6362.113348}},"gradebook_duration":{"type":"trend","contains":"time","values":{"avg":5825.52127885706,"min":18.18973,"med":6277.190354,"max":8364.643093,"p(90)":6944.0949562,"p(95)":7124.8852554,"p(99)":7422.672373200002}},"submit_assignment_duration":{"type":"trend","contains":"time","values":{"p(95)":7480.369100799997,"p(99)":7866.3517004800005,"avg":6170.380954072708,"min":33.192105,"med":6603.78479,"max":8646.29449,"p(90)":7301.2531152}},"data_received":{"contains":"data","values":{"count":95904299,"rate":245578.60626729048},"type":"counter"},"http_req_connecting":{"contains":"time","values":{"min":0,"med":0,"max":20.470701,"p(90)":0,"p(95)":0,"p(99)":0.23875514000000003,"avg":0.007456822289393109},"type":"trend"},"http_req_receiving":{"type":"trend","contains":"time","values":{"med":0.138546,"max":64.631198,"p(90)":0.26486930000000003,"p(95)":0.38722809999999985,"p(99)":0.8845703000000004,"avg":0.20299536040668864,"min":0.028191}},"http_req_sending":{"type":"trend","contains":"time","values":{"avg":0.05179120597471969,"min":0.00835,"med":0.0386595,"max":51.505544,"p(90)":0.0612243,"p(95)":0.07806179999999993,"p(99)":0.1659375300000001}},"iteration_duration":{"type":"trend","contains":"time","values":{"p(99)":15619.724263139995,"avg":8223.564700945291,"min":349.383026,"med":7555.426946,"max":17423.683734,"p(90)":14212.067566400001,"p(95)":14801.6637741}},"http_reqs":{"type":"counter","contains":"default","values":{"count":25474,"rate":65.230333585494}},"http_req_duration{expected_response:true}":{"values":{"p(90)":7232.6867134,"p(95)":7432.31306665,"p(99)":7828.46353406,"avg":6080.491523317999,"min":18.18973,"med":6517.005580999999,"max":10101.728302},"type":"trend","contains":"time"},"submit_quiz_duration":{"type":"trend","contains":"time","values":{"max":8967.521413,"p(90)":7452.7355124,"p(95)":7636.3641691,"p(99)":8039.134562239999,"avg":6295.196384645878,"min":43.0971,"med":6726.936411}}},"root_group":{"groups":[],"checks":[{"name":"[assignment-detail] status 200","path":"::[assignment-detail] status 200","id":"e710e6c64d866e8aa495eeee12857a96","passes":4131,"fails":0},{"id":"2eca0bd45992b6c1691069c6af81d1ee","passes":4131,"fails":0,"name":"[assignment-detail] success","path":"::[assignment-detail] success"},{"name":"[quiz-attempt] start 201","path":"::[quiz-attempt] start 201","id":"18f54229dcbc1aba2aecf8a61f0db771","passes":4315,"fails":5},{"fails":0,"name":"[gradebook] status 200","path":"::[gradebook] status 200","id":"9186de991ebaa0ed414ff11baa5503d0","passes":4225},{"name":"[quiz-attempt] submit 200","path":"::[quiz-attempt] submit 200","id":"3aac290b0fb83ec96bbf8f19a1813a81","passes":4315,"fails":0},{"passes":4315,"fails":0,"name":"[quiz-attempt] success","path":"::[quiz-attempt] success","id":"6398ec5c83f0a8abdc14be5794d5070f"},{"name":"[gradebook] success","path":"::[gradebook] success","id":"a15a69867e50cddaa06c049f7cde480d","passes":4225,"fails":0},{"name":"[submit-assignment] status 201 or 400","path":"::[submit-assignment] status 201 or 400","id":"c6b8e5b4b95e1cad4532c36b70154d08","passes":6465,"fails":0},{"fails":0,"name":"[grade-submission] status 200","path":"::[grade-submission] status 200","id":"0b00b1c9fc4243dfcbcade089d53f4c1","passes":2018},{"name":"[grade-submission] success","path":"::[grade-submission] success","id":"dc7c3576ea1686ed510a59cbde26957e","passes":2018,"fails":0}],"name":"","path":"","id":"d41d8cd98f00b204e9800998ecf8427e"},"options":{"summaryTrendStats":["avg","min","med","max","p(90)","p(95)","p(99)"],"summaryTimeUnit":"","noColor":false},"state":{"isStdOutTTY":false,"isStdErrTTY":false,"testRunDurationMs":390523.834538}}