{"state":{"isStdOutTTY":false,"isStdErrTTY":false,"testRunDurationMs":419420.549488},"metrics":{"http_req_duration{expected_response:true}":{"contains":"time","values":{"p(95)":28706.1695204,"p(99)":29605.376748320003,"avg":14647.219584620558,"min":22.387539,"med":13976.423724,"max":29978.705509,"p(90)":27312.9062664},"type":"trend"},"submit_assignment_duration":{"type":"trend","contains":"time","values":{"p(99)":30002.95429416,"avg":26675.470137204018,"min":0.701169,"med":29998.991394,"max":30189.843706,"p(90)":29999.9394784,"p(95)":30000.10917435}},"http_req_duration":{"type":"trend","contains":"time","values":{"avg":26706.00223427263,"min":0,"med":29999.02941,"max":30189.843706,"p(90)":29999.950562899998,"p(95)":30000.1387985,"p(99)":30005.52349428}},"data_sent":{"type":"counter","contains":"data","values":{"rate":9910.811487597199,"count":4156798}},"vus_max":{"type":"gauge","contains":"default","values":{"value":2000,"min":2000,"max":2000}},"errors":{"type":"rate","contains":"default","values":{"rate":1,"passes":20424,"fails":0}},"quiz_detail_duration":{"type":"trend","contains":"time","values":{"p(95)":30000.13243945,"p(99)":30008.98567575,"avg":26905.213640266382,"min":0.650631,"med":29999.090838,"max":30060.530452,"p(90)":29999.978665}},"gradebook_duration":{"type":"trend","contains":"time","values":{"min":0.882274,"med":29999.129751,"max":30066.15636,"p(90)":30000.0228847,"p(95)":30000.20329605,"p(99)":30001.32299699,"avg":27733.42841110866}},"material_detail_duration":{"type":"trend","contains":"time","values":{"p(90)":29999.941630499998,"p(95)":30000.13543625,"p(99)":30004.56565775,"avg":26435.947243934243,"min":0,"med":29999.013287499998,"max":30152.362841}},"material_list_duration":{"type":"trend","contains":"time","values":{"max":30031.932578,"p(90)":29999.945088,"p(95)":30000.100899999998,"p(99)":30000.593847919998,"avg":26891.32659748137,"min":29.563822,"med":29999.034834}},"assignment_detail_duration":{"type":"trend","contains":"time","values":{"p(90)":29999.9403799,"p(95)":30000.12935595,"p(99)":30014.03507368,"avg":26502.84663988424,"min":0.780209,"med":29999.0028255,"max":30125.752967}},"course_completion_duration":{"contains":"time","values":{"med":29999.019055,"max":30010.658363,"p(90)":29999.866448,"p(95)":30000.0533132,"p(99)":30000.277541199997,"avg":26239.632677718106,"min":0.811987},"type":"trend"},"http_req_sending":{"type":"trend","contains":"time","values":{"p(90)":0.09383000000000001,"p(95)":0.11308014999999988,"p(99)":0.2092561,"avg":0.09124578014294606,"min":0,"med":0.054603,"max":378.401432}},"http_req_waiting":{"values":{"p(90)":29999.8940519,"p(95)":30000.08284995,"p(99)":30005.47022851,"avg":26704.905720417682,"min":0,"med":29998.9632425,"max":30189.776323},"type":"trend","contains":"time"},"http_reqs":{"type":"counter","contains":"default","values":{"count":25744,"rate":61.379920539006775}},"iteration_duration":{"type":"trend","contains":"time","values":{"p(95)":31902.9270255,"p(99)":31982.22804984,"avg":27954.184882921658,"min":511.217172,"med":31049.705934,"max":32139.859066,"p(90)":31807.1749484}},"http_req_receiving":{"type":"trend","contains":"time","values":{"p(90)":0.3148317000000002,"p(95)":1.0256088499999985,"p(99)":28.476001239999967,"avg":1.0052680746581721,"min":0,"med":0,"max":862.447847}},"http_req_tls_handshaking":{"type":"trend","contains":"time","values":{"max":0,"p(90)":0,"p(95)":0,"p(99)":0,"avg":0,"min":0,"med":0}},"user_grades_duration":{"type":"trend","contains":"time","values":{"p(90)":29999.9058425,"p(95)":30000.08832355,"p(99)":30000.93463267,"avg":27017.28297455926,"min":0.887522,"med":29999.005075,"max":30085.459497}},"start_attempt_duration":{"type":"trend","contains":"time","values":{"max":30094.753094,"p(90)":29999.975719,"p(95)":30000.189954,"p(99)":30011.6724642,"avg":26349.615481497884,"min":0.871077,"med":29999.010327}},"data_received":{"values":{"count":413875721,"rate":986779.7882226591},"type":"counter","contains":"data"},"iterations":{"contains":"default","values":{"count":25667,"rate":61.19633392148411},"type":"counter"},"http_req_connecting":{"type":"trend","contains":"time","values":{"avg":8.583897641741798,"min":0,"med":1.180478,"max":1164.623527,"p(90)":14.408302100000002,"p(95)":28.384961149999953,"p(99)":98.55368978999999}},"checks":{"type":"rate","contains":"default","values":{"fails":25831,"rate":0.20933578206305478,"passes":6839}},"course_structure_duration":{"type":"trend","contains":"time","values":{"p(90)":29999.929109,"p(95)":30000.126187,"p(99)":30004.430101,"avg":26484.051335115757,"min":0,"med":29999.004228,"max":30183.722541}},"http_req_failed":{"contains":"default","values":{"rate":0.8083825357364823,"passes":20811,"fails":4933},"thresholds":{"rate<0.05":{"ok":false}},"type":"rate"},"http_req_blocked":{"type":"trend","contains":"time","values":{"max":1164.692963,"p(90)":14.521012,"p(95)":28.565799449999997,"p(99)":98.70128358999996,"avg":8.662837147218827,"min":0.002404,"med":1.2455175}},"quiz_attempt_result_duration":{"type":"trend","contains":"time","values":{"p(90)":29999.972275,"p(95)":30000.171421,"p(99)":30016.259492,"avg":26877.544514666628,"min":37.978092,"med":29999.025749,"max":30142.364046}},"vus":{"type":"gauge","contains":"default","values":{"value":2,"min":2,"max":2000}}},"root_group":{"name":"","path":"","id":"d41d8cd98f00b204e9800998ecf8427e","groups":[],"checks":[{"fails":1611,"name":"[assignment-detail] status 200","path":"::[assignment-detail] status 200","id":"e710e6c64d866e8aa495eeee12857a96","passes":427},{"fails":1076,"name":"[user-grades] status 200","path":"::[user-grades] status 200","id":"9f3f9ad7deda827f2720eebbc1dd73e8","passes":258},{"name":"[course-structure] status 200","path":"::[course-structure] status 200","id":"45076dc5505a2dec22a1285b97bafbe7","passes":1401,"fails":5000},{"passes":1401,"fails":5000,"name":"[course-structure] has sections","path":"::[course-structure] has sections","id":"577857fc8e49dd358e9f4a98d4384892"},{"name":"[material] status 200","path":"::[material] status 200","id":"63f4ad05017bb4331bea0b8e36102285","passes":563,"fails":1963},{"path":"::[cf-prereq-locked] status 404","id":"02fa3bab31e2635b75b34d82dfe5a24b","passes":152,"fails":563,"name":"[cf-prereq-locked] status 404"},{"name":"[start-attempt] status 201","path":"::[start-attempt] status 201","id":"f990128b664d9d14e0bb6193e32639b6","passes":538,"fails":2043},{"name":"[submit-assignment] status 201","path":"::[submit-assignment] status 201","id":"ecafa50a3856224eba5597445d73435f","passes":537,"fails":2061},{"fails":407,"name":"[course-completion] status 200","path":"::[course-completion] status 200","id":"6021218ae7a89652ba95b72dd11a3df7","passes":118},{"name":"[course-completion] has progress","path":"::[course-completion] has progress","id":"31c5713011250a32de1229068e09d491","passes":118,"fails":407},{"fails":2622,"name":"[gradebook] status 200","path":"::[gradebook] status 200","id":"9186de991ebaa0ed414ff11baa5503d0","passes":526},{"name":"[material-list] status 200","path":"::[material-list] status 200","id":"0c8f8d2cbff40a8ee4a03aac96a829f5","passes":138,"fails":587},{"name":"[quiz-attempt-result] status 200","path":"::[quiz-attempt-result] status 200","id":"70625d2eb6b822427844d89e9447d306","passes":164,"fails":637},{"name":"[cf-non-enrolled] status 403","path":"::[cf-non-enrolled] status 403","id":"74e7493c763b9162227e2b80a7db0818","passes":235,"fails":803},{"name":"[quiz-detail] status 200","path":"::[quiz-detail] status 200","id":"917c623bb77fd0f4c30b55655ab512f2","passes":263,"fails":1051}]},"options":{"summaryTrendStats":["avg","min","med","max","p(90)","p(95)","p(99)"],"summaryTimeUnit":"","noColor":false}}