{"state":{"isStdOutTTY":false,"isStdErrTTY":false,"testRunDurationMs":391469.905003},"metrics":{"start_attempt_duration":{"type":"trend","contains":"time","values":{"p(99)":3091.5720730000007,"avg":1985.743894446265,"min":21.309847,"med":2138.641858,"max":3638.901999,"p(90)":2679.2752166,"p(95)":2832.05228}},"quiz_attempt_result_duration":{"values":{"p(95)":3114.09495055,"p(99)":3448.497462450003,"avg":2252.648681645954,"min":34.276643,"med":2436.9496515,"max":4070.622214,"p(90)":2950.8110855},"type":"trend","contains":"time"},"quiz_detail_duration":{"type":"trend","contains":"time","values":{"min":31.986228,"med":2270.743872,"max":3703.848061,"p(90)":2816.9390362000004,"p(95)":2963.9150971999998,"p(99)":3442.8665561199996,"avg":2113.206060235667}},"errors":{"values":{"rate":1,"passes":502,"fails":0},"type":"rate","contains":"default"},"vus_max":{"type":"gauge","contains":"default","values":{"min":250,"max":250,"value":250}},"material_list_duration":{"type":"trend","contains":"time","values":{"med":2182.0769295,"max":3345.546827,"p(90)":2725.5446288000003,"p(95)":2846.88348165,"p(99)":3174.1011395899995,"avg":1990.904385254547,"min":29.836246}},"course_structure_duration":{"type":"trend","contains":"time","values":{"max":4074.476243,"p(90)":2853.437662,"p(95)":3031.9732405,"p(99)":3379.8408707000003,"avg":2149.6235453859986,"min":30.920805,"med":2305.130196}},"http_reqs":{"type":"counter","contains":"default","values":{"rate":58.16539077205821,"count":22770}},"gradebook_duration":{"values":{"max":10839.522277,"p(90)":8265.2920164,"p(95)":8705.01478,"p(99)":9553.946060400001,"avg":6243.823332158087,"min":166.516589,"med":6491.854013},"type":"trend","contains":"time"},"http_req_duration":{"type":"trend","contains":"time","values":{"avg":2550.10345911568,"min":12.111931,"med":2249.2042625,"max":10839.522277,"p(90)":5145.108036100001,"p(95)":6843.4856285,"p(99)":8417.269928930004}},"http_req_duration{expected_response:true}":{"type":"trend","contains":"time","values":{"avg":2615.917909938493,"min":12.111931,"med":2283.2809465,"max":10839.522277,"p(90)":5515.7641845,"p(95)":6979.9519715,"p(99)":8456.719587599997}},"http_req_waiting":{"type":"trend","contains":"time","values":{"min":12.000353,"med":2248.4424565,"max":10804.275551,"p(90)":5112.310021600003,"p(95)":6809.189020049998,"p(99)":8355.704974160004,"avg":2544.6250092037985}},"checks":{"values":{"rate":0.9826327624978377,"passes":28403,"fails":502},"type":"rate","contains":"default"},"http_req_receiving":{"type":"trend","contains":"time","values":{"p(90)":15.794857000000038,"p(95)":32.409558149999995,"p(99)":86.41597250000075,"avg":5.4491863461133185,"min":0.014473,"med":0.3209685,"max":533.920902}},"http_req_blocked":{"contains":"time","values":{"avg":0.07230920535792829,"min":0.002243,"med":0.0068,"max":113.194044,"p(90)":0.008784,"p(95)":0.010255549999999999,"p(99)":0.9278029300000027},"type":"trend"},"submit_assignment_duration":{"type":"trend","contains":"time","values":{"p(95)":2882.98820425,"p(99)":3227.7074415499987,"avg":2047.6147811079782,"min":26.712005,"med":2205.660066,"max":3731.778072,"p(90)":2739.259803}},"data_received":{"type":"counter","contains":"data","values":{"count":2152941856,"rate":5499635.676932818}},"vus":{"type":"gauge","contains":"default","values":{"min":1,"max":250,"value":1}},"http_req_tls_handshaking":{"type":"trend","contains":"time","values":{"p(95)":0,"p(99)":0,"avg":0,"min":0,"med":0,"max":0,"p(90)":0}},"http_req_connecting":{"type":"trend","contains":"time","values":{"max":113.100041,"p(90)":0,"p(95)":0,"p(99)":0.8578625000000003,"avg":0.0640381856389987,"min":0,"med":0}},"http_req_failed":{"contains":"default","values":{"passes":2024,"fails":20746,"rate":0.08888888888888889},"thresholds":{"rate<0.05":{"ok":false}},"type":"rate"},"course_completion_duration":{"type":"trend","contains":"time","values":{"min":12.111931,"med":2033.603414,"max":3185.188179,"p(90)":2527.489735,"p(95)":2676.8194329000003,"p(99)":3048.6197423500003,"avg":1820.7581826357757}},"data_sent":{"contains":"data","values":{"count":3676681,"rate":9391.98889368475},"type":"counter"},"iteration_duration":{"contains":"time","values":{"med":3516.9050825,"max":12597.833731,"p(90)":6308.6115638,"p(95)":8085.96374125,"p(99)":9738.282227470008,"avg":3804.5773953774833,"min":537.317595},"type":"trend"},"iterations":{"type":"counter","contains":"default","values":{"count":22770,"rate":58.16539077205821}},"assignment_detail_duration":{"type":"trend","contains":"time","values":{"avg":1915.1403640499982,"min":21.468378,"med":2073.8576595000004,"max":3580.62445,"p(90)":2562.9966458999997,"p(95)":2714.0781929,"p(99)":3077.9607685100013}},"http_req_sending":{"type":"trend","contains":"time","values":{"min":0.005779,"med":0.026299,"max":10.962336,"p(90)":0.03775900000000002,"p(95)":0.043721949999999996,"p(99)":0.11063679000000066,"avg":0.029263565788317795}},"user_grades_duration":{"type":"trend","contains":"time","values":{"med":2338.9831354999997,"max":4092.042986,"p(90)":2960.8161905,"p(95)":3187.76086145,"p(99)":3619.1540562100045,"avg":2198.361495391379,"min":25.865001}},"material_detail_duration":{"type":"trend","contains":"time","values":{"avg":1887.179809198932,"min":20.15018,"med":2042.371929,"max":3469.895794,"p(90)":2571.0662044,"p(95)":2694.4148531,"p(99)":3013.272520520006}}},"root_group":{"name":"","path":"","id":"d41d8cd98f00b204e9800998ecf8427e","groups":[],"checks":[{"id":"63f4ad05017bb4331bea0b8e36102285","passes":2242,"fails":0,"name":"[material] status 200","path":"::[material] status 200"},{"fails":134,"name":"[submit-assignment] status 201","path":"::[submit-assignment] status 201","id":"ecafa50a3856224eba5597445d73435f","passes":2172},{"name":"[course-structure] status 200","path":"::[course-structure] status 200","id":"45076dc5505a2dec22a1285b97bafbe7","passes":5671,"fails":0},{"passes":5671,"fails":0,"name":"[course-structure] has sections","path":"::[course-structure] has sections","id":"577857fc8e49dd358e9f4a98d4384892"},{"name":"[start-attempt] status 201","path":"::[start-attempt] status 201","id":"f990128b664d9d14e0bb6193e32639b6","passes":1949,"fails":368},{"name":"[cf-prereq-locked] status 404","path":"::[cf-prereq-locked] status 404","id":"02fa3bab31e2635b75b34d82dfe5a24b","passes":598,"fails":0},{"name":"[quiz-detail] status 200","path":"::[quiz-detail] status 200","id":"917c623bb77fd0f4c30b55655ab512f2","passes":1099,"fails":0},{"name":"[cf-non-enrolled] status 403","path":"::[cf-non-enrolled] status 403","id":"74e7493c763b9162227e2b80a7db0818","passes":924,"fails":0},{"path":"::[user-grades] status 200","id":"9f3f9ad7deda827f2720eebbc1dd73e8","passes":1160,"fails":0,"name":"[user-grades] status 200"},{"name":"[gradebook] status 200","path":"::[gradebook] status 200","id":"9186de991ebaa0ed414ff11baa5503d0","passes":2777,"fails":0},{"fails":0,"name":"[material-list] status 200","path":"::[material-list] status 200","id":"0c8f8d2cbff40a8ee4a03aac96a829f5","passes":660},{"path":"::[quiz-attempt-result] status 200","id":"70625d2eb6b822427844d89e9447d306","passes":692,"fails":0,"name":"[quiz-attempt-result] status 200"},{"passes":1860,"fails":0,"name":"[assignment-detail] status 200","path":"::[assignment-detail] status 200","id":"e710e6c64d866e8aa495eeee12857a96"},{"name":"[course-completion] status 200","path":"::[course-completion] status 200","id":"6021218ae7a89652ba95b72dd11a3df7","passes":464,"fails":0},{"path":"::[course-completion] has progress","id":"31c5713011250a32de1229068e09d491","passes":464,"fails":0,"name":"[course-completion] has progress"}]},"options":{"summaryTrendStats":["avg","min","med","max","p(90)","p(95)","p(99)"],"summaryTimeUnit":"","noColor":false}}