{"options":{"summaryTrendStats":["avg","min","med","max","p(90)","p(95)","p(99)"],"summaryTimeUnit":"","noColor":false},"state":{"isStdErrTTY":false,"testRunDurationMs":395201.552565,"isStdOutTTY":false},"metrics":{"errors":{"type":"rate","contains":"default","values":{"rate":0,"passes":0,"fails":0},"thresholds":{"rate<0.10":{"ok":true}}},"vus_max":{"type":"gauge","contains":"default","values":{"value":1000,"min":1000,"max":1000}},"iteration_duration":{"type":"trend","contains":"time","values":{"p(90)":31864.297818,"p(95)":32588.027635500002,"p(99)":33485.0601175,"avg":17678.00739931349,"min":457.610237,"med":16380.629439,"max":35036.544148}},"http_reqs":{"contains":"default","values":{"count":23988,"rate":60.69814211080211},"type":"counter"},"grade_submission_duration":{"type":"trend","contains":"time","values":{"max":18353.334488,"p(90)":16353.855672200001,"p(95)":16559.6813257,"p(99)":16904.6020077,"avg":14196.82378326148,"min":44.578935,"med":15475.878089}},"checks":{"type":"rate","contains":"default","values":{"passes":38028,"fails":5,"rate":0.9998685352194148}},"submit_quiz_duration":{"type":"trend","contains":"time","values":{"avg":14248.53306058524,"min":60.425883,"med":15557.339022,"max":17673.416351,"p(90)":16478.901954599998,"p(95)":16701.408885599998,"p(99)":17051.87510204}},"http_req_duration{expected_response:true}":{"type":"trend","contains":"time","values":{"avg":13969.58167626356,"min":22.680819,"med":15322.0351275,"max":18353.334488,"p(90)":16214.428977399999,"p(95)":16447.52931615,"p(99)":16844.40511647}},"http_req_tls_handshaking":{"contains":"time","values":{"p(95)":0,"p(99)":0,"avg":0,"min":0,"med":0,"max":0,"p(90)":0},"type":"trend"},"http_req_duration":{"thresholds":{"p(95)<3000":{"ok":false}},"type":"trend","contains":"time","values":{"avg":13969.58167626356,"min":22.680819,"med":15322.0351275,"max":18353.334488,"p(90)":16214.428977399999,"p(95)":16447.52931615,"p(99)":16844.40511647}},"http_req_connecting":{"type":"trend","contains":"time","values":{"p(99)":0.25315763000000013,"avg":0.013429585125896265,"min":0,"med":0,"max":26.004642,"p(90)":0,"p(95)":0}},"vus":{"values":{"value":30,"min":5,"max":1000},"type":"gauge","contains":"default"},"assignment_detail_duration":{"values":{"avg":13810.577188586061,"min":51.965979,"med":15169.2775055,"max":17075.978601,"p(90)":16007.590201,"p(95)":16192.49489755,"p(99)":16543.185713540002},"type":"trend","contains":"time"},"data_received":{"type":"counter","contains":"data","values":{"count":91053497,"rate":230397.6196678128}},"iterations":{"type":"counter","contains":"default","values":{"count":19971,"rate":50.53370835813027}},"http_req_waiting":{"type":"trend","contains":"time","values":{"max":18353.048007,"p(90)":16214.2648689,"p(95)":16447.287723449997,"p(99)":16844.20873223,"avg":13969.326128618968,"min":22.175944,"med":15321.8522815}},"submit_assignment_duration":{"type":"trend","contains":"time","values":{"p(95)":16491.387647,"p(99)":16867.8388822,"avg":14025.19490595659,"min":54.400084,"med":15409.547951,"max":17628.366424,"p(90)":16273.994277}},"http_req_blocked":{"type":"trend","contains":"time","values":{"p(90)":0.021673599999999998,"p(95)":0.040642649999999995,"p(99)":0.38423078000000044,"avg":0.030049965941304085,"min":0.003176,"med":0.0107265,"max":26.111838}},"http_req_failed":{"thresholds":{"rate<0.10":{"ok":true}},"type":"rate","contains":"default","values":{"fails":23988,"rate":0,"passes":0}},"http_req_receiving":{"type":"trend","contains":"time","values":{"med":0.144235,"max":62.577417,"p(90)":0.27269259999999995,"p(95)":0.3824946499999996,"p(99)":0.8796955800000011,"avg":0.20085722340336754,"min":0.029997}},"data_sent":{"type":"counter","contains":"data","values":{"count":4555893,"rate":11528.024043505444}},"http_req_sending":{"type":"trend","contains":"time","values":{"p(90)":0.06842419999999999,"p(95)":0.09399549999999998,"p(99)":0.16499848000000092,"avg":0.054690421168917806,"min":0.009809,"med":0.0403575,"max":26.481906}},"gradebook_duration":{"type":"trend","contains":"time","values":{"med":15122.124313,"max":16872.006693,"p(90)":15960.595603,"p(95)":16142.586119,"p(99)":16493.412781,"avg":13693.682276567353,"min":22.680819}}},"root_group":{"name":"","path":"","id":"d41d8cd98f00b204e9800998ecf8427e","groups":[],"checks":[{"name":"[gradebook] status 200","path":"::[gradebook] status 200","id":"9186de991ebaa0ed414ff11baa5503d0","passes":4061,"fails":0},{"name":"[gradebook] success","path":"::[gradebook] success","id":"a15a69867e50cddaa06c049f7cde480d","passes":4061,"fails":0},{"name":"[assignment-detail] status 200","path":"::[assignment-detail] status 200","id":"e710e6c64d866e8aa495eeee12857a96","passes":3940,"fails":0},{"name":"[assignment-detail] success","path":"::[assignment-detail] success","id":"2eca0bd45992b6c1691069c6af81d1ee","passes":3940,"fails":0},{"id":"0b00b1c9fc4243dfcbcade089d53f4c1","passes":2027,"fails":0,"name":"[grade-submission] status 200","path":"::[grade-submission] status 200"},{"passes":2027,"fails":0,"name":"[grade-submission] success","path":"::[grade-submission] success","id":"dc7c3576ea1686ed510a59cbde26957e"},{"passes":5921,"fails":0,"name":"[submit-assignment] status 201 or 400","path":"::[submit-assignment] status 201 or 400","id":"c6b8e5b4b95e1cad4532c36b70154d08"},{"passes":4017,"fails":5,"name":"[quiz-attempt] start 201","path":"::[quiz-attempt] start 201","id":"18f54229dcbc1aba2aecf8a61f0db771"},{"fails":0,"name":"[quiz-attempt] submit 200","path":"::[quiz-attempt] submit 200","id":"3aac290b0fb83ec96bbf8f19a1813a81","passes":4017},{"name":"[quiz-attempt] success","path":"::[quiz-attempt] success","id":"6398ec5c83f0a8abdc14be5794d5070f","passes":4017,"fails":0}]}}