{"options":{"summaryTrendStats":["avg","min","med","max","p(90)","p(95)","p(99)"],"summaryTimeUnit":"","noColor":false},"state":{"isStdOutTTY":false,"isStdErrTTY":false,"testRunDurationMs":401956.593086},"metrics":{"iterations":{"values":{"count":21046,"rate":52.35888740727071},"type":"counter","contains":"default"},"http_req_duration":{"values":{"med":21746.021359,"max":30010.049053,"p(90)":24416.4634448,"p(95)":25531.281723549982,"p(99)":29230.881059269992,"avg":20016.0789491792,"min":18.524251},"type":"trend","contains":"time"},"vus":{"type":"gauge","contains":"default","values":{"value":12,"min":12,"max":1500}},"http_req_duration{expected_response:true}":{"values":{"med":21802.024475,"max":29976.135814,"p(90)":24496.3754368,"p(95)":25566.142616999998,"p(99)":28710.276743429997,"avg":19980.898892738096,"min":18.524251},"type":"trend","contains":"time"},"user_grades_duration":{"type":"trend","contains":"time","values":{"p(90)":23227.032063399998,"p(95)":24158.004406,"p(99)":24691.548062200003,"avg":19772.93660849306,"min":24.404253,"med":21336.965678,"max":25182.344538}},"marker_grade_duration":{"type":"trend","contains":"time","values":{"med":21602.865178,"max":25453.823847,"p(90)":23559.4415629,"p(95)":24391.846963,"p(99)":25113.90473851,"avg":19448.874655452317,"min":129.795773}},"submit_quiz_duration":{"type":"trend","contains":"time","values":{"min":108.17697,"med":22002.7799415,"max":25954.893178,"p(90)":24047.6706275,"p(95)":24923.68596825,"p(99)":25619.8892432,"avg":19920.4803192137}},"errors":{"type":"rate","contains":"default","values":{"rate":1,"passes":1220,"fails":0}},"http_req_connecting":{"type":"trend","contains":"time","values":{"max":1097.49092,"p(90)":0,"p(95)":0.9444599499999993,"p(99)":15.601402329999779,"avg":1.2317901106710183,"min":0,"med":0}},"iteration_duration":{"type":"trend","contains":"time","values":{"avg":25339.514080207322,"min":406.171801,"med":23014.566712,"max":74176.707328,"p(90)":44671.6233415,"p(95)":48808.1481755,"p(99)":68451.11953985}},"http_req_failed":{"contains":"default","values":{"rate":0.1297763280521901,"passes":3342,"fails":22410},"thresholds":{"rate<0.15":{"ok":true}},"type":"rate"},"data_sent":{"contains":"data","values":{"count":5704290,"rate":14191.308459964848},"type":"counter"},"cascade_read_duration":{"type":"trend","contains":"time","values":{"p(90)":23410.0640528,"p(95)":24078.2162083,"p(99)":24999.53464479,"avg":19056.926939320754,"min":18.524251,"med":21328.0064635,"max":25319.034942}},"checks":{"type":"rate","contains":"default","values":{"rate":0.9526250388319354,"passes":24532,"fails":1220}},"course_structure_duration":{"contains":"time","values":{"p(95)":24314.752872749996,"p(99)":25222.57304354,"avg":19771.08840029566,"min":57.353605,"med":21670.5827875,"max":26005.596026,"p(90)":23580.414601599998},"type":"trend"},"grade_submission_duration":{"type":"trend","contains":"time","values":{"p(99)":25067.19639952,"avg":19657.947555942897,"min":68.708021,"med":21487.941627,"max":25520.320114,"p(90)":23490.582293400003,"p(95)":24410.3956376}},"gradebook_duration":{"type":"trend","contains":"time","values":{"avg":24830.95142347223,"min":464.043364,"med":26244.2030505,"max":30010.049053,"p(90)":29551.2648996,"p(95)":30000.43743145,"p(99)":30001.00393971}},"http_req_sending":{"type":"trend","contains":"time","values":{"p(95)":0.0791115999999998,"p(99)":0.13902518999999974,"avg":0.0363156666666667,"min":0.005079,"med":0.028233,"max":55.316682,"p(90)":0.047021900000000005}},"http_reqs":{"contains":"default","values":{"count":25752,"rate":64.06661923938208},"type":"counter"},"submit_assignment_duration":{"type":"trend","contains":"time","values":{"p(90)":23418.2124534,"p(95)":24364.7271548,"p(99)":25018.95220484,"avg":19562.42808336541,"min":45.082104,"med":21465.403083,"max":25487.575174}},"http_req_receiving":{"contains":"time","values":{"avg":3.8016977826964506,"min":0,"med":0.09839,"max":4479.816957,"p(90)":1.3353599000000012,"p(95)":19.664048699999974,"p(99)":72.64543933999936},"type":"trend"},"http_req_tls_handshaking":{"type":"trend","contains":"time","values":{"max":0,"p(90)":0,"p(95)":0,"p(99)":0,"avg":0,"min":0,"med":0}},"http_req_waiting":{"values":{"min":18.215061,"med":21745.7558805,"max":30010.025076,"p(90)":24413.749307899998,"p(95)":25520.32998,"p(99)":29195.957462459995,"avg":20012.240935729646},"type":"trend","contains":"time"},"grade_update_duration":{"values":{"avg":19344.227392029534,"min":28.198561,"med":21304.416954,"max":25306.709668,"p(90)":23200.382115600005,"p(95)":24030.943883599997,"p(99)":24777.99195692},"type":"trend","contains":"time"},"http_req_failed{ef:1}":{"type":"rate","contains":"default","values":{"rate":1,"passes":2122,"fails":0},"thresholds":{"rate<1.01":{"ok":true}}},"data_received":{"values":{"rate":3514565.6006138637,"count":1412702815},"type":"counter","contains":"data"},"read_activity_duration":{"type":"trend","contains":"time","values":{"med":21605.61694,"max":25440.511272,"p(90)":23377.8830202,"p(95)":24211.260414200002,"p(99)":24913.566026639997,"avg":19594.047956505812,"min":84.417398}},"vus_max":{"type":"gauge","contains":"default","values":{"value":1500,"min":1500,"max":1500}},"material_download_duration":{"type":"trend","contains":"time","values":{"max":25493.671696,"p(90)":23473.474508,"p(95)":24401.83109,"p(99)":25101.090703299997,"avg":19770.06781294865,"min":51.237053,"med":21677.310903}},"http_req_blocked":{"type":"trend","contains":"time","values":{"p(95)":1.0160279499999993,"p(99)":15.679967809999816,"avg":1.2438112455343198,"min":0.001302,"med":0.00667,"max":1097.580708,"p(90)":0.010556}}},"root_group":{"name":"","path":"","id":"d41d8cd98f00b204e9800998ecf8427e","groups":[],"checks":[{"path":"::[wh-quiz] start 201","id":"bc382dfba4db61bcda740eb7d13cbecd","passes":2538,"fails":656,"name":"[wh-quiz] start 201"},{"id":"e1c3184baa8417c6f8c9c7cd82501965","passes":1041,"fails":0,"name":"[wh-grade-update] status 200","path":"::[wh-grade-update] status 200"},{"passes":3735,"fails":414,"name":"[wh-submit] status 201","path":"::[wh-submit] status 201","id":"49f223985d533388331178bd3e8d6a64"},{"name":"[wh-activity] status 200","path":"::[wh-activity] status 200","id":"aed3f8824d0bcca89ac7d3b2bf25119a","passes":1117,"fails":0},{"name":"[wh-grade-unauth] status 403","path":"::[wh-grade-unauth] status 403","id":"b9f37e7e4ff322953440a920c2825184","passes":1051,"fails":0},{"name":"[wh-quiz] submit 200","path":"::[wh-quiz] submit 200","id":"4963f6adfea6303590e8a8e9c12d47a1","passes":2536,"fails":0},{"name":"[wh-structure] status 200","path":"::[wh-structure] status 200","id":"9f2134ec9c516bc3787570bcbc5bc9e6","passes":2070,"fails":0},{"name":"[wh-marker-grade] status 200","path":"::[wh-marker-grade] status 200","id":"549ffdbc72b97a1cd0f05b844dbb0567","passes":1070,"fails":0},{"fails":0,"name":"[wh-grade] status 200","path":"::[wh-grade] status 200","id":"747a63480c5228e4182e0b619fd4205c","passes":1033},{"name":"[wh-user-grades] status 200","path":"::[wh-user-grades] status 200","id":"827cabf91007e26e21b96eb0eaac2825","passes":1077,"fails":0},{"name":"[wh-material-dl] status 200","path":"::[wh-material-dl] status 200","id":"182e87b5d3b46cf8a10f81893f31e347","passes":1071,"fails":0},{"name":"[wh-cf-non-enrolled] status 403","path":"::[wh-cf-non-enrolled] status 403","id":"6a9d912d2aeb5ec6cb64307cca9056b8","passes":794,"fails":0},{"passes":1083,"fails":0,"name":"[wh-cascade-pre] status 200","path":"::[wh-cascade-pre] status 200","id":"6cf217efe14ab595b837401653c393f9"},{"id":"9791881937dbec10111f5684ec5d2a68","passes":1077,"fails":0,"name":"[wh-cascade-write] status 200","path":"::[wh-cascade-write] status 200"},{"name":"[wh-cascade-post] status 200","path":"::[wh-cascade-post] status 200","id":"2eaa088a823153fd8e84cbe4e79e632d","passes":1060,"fails":0},{"name":"[wh-gradebook] status 200","path":"::[wh-gradebook] status 200","id":"04f91da34414db0af1a48a98d41fa661","passes":1902,"fails":150},{"name":"[wh-cf-locked-grade] status 403",