{"options":{"summaryTrendStats":["avg","min","med","max","p(90)","p(95)","p(99)"],"summaryTimeUnit":"","noColor":false},"state":{"testRunDurationMs":390234.432235,"isStdOutTTY":false,"isStdErrTTY":false},"metrics":{"http_req_connecting":{"type":"trend","contains":"time","values":{"med":0,"max":684.94897,"p(90)":0,"p(95)":0,"p(99)":0,"avg":0.10361588029208423,"min":0}},"cascade_read_duration":{"type":"trend","contains":"time","values":{"p(95)":3126.9034540999996,"p(99)":3306.602133109999,"avg":2301.947860242248,"min":13.71678,"med":2547.8174799999997,"max":3562.076023,"p(90)":3032.0457599}},"http_req_sending":{"contains":"time","values":{"p(99)":0.10641404999999975,"avg":0.03838715217897928,"min":0.004347,"med":0.026871,"max":147.246049,"p(90)":0.0390895,"p(95)":0.04439475},"type":"trend"},"vus_max":{"contains":"default","values":{"value":250,"min":250,"max":250},"type":"gauge"},"http_req_receiving":{"type":"trend","contains":"time","values":{"med":0.09616150000000001,"max":695.494004,"p(90)":1.6997659999999999,"p(95)":19.26614525,"p(99)":66.18354104999999,"avg":3.424229112367004,"min":0.01359}},"data_sent":{"type":"counter","contains":"data","values":{"count":5721020,"rate":14660.469521445995}},"http_req_failed":{"type":"rate","contains":"default","values":{"fails":22703,"rate":0.11819311737745669,"passes":3043},"thresholds":{"rate<0.15":{"ok":true}}},"marker_grade_duration":{"values":{"min":40.791053,"med":2486.879541,"max":3382.290098,"p(90)":2944.550459,"p(95)":3020.873438,"p(99)":3169.4096280000003,"avg":2292.60667112064},"type":"trend","contains":"time"},"http_req_duration{expected_response:true}":{"type":"trend","contains":"time","values":{"avg":2701.4772591607866,"min":13.002267,"med":2514.681307,"max":11531.333493,"p(90)":3354.3348869999995,"p(95)":6968.995401799997,"p(99)":9126.3119186}},"http_reqs":{"type":"counter","contains":"default","values":{"count":25746,"rate":65.97572605919025}},"course_structure_duration":{"type":"trend","contains":"time","values":{"p(99)":3330.4299829999995,"avg":2350.5638325602986,"min":19.106754,"med":2556.002048,"max":3869.207683,"p(90)":3054.697787,"p(95)":3174.434688}},"http_req_waiting":{"type":"trend","contains":"time","values":{"p(90)":3235.378932,"p(95)":6677.71489525,"p(99)":8960.38747715,"avg":2624.186446324175,"min":11.898771,"med":2474.016082,"max":11473.21699}},"iterations":{"values":{"count":21104,"rate":54.08031238845456},"type":"counter","contains":"default"},"http_req_failed{ef:1}":{"values":{"rate":1,"passes":2056,"fails":0},"thresholds":{"rate<1.01":{"ok":true}},"type":"rate","contains":"default"},"errors":{"type":"rate","contains":"default","values":{"rate":1,"passes":987,"fails":0}},"grade_update_duration":{"type":"trend","contains":"time","values":{"med":2273.725996,"max":3291.820265,"p(90)":2669.060918,"p(95)":2768.2783345,"p(99)":2936.76246955,"avg":2054.713835517979,"min":11.997791}},"gradebook_duration":{"type":"trend","contains":"time","values":{"avg":6885.940122830919,"min":200.998757,"med":7116.318973,"max":11531.333493,"p(90)":9179.765381,"p(95)":9616.781527,"p(99)":10420.398463599999}},"http_req_tls_handshaking":{"type":"trend","contains":"time","values":{"p(90)":0,"p(95)":0,"p(99)":0,"avg":0,"min":0,"med":0,"max":0}},"checks":{"type":"rate","contains":"default","values":{"fails":987,"rate":0.9616639477977161,"passes":24759}},"submit_quiz_duration":{"contains":"time","values":{"p(95)":3454.1764931499997,"p(99)":3688.47934025,"avg":2555.700956709468,"min":55.877353,"med":2781.0405855,"max":4225.289428,"p(90)":3313.8512368},"type":"trend"},"submit_assignment_duration":{"type":"trend","contains":"time","values":{"min":17.048892,"med":2431.6209609999996,"max":3504.941612,"p(90)":2870.8477874,"p(95)":2970.9281336500003,"p(99)":3132.25114727,"avg":2219.6980242006193}},"user_grades_duration":{"type":"trend","contains":"time","values":{"max":3112.342766,"p(90)":2626.6137132,"p(95)":2729.6014935999997,"p(99)":2923.6113932000003,"avg":2002.7063488722818,"min":13.002267,"med":2212.902572}},"iteration_duration":{"type":"trend","contains":"time","values":{"max":12925.863116,"p(90)":7572.3873914000005,"p(95)":8760.728458649994,"p(99)":10160.793465320003,"avg":4107.580069940932,"min":338.317381,"med":3488.4206569999997}},"read_activity_duration":{"type":"trend","contains":"time","values":{"p(95)":2994.2285832499997,"p(99)":3235.3909883,"avg":2179.7628263793763,"min":21.866746,"med":2395.6272394999996,"max":3572.377056,"p(90)":2865.2990600000003}},"grade_submission_duration":{"type":"trend","contains":"time","values":{"min":33.107449,"med":2477.0998529999997,"max":3529.835476,"p(90)":2937.3597995,"p(95)":3015.023825,"p(99)":3216.9862733,"avg":2251.5259182055456}},"http_req_duration":{"type":"trend","contains":"time","values":{"p(90)":3236.955748,"p(95)":6710.986643,"p(99)":9003.734285399996,"avg":2627.649062588726,"min":11.997791,"med":2474.55321,"max":11531.333493}},"data_received":{"type":"counter","contains":"data","values":{"count":1595447211,"rate":4088432.6938101104}},"material_download_duration":{"type":"trend","contains":"time","values":{"min":23.987434,"med":2355.859797,"max":3291.54196,"p(90)":2797.1914126,"p(95)":2892.6644671999998,"p(99)":3091.1150841199997,"avg":2141.849831954406}},"http_req_blocked":{"type":"trend","contains":"time","values":{"p(95)":0.00969575,"p(99)":0.1960360999999802,"avg":0.11408399149382581,"min":0.001082,"med":0.00632,"max":685.052076,"p(90)":0.008453}},"vus":{"type":"gauge","contains":"default","values":{"value":6,"min":4,"max":250}}},"root_group":{"name":"","path":"","id":"d41d8cd98f00b204e9800998ecf8427e","groups":[],"checks":[{"name":"[wh-quiz] start 201","path":"::[wh-quiz] start 201","id":"bc382dfba4db61bcda740eb7d13cbecd","passes":2578,"fails":605},{"fails":0,"name":"[wh-quiz] submit 200","path":"::[wh-quiz] submit 200","id":"4963f6adfea6303590e8a8e9c12d47a1","passes":2578},{"id":"827cabf91007e26e21b96eb0eaac2825","passes":1057,"fails":0,"name":"[wh-user-grades] status 200","path":"::[wh-user-grades] status 200"},{"passes":1061,"fails":0,"name":"[wh-marker-grade] status 200","path":"::[wh-marker-grade] status 200","id":"549ffdbc72b97a1cd0f05b844dbb0567"},{"name":"[wh-structure] status 200","path":"::[wh-structure] status 200","id":"9f2134ec9c516bc3787570bcbc5bc9e6","passes":2181,"fails":0},{"name":"[wh-cascade-pre] status 200","path":"::[wh-cascade-pre] status 200","id":"6cf217efe14ab595b837401653c393f9","passes":1032,"fails":0},{"name":"[wh-cascade-write] status 200","path":"::[wh-cascade-write] status 200","id":"9791881937dbec10111f5684ec5d2a68","passes":1032,"fails":0},{"fails":0,"name":"[wh-cascade-post] status 200","path":"::[wh-cascade-post] status 200","id":"2eaa088a823153fd8e84cbe4e79e632d","passes":1032},{"path":"::[wh-activity] status 200","id":"aed3f8824d0bcca89ac7d3b2bf25119a","passes":1086,"fails":0,"name":"[wh-activity] status 200"},{"passes":1045,"fails":1,"name":"[wh-grade] status 200","path":"::[wh-grade] status 200","id":"747a63480c5228e4182e0b619fd4205c"},{"passes":3842,"fails":380,"name":"[wh-submit] status 201","path":"::[wh-submit] status 201","id":"49f223985d533388331178bd3e8d6a64"},{"fails":1,"name":"[wh-grade-update] status 200","path":"::[wh-grade-update] status 200","id":"e1c3184baa8417c6f8c9c7cd82501965","passes":1073},{"id":"04f91da34414db0af1a48a98d41fa661","passes":2141,"fails":0,"name":"[wh-gradebook] status 200","path":"::[wh-gradebook] status 200"},{"fails":0,"name":"[wh-cf-non-enrolled] status 403","path":"::[wh-cf-non-enrolled] status 403","id":"6a9d912d2aeb5ec6cb64307cca9056b8","passes":794},{"passes":965,"fails":0,"name":"[wh-material-dl] status 200","path":"::[wh-material-dl] status 200","id":"182e87b5d3b46cf8a10f81893f31e347"},{"name":"[wh-grade-unauth] status 403","path":"::[wh-grade-unauth] status 403","id":"b9f37e7e4ff322953440a920c2825184","passes":1022,"fails":0},{"passes":240,"fails":0,"name":"[wh-cf-locked-grade] status 403","path":"::[wh-cf-locked-grade] status 403",