{"metrics":{"checks":{"contains":"default","values":{"rate":0.9997259297832105,"passes":36477,"fails":10},"type":"rate"},"iteration_duration":{"type":"trend","contains":"time","values":{"p(99)":17329.86077485,"avg":9054.94906508382,"min":377.159182,"med":8387.4213715,"max":18683.638119,"p(90)":15885.3930884,"p(95)":16480.8485257}},"iterations":{"type":"counter","contains":"default","values":{"count":19242,"rate":49.24669888830209}},"http_reqs":{"values":{"count":23114,"rate":59.15643894107757},"type":"counter","contains":"default"},"http_req_blocked":{"values":{"max":23.752311,"p(90)":0.019969,"p(95)":0.028873049999999994,"p(99)":0.35804413999999957,"avg":0.024229886994894766,"min":0.003171,"med":0.01109},"type":"trend","contains":"time"},"grade_submission_duration":{"type":"trend","contains":"time","values":{"p(95)":8398.877635249999,"p(99)":8707.92957508,"avg":6991.361551313164,"min":49.851765,"med":7551.2910655,"max":9634.677345,"p(90)":8212.5188349}},"http_req_connecting":{"contains":"time","values":{"max":23.633388,"p(90)":0,"p(95)":0,"p(99)":0.23544346999999952,"avg":0.00923469239421996,"min":0,"med":0},"type":"trend"},"http_req_failed":{"values":{"rate":0,"passes":0,"fails":23114},"thresholds":{"rate<0.10":{"ok":true}},"type":"rate","contains":"default"},"gradebook_duration":{"type":"trend","contains":"time","values":{"med":7180.130772,"max":9106.422288,"p(90)":7756.7595127,"p(95)":7905.2717680999995,"p(99)":8172.65347387,"avg":6579.384851474994,"min":22.241666}},"vus":{"contains":"default","values":{"min":3,"max":500,"value":3},"type":"gauge"},"data_received":{"type":"counter","contains":"data","values":{"count":84609254,"rate":216543.31435931136}},"http_req_duration{expected_response:true}":{"values":{"max":9634.677345,"p(90)":8050.8095454,"p(95)":8239.3938074,"p(99)":8609.331170179996,"avg":6783.990970482734,"min":22.241666,"med":7366.876665},"type":"trend","contains":"time"},"http_req_waiting":{"type":"trend","contains":"time","values":{"max":9634.428137,"p(90)":8050.5050036,"p(95)":8238.87602005,"p(99)":8609.014879859995,"avg":6783.71972266598,"min":22.095643,"med":7366.5398535}},"submit_quiz_duration":{"values":{"med":7591.6962135,"max":9427.805849,"p(90)":8286.9699963,"p(95)":8472.2581088,"p(99)":8804.25865489,"avg":7012.830696459706,"min":48.092824},"type":"trend","contains":"time"},"http_req_duration":{"type":"trend","contains":"time","values":{"p(99)":8609.331170179996,"avg":6783.990970482734,"min":22.241666,"med":7366.876665,"max":9634.677345,"p(90)":8050.8095454,"p(95)":8239.3938074},"thresholds":{"p(95)<3000":{"ok":false}}},"http_req_receiving":{"values":{"p(99)":1.0020226599999977,"avg":0.21585564337631055,"min":0.030447,"med":0.14308349999999997,"max":52.422428,"p(90)":0.2816232,"p(95)":0.41428839999999945},"type":"trend","contains":"time"},"http_req_tls_handshaking":{"type":"trend","contains":"time","values":{"avg":0,"min":0,"med":0,"max":0,"p(90)":0,"p(95)":0,"p(99)":0}},"submit_assignment_duration":{"type":"trend","contains":"time","values":{"p(90)":8101.4252244,"p(95)":8269.9971936,"p(99)":8624.13627918,"avg":6817.707744027513,"min":40.524189,"med":7447.635407,"max":9482.358709}},"data_sent":{"type":"counter","contains":"data","values":{"count":4400829,"rate":11263.189929420414}},"vus_max":{"type":"gauge","contains":"default","values":{"max":500,"value":500,"min":500}},"assignment_detail_duration":{"type":"trend","contains":"time","values":{"p(90)":7840.9506166,"p(95)":7969.6240607,"p(99)":8241.268419359998,"avg":6632.652506948884,"min":27.47576,"med":7213.622629,"max":9202.144553}},"errors":{"type":"rate","contains":"default","values":{"rate":0,"passes":0,"fails":0},"thresholds":{"rate<0.10":{"ok":true}}},"http_req_sending":{"type":"trend","contains":"time","values":{"max":57.768826,"p(90)":0.0642265,"p(95)":0.08181454999999996,"p(99)":0.16690857999999936,"avg":0.05539217340140169,"min":0.009484,"med":0.0402975}}},"root_group":{"name":"","path":"","id":"d41d8cd98f00b204e9800998ecf8427e","groups":[],"checks":[{"id":"c6b8e5b4b95e1cad4532c36b70154d08","passes":5859,"fails":0,"name":"[submit-assignment] status 201 or 400","path":"::[submit-assignment] status 201 or 400"},{"name":"[gradebook] status 200","path":"::[gradebook] status 200","id":"9186de991ebaa0ed414ff11baa5503d0","passes":3798,"fails":0},{"name":"[gradebook] success","path":"::[gradebook] success","id":"a15a69867e50cddaa06c049f7cde480d","passes":3798,"fails":0},{"path":"::[quiz-attempt] start 201","id":"18f54229dcbc1aba2aecf8a61f0db771","passes":3872,"fails":10,"name":"[quiz-attempt] start 201"},{"passes":3872,"fails":0,"name":"[quiz-attempt] submit 200","path":"::[quiz-attempt] submit 200","id":"3aac290b0fb83ec96bbf8f19a1813a81"},{"name":"[quiz-attempt] success","path":"::[quiz-attempt] success","id":"6398ec5c83f0a8abdc14be5794d5070f","passes":3872,"fails":0},{"name":"[grade-submission] status 200","path":"::[grade-submission] status 200","id":"0b00b1c9fc4243dfcbcade089d53f4c1","passes":1868,"fails":0},{"fails":0,"name":"[grade-submission] success","path":"::[grade-submission] success","id":"dc7c3576ea1686ed510a59cbde26957e","passes":1868},{"name":"[assignment-detail] status 200","path":"::[assignment-detail] status 200","id":"e710e6c64d866e8aa495eeee12857a96","passes":3835,"fails":0},{"path":"::[assignment-detail] success","id":"2eca0bd45992b6c1691069c6af81d1ee","passes":3835,"fails":0,"name":"[assignment-detail] success"}]},"options":{"summaryTrendStats":["avg","min","med","max","p(90)","p(95)","p(99)"],"summaryTimeUnit":"","noColor":false},"state":{"isStdOutTTY":false,"isStdErrTTY":false,"testRunDurationMs":390726.697106}}