{"state":{"isStdErrTTY":false,"testRunDurationMs":390814.541753,"isStdOutTTY":false},"metrics":{"http_req_failed{ef:1}":{"type":"rate","contains":"default","values":{"rate":1,"passes":2191,"fails":0},"thresholds":{"rate<1.01":{"ok":true}}},"submit_quiz_duration":{"values":{"max":11985.315061,"p(90)":10724.5300171,"p(95)":11043.684230449999,"p(99)":11495.76752012,"avg":8843.575091642577,"min":67.148309,"med":9570.675072},"type":"trend","contains":"time"},"cascade_read_duration":{"type":"trend","contains":"time","values":{"p(95)":10679.8933818,"p(99)":11270.325692199998,"avg":8607.001874515145,"min":15.699386,"med":9271.542895,"max":11605.43349,"p(90)":10442.7919534}},"submit_assignment_duration":{"type":"trend","contains":"time","values":{"avg":8588.722624101938,"min":34.709565,"med":9183.593236,"max":11438.524184,"p(90)":10321.450721700001,"p(95)":10613.43728995,"p(99)":11174.28466152}},"vus":{"values":{"value":2,"min":2,"max":750},"type":"gauge","contains":"default"},"iterations":{"contains":"default","values":{"count":22166,"rate":56.71743917351265},"type":"counter"},"http_req_duration{expected_response:true}":{"type":"trend","contains":"time","values":{"max":19759.933981,"p(90)":11057.1459365,"p(95)":13643.138091399996,"p(99)":16127.29440302001,"avg":9037.503439709206,"min":15.699386,"med":9330.135896}},"iteration_duration":{"type":"trend","contains":"time","values":{"min":411.364423,"med":10413.096037,"max":33486.982434,"p(90)":19795.568454499997,"p(95)":22202.32698375,"p(99)":30189.450902199987,"avg":11824.208635097119}},"marker_grade_duration":{"type":"trend","contains":"time","values":{"avg":8579.008694435008,"min":47.782138,"med":9283.759310500001,"max":11583.738869,"p(90)":10417.0708293,"p(95)":10735.2783415,"p(99)":11222.368393050001}},"http_req_failed":{"contains":"default","values":{"rate":0.1236746496626381,"passes":3336,"fails":23638},"thresholds":{"rate<0.15":{"ok":true}},"type":"rate"},"grade_submission_duration":{"values":{"p(95)":10689.133596149999,"p(99)":11109.872848930001,"avg":8462.814370486198,"min":45.476133,"med":9220.300640500001,"max":11474.127536,"p(90)":10410.1731231},"type":"trend","contains":"time"},"user_grades_duration":{"values":{"med":9028.473598,"max":11254.468063,"p(90)":10205.8447818,"p(95)":10435.5131214,"p(99)":10890.325375,"avg":8440.076627812561,"min":19.910475},"type":"trend","contains":"time"},"data_received":{"type":"counter","contains":"data","values":{"count":1664275306,"rate":4258478.455112973}},"http_req_blocked":{"type":"trend","contains":"time","values":{"p(90)":0.008973,"p(95)":0.01283,"p(99)":1.4453196600000022,"avg":0.3858942754504377,"min":0.001242,"med":0.006471,"max":1019.249888}},"course_structure_duration":{"type":"trend","contains":"time","values":{"avg":8634.379773648674,"min":39.947828,"med":9313.498009,"max":11841.378954,"p(90)":10398.1279032,"p(95)":10683.95856,"p(99)":11207.510126519997}},"http_req_waiting":{"type":"trend","contains":"time","values":{"max":19625.019946,"p(90)":10863.8788241,"p(95)":13280.023044249998,"p(99)":15974.979899950002,"avg":8971.051850655855,"min":15.435123,"med":9281.8439075}},"grade_update_duration":{"type":"trend","contains":"time","values":{"p(99)":10898.390098319996,"avg":8431.985889026555,"min":20.44079,"med":9012.731229,"max":11399.188234,"p(90)":10141.0901262,"p(95)":10390.5275188}},"http_req_receiving":{"type":"trend","contains":"time","values":{"p(90)":1.5544274000000025,"p(95)":20.69731619999999,"p(99)":71.65194811000002,"avg":3.635955714614064,"min":0.01306,"med":0.0974275,"max":837.225449}},"http_req_tls_handshaking":{"type":"trend","contains":"time","values":{"max":0,"p(90)":0,"p(95)":0,"p(99)":0,"avg":0,"min":0,"med":0}},"http_req_duration":{"type":"trend","contains":"time","values":{"p(95)":13309.777203649997,"p(99)":16014.436066720004,"avg":8974.71877103733,"min":15.699386,"med":9282.685915,"max":19759.933981,"p(90)":10864.104818}},"data_sent":{"values":{"rate":15275.11226481678,"count":5969736},"type":"counter","contains":"data"},"vus_max":{"type":"gauge","contains":"default","values":{"value":750,"min":750,"max":750}},"errors":{"type":"rate","contains":"default","values":{"passes":1145,"fails":0,"rate":1}},"http_req_connecting":{"contains":"time","values":{"p(90)":0,"p(95)":0,"p(99)":1.3680964400000006,"avg":0.3767882640691039,"min":0,"med":0,"max":1019.174945},"type":"trend"},"material_download_duration":{"values":{"avg":8421.884220407785,"min":41.86305,"med":9136.575405,"max":11434.247028,"p(90)":10259.0349858,"p(95)":10573.028583500001,"p(99)":11085.751602060001},"type":"trend","contains":"time"},"gradebook_duration":{"contains":"time","values":{"max":19759.933981,"p(90)":16186.9704052,"p(95)":16678.260166,"p(99)":17728.427186560002,"avg":13417.652436657916,"min":179.022491,"med":13816.228275},"type":"trend"},"http_req_sending":{"type":"trend","contains":"time","values":{"med":0.026721,"max":16.348835,"p(90)":0.040592,"p(95)":0.053331,"p(99)":0.1292987,"avg":0.030964666901460554,"min":0.004877}},"http_reqs":{"values":{"count":26974,"rate":69.0199496646364},"type":"counter","contains":"default"},"read_activity_duration":{"type":"trend","contains":"time","values":{"avg":8580.558426774525,"min":38.248917,"med":9178.1123765,"max":11786.746329,"p(90)":10351.039654600001,"p(95)":10662.20636765,"p(99)":11184.11806907}},"checks":{"type":"rate","contains":"default","values":{"rate":0.9575517164677096,"passes":25829,"fails":1145}}},"root_group":{"name":"","path":"","id":"d41d8cd98f00b204e9800998ecf8427e","groups":[],"checks":[{"name":"[wh-submit] status 201","path":"::[wh-submit] status 201","id":"49f223985d533388331178bd3e8d6a64","passes":3964,"fails":460},{"path":"::[wh-quiz] start 201","id":"bc382dfba4db61bcda740eb7d13cbecd","passes":2630,"fails":685,"name":"[wh-quiz] start 201"},{"name":"[wh-user-grades] status 200","path":"::[wh-user-grades] status 200","id":"827cabf91007e26e21b96eb0eaac2825","passes":1083,"fails":0},{"path":"::[wh-quiz] submit 200","id":"4963f6adfea6303590e8a8e9c12d47a1","passes":2630,"fails":0,"name":"[wh-quiz] submit 200"},{"fails":0,"name":"[wh-material-dl] status 200","path":"::[wh-material-dl] status 200","id":"182e87b5d3b46cf8a10f81893f31e347","passes":1079},{"fails":0,"name":"[wh-structure] status 200","path":"::[wh-structure] status 200","id":"9f2134ec9c516bc3787570bcbc5bc9e6","passes":2189},{"path":"::[wh-cascade-pre] status 200","id":"6cf217efe14ab595b837401653c393f9","passes":1089,"fails":0,"name":"[wh-cascade-pre] status 200"},{"name":"[wh-cascade-write] status 200","path":"::[wh-cascade-write] status 200","id":"9791881937dbec10111f5684ec5d2a68","passes":1089,"fails":0},{"passes":1089,"fails":0,"name":"[wh-cascade-post] status 200","path":"::[wh-cascade-post] status 200","id":"2eaa088a823153fd8e84cbe4e79e632d"},{"name":"[wh-grade-unauth] status 403","path":"::[wh-grade-unauth] status 403","id":"b9f37e7e4ff322953440a920c2825184","passes":1082,"fails":0},{"fails":0,"name":"[wh-activity] status 200","path":"::[wh-activity] status 200","id":"aed3f8824d0bcca89ac7d3b2bf25119a","passes":1162},{"name":"[wh-gradebook] status 200","path":"::[wh-gradebook] status 200","id":"04f91da34414db0af1a48a98d41fa661","passes":2213,"fails":0},{"name":"[wh-marker-grade] status 200","path":"::[wh-marker-grade] status 200","id":"549ffdbc72b97a1cd0f05b844dbb0567","passes":1154,"fails":0},{"path":"::[wh-grade] status 200","id":"747a63480c5228e4182e0b619fd4205c","passes":1160,"fails":0,"name":"[wh-grade] status 200"},{"id":"e1c3184baa8417c6f8c9c7cd82501965","passes":1107,"fails":0,"name":"[wh-grade-update] status 200","path":"::[wh-grade-update] status 200"},{"path":"::[wh-cf-non-enrolled] status 403","id":"6a9d912d2aeb5ec6cb64307cca9056b8","passes":813,"fails":0,"name":"[wh-cf-non-enrolled] status 403"},{"name":"[wh-cf-locked-grade] status 403","path":"::[wh-cf-locked-grade] status 403","id":"a0d2cffa4f26fbeb7022bec9298a706e","passes":296,"fails":0}]},"options":{"summaryTrendStats":["avg","min","med","max","p(90)","p(95)","p(99)"],