{"options":{"summaryTrendStats":["avg","min","med","max","p(90)","p(95)","p(99)"],"summaryTimeUnit":"","noColor":false},"state":{"isStdOutTTY":false,"isStdErrTTY":false,"testRunDurationMs":399732.73284},"metrics":{"gradebook_duration":{"type":"trend","contains":"time","values":{"p(99)":26172.52065922,"avg":22538.078855268734,"min":3.444398,"med":24971.85751,"max":26904.574823,"p(90)":25723.3031542,"p(95)":25866.204006199998}},"quiz_detail_duration":{"type":"trend","contains":"time","values":{"max":26958.72109,"p(90)":25929.284605499997,"p(95)":26087.30301225,"p(99)":26375.40692875,"avg":22725.549352563452,"min":0.158093,"med":25131.100908}},"material_detail_duration":{"type":"trend","contains":"time","values":{"max":27086.034099,"p(90)":25752.664331,"p(95)":25898.825995,"p(99)":26214.0974469,"avg":22629.037962672162,"min":0.981523,"med":25014.786425500002}},"iteration_duration":{"type":"trend","contains":"time","values":{"max":28746.634715,"p(90)":27297.104728,"p(95)":27536.176756,"p(99)":27945.0490006,"avg":23903.588745634446,"min":541.82684,"med":26238.197209}},"http_req_duration{expected_response:true}":{"type":"trend","contains":"time","values":{"avg":22660.58764499267,"min":33.25397,"med":25061.347389,"max":27224.405366,"p(90)":25846.0230174,"p(95)":26008.2210565,"p(99)":26345.35739088}},"http_req_duration":{"type":"trend","contains":"time","values":{"med":25060.806806,"max":27224.405366,"p(90)":25845.990859,"p(95)":26008.0525505,"p(99)":26345.349973200002,"avg":22651.454463150716,"min":0.158093},"thresholds":{"p(95)<2000":{"ok":false}}},"http_req_waiting":{"values":{"avg":22651.16096804822,"min":0.055243,"med":25060.494759,"max":27224.188057,"p(90)":25845.749632,"p(95)":26007.850476,"p(99)":26345.0803713},"type":"trend","contains":"time"},"http_req_blocked":{"type":"trend","contains":"time","values":{"p(90)":0.390106,"p(95)":0.5111455,"p(99)":1.5826386999999922,"avg":0.3636269527728333,"min":0.003871,"med":0.279418,"max":59.291432}},"materials_list_duration":{"values":{"max":27029.973279,"p(90)":25794.6673487,"p(95)":25937.60823695,"p(99)":26269.29743683,"avg":22573.402226087972,"min":0.699951,"med":25013.7210295},"type":"trend","contains":"time"},"http_req_tls_handshaking":{"values":{"avg":0,"min":0,"med":0,"max":0,"p(90)":0,"p(95)":0,"p(99)":0},"type":"trend","contains":"time"},"vus_max":{"type":"gauge","contains":"default","values":{"value":2000,"min":1654,"max":2000}},"http_req_sending":{"contains":"time","values":{"avg":0.08436955261831913,"min":0.009509,"med":0.065787,"max":58.712358,"p(90)":0.102481,"p(95)":0.119589,"p(99)":0.21734859999999995},"type":"trend"},"vus":{"type":"gauge","contains":"default","values":{"value":1,"min":0,"max":2000}},"http_req_failed":{"type":"rate","contains":"default","values":{"rate":0.0004030768197238924,"passes":12,"fails":29759},"thresholds":{"rate<0.10":{"ok":true}}},"http_reqs":{"type":"counter","contains":"default","values":{"count":29771,"rate":74.47726331662803}},"data_sent":{"values":{"count":3892041,"rate":9736.6081890468},"type":"counter","contains":"data"},"iterations":{"type":"counter","contains":"default","values":{"count":29771,"rate":74.47726331662803}},"errors":{"thresholds":{"rate<0.10":{"ok":false}},"type":"rate","contains":"default","values":{"passes":12,"fails":0,"rate":1}},"http_req_connecting":{"type":"trend","contains":"time","values":{"max":59.209686,"p(90)":0.279969,"p(95)":0.3870485,"p(99)":1.3594568999999996,"avg":0.2715492520237808,"min":0,"med":0.199544}},"start_attempt_duration":{"type":"trend","contains":"time","values":{"avg":22615.189477189997,"min":33.25397,"med":25082.307606,"max":26867.048434,"p(90)":25866.373698,"p(95)":25999.040856199998,"p(99)":26313.88293118}},"checks":{"type":"rate","contains":"default","values":{"rate":0.9995892610432769,"passes":53540,"fails":22}},"submit_assignment_duration":{"values":{"med":25240.49447,"max":27224.405366,"p(90)":26043.26758,"p(95)":26209.076021,"p(99)":26537.004647,"avg":22913.348233766712,"min":0.787409},"type":"trend","contains":"time"},"data_received":{"type":"counter","contains":"data","values":{"count":194942314,"rate":487681.63821607543}},"http_req_receiving":{"type":"trend","contains":"time","values":{"max":37.413068,"p(90)":0.297299,"p(95)":0.430632,"p(99)":1.0782311999999943,"avg":0.20912554996473154,"min":0,"med":0.141508}}},"root_group":{"name":"","path":"","id":"d41d8cd98f00b204e9800998ecf8427e","groups":[],"checks":[{"id":"a12462dd78c876a1d31a53eadf87e378","passes":4434,"fails":2,"name":"[material-detail] status 200","path":"::[material-detail] status 200"},{"name":"[material-detail] success","path":"::[material-detail] success","id":"3632f96ad89cbc27cd995a000cbd8596","passes":4434,"fails":2},{"name":"[gradebook] status 200","path":"::[gradebook] status 200","id":"9186de991ebaa0ed414ff11baa5503d0","passes":5938,"fails":1},{"name":"[gradebook] success","path":"::[gradebook] success","id":"a15a69867e50cddaa06c049f7cde480d","passes":5938,"fails":1},{"fails":3,"name":"[quiz-detail] status 200","path":"::[quiz-detail] status 200","id":"917c623bb77fd0f4c30b55655ab512f2","passes":7503},{"path":"::[quiz-detail] success","id":"6719d54de0da0cfb59497b1755be95e9","passes":7503,"fails":3,"name":"[quiz-detail] success"},{"fails":2,"name":"[submit-assignment] status 201 or 400","path":"::[submit-assignment] status 201 or 400","id":"c6b8e5b4b95e1cad4532c36b70154d08","passes":2999},{"fails":4,"name":"[materials-list] status 200","path":"::[materials-list] status 200","id":"463a16ce0b1d8abee844a574ea056361","passes":5906},{"path":"::[materials-list] success","id":"664e43a5933df86e3bab167b84d274ca","passes":5906,"fails":4,"name":"[materials-list] success"},{"path":"::[start-attempt] status 201 or 400","id":"33680026b6a14104cfefb4ee3b4b083d","passes":2979,"fails":0,"name":"[start-attempt] status 201 or 400"}]}}