{"options":{"summaryTrendStats":["avg","min","med","max","p(90)","p(95)","p(99)"],"summaryTimeUnit":"","noColor":false},"state":{"isStdOutTTY":false,"isStdErrTTY":false,"testRunDurationMs":391414.274708},"metrics":{"http_req_duration{expected_response:true}":{"values":{"p(90)":10380.722372000002,"p(95)":12300.45314955,"p(99)":14142.19120973999,"avg":7002.945802368955,"min":13.728825,"med":7074.6001035,"max":21407.550512},"type":"trend","contains":"time"},"start_attempt_duration":{"type":"trend","contains":"time","values":{"avg":6304.1140935023495,"min":36.98091,"med":6944.669789,"max":12082.585682,"p(90)":7761.5614514,"p(95)":8030.141160849999,"p(99)":8803.821470339997}},"http_req_tls_handshaking":{"contains":"time","values":{"min":0,"med":0,"max":0,"p(90)":0,"p(95)":0,"p(99)":0,"avg":0},"type":"trend"},"http_req_receiving":{"type":"trend","contains":"time","values":{"max":6984.652326,"p(90)":19.044291099999974,"p(95)":43.00379244999994,"p(99)":113.06752208999998,"avg":9.307464098172266,"min":0.014953,"med":0.234903}},"submit_assignment_duration":{"values":{"max":11157.432446,"p(90)":7732.191225,"p(95)":8067.73393425,"p(99)":8676.68779345,"avg":6377.395081513702,"min":44.41795,"med":6981.008849},"type":"trend","contains":"time"},"http_req_waiting":{"type":"trend","contains":"time","values":{"avg":6925.319332807019,"min":13.625377,"med":7041.629417,"max":20403.973437,"p(90)":9714.353688999996,"p(95)":12071.047259599998,"p(99)":13994.569857499999}},"quiz_detail_duration":{"type":"trend","contains":"time","values":{"max":13633.380366,"p(90)":7901.7847492,"p(95)":8185.949263,"p(99)":8913.34904032,"avg":6576.628363082348,"min":44.539897,"med":7115.822794}},"data_received":{"type":"counter","contains":"data","values":{"count":1930045764,"rate":4930953.95010782}},"http_req_duration":{"type":"trend","contains":"time","values":{"avg":6934.660537816795,"min":13.728825,"med":7043.3844465,"max":21407.550512,"p(90)":9779.329024999997,"p(95)":12131.976273449998,"p(99)":14062.435164409999}},"material_detail_duration":{"type":"trend","contains":"time","values":{"max":12562.534693,"p(90)":7662.0394875,"p(95)":7992.448375399998,"p(99)":8733.13549522,"avg":6205.788425713292,"min":31.139228,"med":6860.4959595}},"vus":{"type":"gauge","contains":"default","values":{"value":2,"min":2,"max":500}},"user_grades_duration":{"type":"trend","contains":"time","values":{"max":10109.594898,"p(90)":7456.2848922,"p(95)":7704.240209049999,"p(99)":8462.26367842,"avg":6078.3039830249045,"min":13.728825,"med":6681.070867}},"iteration_duration":{"type":"trend","contains":"time","values":{"p(99)":15453.820651979999,"avg":8189.953388007998,"min":528.129692,"med":8272.5938525,"max":22410.571906,"p(90)":10959.266171299996,"p(95)":13417.285135599997}},"gradebook_duration":{"values":{"min":229.667672,"med":11722.201582000002,"max":21407.550512,"p(90)":13911.050187300001,"p(95)":14529.908647299999,"p(99)":15719.02197637,"avg":11272.230399589174},"type":"trend","contains":"time"},"assignment_detail_duration":{"type":"trend","contains":"time","values":{"p(99)":8738.26069322,"avg":6230.028120864923,"min":34.709911,"med":6850.6975845,"max":10757.682439,"p(90)":7627.118935099999,"p(95)":7924.12019765}},"errors":{"type":"rate","contains":"default","values":{"rate":1,"passes":400,"fails":0}},"iterations":{"type":"counter","contains":"default","values":{"count":21228,"rate":54.23409765991891}},"course_completion_duration":{"type":"trend","contains":"time","values":{"max":10041.979434,"p(90)":7495.3025332,"p(95)":7791.0322400000005,"p(99)":8496.51207666,"avg":6112.779030253232,"min":27.349054,"med":6702.518133}},"material_list_duration":{"values":{"p(99)":8889.886779149996,"avg":6351.316943521668,"min":45.571377,"med":6957.6060615,"max":10643.650973,"p(90)":7809.8119145,"p(95)":8112.87112625},"type":"trend","contains":"time"},"http_reqs":{"contains":"default","values":{"count":21228,"rate":54.23409765991891},"type":"counter"},"checks":{"contains":"default","values":{"rate":0.9851687059695958,"passes":26570,"fails":400},"type":"rate"},"quiz_attempt_result_duration":{"type":"trend","contains":"time","values":{"p(95)":8200.2009955,"p(99)":8991.268951100003,"avg":6668.898924742394,"min":81.939656,"med":7168.648406,"max":11548.972552,"p(90)":7984.129493}},"http_req_connecting":{"values":{"avg":0.8565937837761441,"min":0,"med":0,"max":3708.993815,"p(90)":0,"p(95)":0,"p(99)":1.49058747},"type":"trend","contains":"time"},"http_req_sending":{"type":"trend","contains":"time","values":{"max":19.082314,"p(90)":0.04102569999999999,"p(95)":0.05330699999999992,"p(99)":0.14045392999999998,"avg":0.03374091162615395,"min":0.006029,"med":0.028293}},"http_req_blocked":{"values":{"max":3709.08245,"p(90)":0.009544,"p(95)":0.012759,"p(99)":1.6393817099999926,"avg":0.8674957804786293,"min":0.002474,"med":0.007291},"type":"trend","contains":"time"},"http_req_failed":{"type":"rate","contains":"default","values":{"rate":0.08611268136423592,"passes":1828,"fails":19400},"thresholds":{"rate<0.05":{"ok":false}}},"course_structure_duration":{"type":"trend","contains":"time","values":{"p(95)":8165.445839000001,"p(99)":9005.67491578,"avg":6484.58458651616,"min":35.069645,"med":7078.661319,"max":12821.995062,"p(90)":7872.378094}},"data_sent":{"type":"counter","contains":"data","values":{"count":3424956,"rate":8750.207187908669}},"vus_max":{"type":"gauge","contains":"default","values":{"max":500,"value":500,"min":500}}},"root_group":{"groups":[],"checks":[{"passes":5355,"fails":0,"name":"[course-structure] status 200","path":"::[course-structure] status 200","id":"45076dc5505a2dec22a1285b97bafbe7"},{"name":"[course-structure] has sections","path":"::[course-structure] has sections","id":"577857fc8e49dd358e9f4a98d4384892","passes":5355,"fails":0},{"name":"[assignment-detail] status 200","path":"::[assignment-detail] status 200","id":"e710e6c64d866e8aa495eeee12857a96","passes":1688,"fails":0},{"name":"[start-attempt] status 201","path":"::[start-attempt] status 201","id":"f990128b664d9d14e0bb6193e32639b6","passes":1827,"fails":293},{"name":"[user-grades] status 200","path":"::[user-grades] status 200","id":"9f3f9ad7deda827f2720eebbc1dd73e8","passes":1044,"fails":0},{"name":"[submit-assignment] status 201","path":"::[submit-assignment] status 201","id":"ecafa50a3856224eba5597445d73435f","passes":2010,"fails":106},{"id":"9186de991ebaa0ed414ff11baa5503d0","passes":2534,"fails":0,"name":"[gradebook] status 200","path":"::[gradebook] status 200"},{"name":"[material] status 200","path":"::[material] status 200","id":"63f4ad05017bb4331bea0b8e36102285","passes":2124,"fails":0},{"path":"::[material-list] status 200","id":"0c8f8d2cbff40a8ee4a03aac96a829f5","passes":646,"fails":0,"name":"[material-list] status 200"},{"name":"[quiz-attempt-result] status 200","path":"::[quiz-attempt-result] status 200","id":"70625d2eb6b822427844d89e9447d306","passes":691,"fails":0},{"fails":0,"name":"[cf-non-enrolled] status 403","path":"::[cf-non-enrolled] status 403","id":"74e7493c763b9162227e2b80a7db0818","passes":850},{"name":"[quiz-detail] status 200","path":"::[quiz-detail] status 200","id":"917c623bb77fd0f4c30b55655ab512f2","passes":1093,"fails":0},{"id":"6021218ae7a89652ba95b72dd11a3df7","passes":387,"fails":0,"name":"[course-completion] status 200","path":"::[course-completion] status 200"},{"path":"::[course-completion] has progress","id":"31c5713011250a32de1229068e09d491","passes":387,"fails":0,"name":"[course-completion] has progress"},{"name":"[cf-prereq-locked] status 404","path":"::[cf-prereq-locked] status 404","id":"02fa3bab31e2635b75b34d82dfe5a24b","passes":579,"fails":1}],"name":"","path":"","id":"d41d8cd98f00b204e9800998ecf8427e"}}