{"metrics":{"submit_assignment_duration":{"type":"trend","contains":"time","values":{"p(95)":13783.226207800002,"p(99)":14089.84497514,"avg":11806.080862440253,"min":53.787438,"med":12864.824314,"max":14857.524781,"p(90)":13588.7320354}},"iterations":{"contains":"default","values":{"count":26851,"rate":68.55658304810272},"type":"counter"},"http_req_blocked":{"type":"trend","contains":"time","values":{"p(99)":0.3924805,"avg":0.037018917917396206,"min":0.003248,"med":0.010724,"max":45.562488,"p(90)":0.019577,"p(95)":0.0321795}},"errors":{"type":"rate","contains":"default","values":{"fails":0,"rate":0,"passes":0},"thresholds":{"rate<0.10":{"ok":true}}},"http_req_duration{expected_response:true}":{"contains":"time","values":{"p(95)":13778.769966,"p(99)":14108.3907955,"avg":11786.366180712841,"min":25.864168,"med":12849.912395,"max":15552.954919,"p(90)":13589.342302},"type":"trend"},"vus":{"type":"gauge","contains":"default","values":{"value":3,"min":1,"max":1000}},"http_req_connecting":{"type":"trend","contains":"time","values":{"p(90)":0,"p(95)":0,"p(99)":0.259461,"avg":0.017653193735801282,"min":0,"med":0,"max":44.346052}},"gradebook_duration":{"type":"trend","contains":"time","values":{"p(99)":14233.29724349,"avg":11927.193278737595,"min":50.836822,"med":12976.639837499999,"max":15192.170086,"p(90)":13714.816774,"p(95)":13908.25441405}},"materials_list_duration":{"type":"trend","contains":"time","values":{"med":12731.093845,"max":15552.954919,"p(90)":13447.6657825,"p(95)":13648.915963,"p(99)":13952.2515482,"avg":11636.54138577066,"min":25.864168}},"start_attempt_duration":{"type":"trend","contains":"time","values":{"p(99)":13977.905856439998,"avg":11755.659994282141,"min":44.87858,"med":12784.660264,"max":15174.495901,"p(90)":13480.9087022,"p(95)":13670.2398698}},"checks":{"type":"rate","contains":"default","values":{"rate":1,"passes":48270,"fails":0}},"data_sent":{"type":"counter","contains":"data","values":{"rate":8968.475631469819,"count":3512610}},"data_received":{"type":"counter","contains":"data","values":{"count":175358777,"rate":447730.0122384353}},"http_req_duration":{"thresholds":{"p(95)<2000":{"ok":false}},"type":"trend","contains":"time","values":{"p(95)":13778.769966,"p(99)":14108.3907955,"avg":11786.366180712841,"min":25.864168,"med":12849.912395,"max":15552.954919,"p(90)":13589.342302}},"iteration_duration":{"type":"trend","contains":"time","values":{"p(95)":15288.636827499999,"p(99)":15709.080700999999,"avg":13042.191147308122,"min":624.648646,"med":14063.923869,"max":16941.808925,"p(90)":15038.232529}},"vus_max":{"type":"gauge","contains":"default","values":{"value":1000,"min":1000,"max":1000}},"http_req_waiting":{"type":"trend","contains":"time","values":{"avg":11786.102410655536,"min":25.636269,"med":12849.637607,"max":15552.801703,"p(90)":13589.104173,"p(95)":13778.365374500001,"p(99)":14108.1704045}},"http_req_failed":{"type":"rate","contains":"default","values":{"rate":0,"passes":0,"fails":26851},"thresholds":{"rate<0.10":{"ok":true}}},"material_detail_duration":{"type":"trend","contains":"time","values":{"avg":11678.87185350199,"min":34.017669,"med":12748.828778,"max":14400.421896,"p(90)":13429.9887036,"p(95)":13611.92442425,"p(99)":13876.477321960001}},"http_req_tls_handshaking":{"type":"trend","contains":"time","values":{"p(90)":0,"p(95)":0,"p(99)":0,"avg":0,"min":0,"med":0,"max":0}},"http_req_sending":{"values":{"med":0.033527,"max":21.271576,"p(90)":0.055343,"p(95)":0.0770125,"p(99)":0.1485035,"avg":0.04309935588991117,"min":0.007979},"type":"trend","contains":"time"},"quiz_detail_duration":{"type":"trend","contains":"time","values":{"p(90)":13665.663321,"p(95)":13856.160435,"p(99)":14143.1226386,"avg":11861.199211530513,"min":51.112411,"med":12935.38214,"max":15282.973644}},"http_req_receiving":{"type":"trend","contains":"time","values":{"avg":0.2206707014263914,"min":0.025431,"med":0.141205,"max":38.344181,"p(90)":0.315922,"p(95)":0.4489605,"p(99)":1.1908975}},"http_reqs":{"contains":"default","values":{"count":26851,"rate":68.55658304810272},"type":"counter"}},"root_group":{"checks":[{"fails":0,"name":"[gradebook] status 200","path":"::[gradebook] status 200","id":"9186de991ebaa0ed414ff11baa5503d0","passes":5408},{"name":"[gradebook] success","path":"::[gradebook] success","id":"a15a69867e50cddaa06c049f7cde480d","passes":5408,"fails":0},{"path":"::[materials-list] status 200","id":"463a16ce0b1d8abee844a574ea056361","passes":5346,"fails":0,"name":"[materials-list] status 200"},{"name":"[materials-list] success","path":"::[materials-list] success","id":"664e43a5933df86e3bab167b84d274ca","passes":5346,"fails":0},{"path":"::[submit-assignment] status 201 or 400","id":"c6b8e5b4b95e1cad4532c36b70154d08","passes":2703,"fails":0,"name":"[submit-assignment] status 201 or 400"},{"path":"::[start-attempt] status 201 or 400","id":"33680026b6a14104cfefb4ee3b4b083d","passes":2729,"fails":0,"name":"[start-attempt] status 201 or 400"},{"passes":6671,"fails":0,"name":"[quiz-detail] status 200","path":"::[quiz-detail] status 200","id":"917c623bb77fd0f4c30b55655ab512f2"},{"name":"[quiz-detail] success","path":"::[quiz-detail] success","id":"6719d54de0da0cfb59497b1755be95e9","passes":6671,"fails":0},{"name":"[material-detail] status 200","path":"::[material-detail] status 200","id":"a12462dd78c876a1d31a53eadf87e378","passes":3994,"fails":0},{"name":"[material-detail] success","path":"::[material-detail] success","id":"3632f96ad89cbc27cd995a000cbd8596","passes":3994,"fails":0}],"name":"","path":"","id":"d41d8cd98f00b204e9800998ecf8427e","groups":[]},"options":{"summaryTrendStats":["avg","min","med","max","p(90)","p(95)","p(99)"],"summaryTimeUnit":"","noColor":false},"state":{"isStdOutTTY":false,"isStdErrTTY":false,"testRunDurationMs":391661.877039}}