{"metrics":{"http_req_sending":{"type":"trend","contains":"time","values":{"p(95)":0.0693835,"p(99)":0.1505330000000003,"avg":0.03583504316119738,"min":0.005959,"med":0.027552,"max":38.758577,"p(90)":0.0424145}},"start_attempt_duration":{"type":"trend","contains":"time","values":{"med":14326.880221,"max":17240.764152,"p(90)":15662.2990866,"p(95)":15967.714489399998,"p(99)":16299.922902280001,"avg":13225.847599993202,"min":28.893994}},"iterations":{"contains":"default","values":{"count":23586,"rate":59.991135256449105},"type":"counter"},"http_req_waiting":{"type":"trend","contains":"time","values":{"avg":13636.203103994583,"min":16.378395,"med":14460.3245595,"max":23697.329463,"p(90)":16600.487213,"p(95)":19135.89455025,"p(99)":21021.01859490001}},"data_received":{"type":"counter","contains":"data","values":{"count":2235638035,"rate":5686359.015608713}},"http_req_duration":{"type":"trend","contains":"time","values":{"p(95)":19185.171914749997,"p(99)":21083.694509100005,"avg":13644.129697519329,"min":16.50655,"med":14461.858748999999,"max":30001.02588,"p(90)":16619.7907705}},"course_structure_duration":{"values":{"p(95)":16073.1254222,"p(99)":16406.05032864,"avg":13069.746288049653,"min":30.725549,"med":14398.376067,"max":19568.543124,"p(90)":15765.721967600002},"type":"trend","contains":"time"},"errors":{"type":"rate","contains":"default","values":{"rate":1,"passes":505,"fails":0}},"http_req_failed":{"type":"rate","contains":"default","values":{"fails":21464,"rate":0.08996862545577886,"passes":2122},"thresholds":{"rate<0.05":{"ok":false}}},"http_req_connecting":{"contains":"time","values":{"p(99)":5.62715795000009,"avg":0.836298564784194,"min":0,"med":0,"max":1073.110144,"p(90)":0,"p(95)":0},"type":"trend"},"iteration_duration":{"values":{"p(99)":22388.964227950008,"avg":14899.478932809163,"min":536.476673,"med":15720.1522335,"max":31280.732672,"p(90)":18123.037058,"p(95)":20417.089153250003},"type":"trend","contains":"time"},"vus":{"values":{"max":1000,"value":10,"min":10},"type":"gauge","contains":"default"},"vus_max":{"type":"gauge","contains":"default","values":{"value":1000,"min":1000,"max":1000}},"data_sent":{"type":"counter","contains":"data","values":{"count":3804790,"rate":9677.506635817223}},"checks":{"contains":"default","values":{"rate":0.9831385642737897,"passes":29445,"fails":505},"type":"rate"},"course_completion_duration":{"type":"trend","contains":"time","values":{"p(95)":15870.6985533,"p(99)":16041.406698559998,"avg":12864.793378248442,"min":21.762771,"med":14316.444264,"max":16674.361947,"p(90)":15644.853484000001}},"http_reqs":{"type":"counter","contains":"default","values":{"count":23586,"rate":59.991135256449105}},"material_list_duration":{"type":"trend","contains":"time","values":{"max":17849.322106,"p(90)":15787.788880600001,"p(95)":16032.072016,"p(99)":16299.76845524,"avg":13274.490515415368,"min":24.332371,"med":14346.336612}},"quiz_attempt_result_duration":{"values":{"p(95)":16211.4101834,"p(99)":16649.637824539997,"avg":13452.13950002494,"min":44.076453,"med":14519.9169325,"max":16795.132472,"p(90)":15904.2551714},"type":"trend","contains":"time"},"material_detail_duration":{"contains":"time","values":{"min":22.302464,"med":14207.973093,"max":17155.76294,"p(90)":15539.703429800002,"p(95)":15883.5440216,"p(99)":16158.00590559,"avg":12947.849374812748},"type":"trend"},"http_req_blocked":{"type":"trend","contains":"time","values":{"p(99)":5.804097750000119,"avg":0.8482157940303563,"min":0.002624,"med":0.007331,"max":1073.203958,"p(90)":0.010135,"p(95)":0.0292645}},"http_req_receiving":{"type":"trend","contains":"time","values":{"max":7704.141026,"p(90)":19.349491,"p(95)":40.473566,"p(99)":107.87710610000033,"avg":7.8907584815991925,"min":0.016605,"med":0.368527}},"http_req_duration{expected_response:true}":{"contains":"time","values":{"p(95)":19335.614343499994,"p(99)":21155.32528623,"avg":13678.781725941632,"min":20.980387,"med":14492.420754499999,"max":23070.155877,"p(90)":17385.104382700007},"type":"trend"},"gradebook_duration":{"values":{"min":227.539258,"med":18780.3795055,"max":30001.02588,"p(90)":20878.2025585,"p(95)":21426.19931,"p(99)":22285.052651600003,"avg":17581.901553063413},"type":"trend","contains":"time"},"assignment_detail_duration":{"type":"trend","contains":"time","values":{"p(99)":16222.85494448,"avg":12925.303990243754,"min":20.980387,"med":14193.740097,"max":19267.623858,"p(90)":15604.8467774,"p(95)":15879.468750099999}},"quiz_detail_duration":{"type":"trend","contains":"time","values":{"p(95)":16152.955551399999,"p(99)":16540.99264096,"avg":13051.132414172771,"min":35.982191,"med":14424.352656,"max":17906.008008,"p(90)":15812.9547934}},"user_grades_duration":{"type":"trend","contains":"time","values":{"p(99)":16556.265491,"avg":13514.44089110535,"min":26.688048,"med":14531.766646,"max":17832.251353,"p(90)":15899.3706542,"p(95)":16180.7146196}},"submit_assignment_duration":{"type":"trend","contains":"time","values":{"p(99)":16286.95926814,"avg":13056.215276112305,"min":26.700758,"med":14258.9273545,"max":18301.419509,"p(90)":15605.2859338,"p(95)":15906.83769915}},"http_req_tls_handshaking":{"values":{"p(90)":0,"p(95)":0,"p(99)":0,"avg":0,"min":0,"med":0,"max":0},"type":"trend","contains":"time"}},"root_group":{"groups":[],"checks":[{"fails":0,"name":"[user-grades] status 200","path":"::[user-grades] status 200","id":"9f3f9ad7deda827f2720eebbc1dd73e8","passes":1177},{"passes":5885,"fails":0,"name":"[course-structure] status 200","path":"::[course-structure] status 200","id":"45076dc5505a2dec22a1285b97bafbe7"},{"name":"[course-structure] has sections","path":"::[course-structure] has sections","id":"577857fc8e49dd358e9f4a98d4384892","passes":5885,"fails":0},{"name":"[submit-assignment] status 201","path":"::[submit-assignment] status 201","id":"ecafa50a3856224eba5597445d73435f","passes":2210,"fails":132},{"name":"[cf-non-enrolled] status 403","path":"::[cf-non-enrolled] status 403","id":"74e7493c763b9162227e2b80a7db0818","passes":1000,"fails":0},{"passes":2884,"fails":2,"name":"[gradebook] status 200","path":"::[gradebook] status 200","id":"9186de991ebaa0ed414ff11baa5503d0"},{"name":"[material-list] status 200","path":"::[material-list] status 200","id":"0c8f8d2cbff40a8ee4a03aac96a829f5","passes":703,"fails":0},{"name":"[start-attempt] status 201","path":"::[start-attempt] status 201","id":"f990128b664d9d14e0bb6193e32639b6","passes":1999,"fails":358},{"name":"[course-completion] status 200","path":"::[course-completion] status 200","id":"6021218ae7a89652ba95b72dd11a3df7","passes":479,"fails":0},{"name":"[course-completion] has progress","path":"::[course-completion] has progress","id":"31c5713011250a32de1229068e09d491","passes":479,"fails":0},{"path":"::[quiz-detail] status 200","id":"917c623bb77fd0f4c30b55655ab512f2","passes":1175,"fails":0,"name":"[quiz-detail] status 200"},{"name":"[material] status 200","path":"::[material] status 200","id":"63f4ad05017bb4331bea0b8e36102285","passes":2334,"fails":0},{"path":"::[cf-prereq-locked] status 404","id":"02fa3bab31e2635b75b34d82dfe5a24b","passes":630,"fails":13,"name":"[cf-prereq-locked] status 404"},{"path":"::[assignment-detail] status 200","id":"e710e6c64d866e8aa495eeee12857a96","passes":1883,"fails":0,"name":"[assignment-detail] status 200"},{"path":"::[quiz-attempt-result] status 200","id":"70625d2eb6b822427844d89e9447d306","passes":722,"fails":0,"name":"[quiz-attempt-result] status 200"}],"name":"","path":"","id":"d41d8cd98f00b204e9800998ecf8427e"},"options":{"noColor":false,"summaryTrendStats":["avg","min","med","max","p(90)","p(95)","p(99)"],"summaryTimeUnit":""},"state":{"isStdOutTTY":false,"isStdErrTTY":false,"testRunDurationMs":393158.087427}}