{"metrics":{"http_req_sending":{"type":"trend","contains":"time","values":{"avg":0.029640785445943885,"min":0.005177,"med":0.026942,"max":1.271264,"p(90)":0.038719,"p(95)":0.044227,"p(99)":0.12242900000000004}},"quiz_attempt_result_duration":{"type":"trend","contains":"time","values":{"min":28.002928,"med":194.029232,"max":1603.296098,"p(90)":414.878216,"p(95)":467.89675950000003,"p(99)":604.9988275000001,"avg":221.50241678648226}},"http_req_connecting":{"type":"trend","contains":"time","values":{"p(90)":0,"p(95)":0,"p(99)":0,"avg":0.03585739265340198,"min":0,"med":0,"max":144.937395}},"errors":{"type":"rate","contains":"default","values":{"rate":1,"passes":411,"fails":0}},"http_req_tls_handshaking":{"type":"trend","contains":"time","values":{"p(99)":0,"avg":0,"min":0,"med":0,"max":0,"p(90)":0,"p(95)":0}},"quiz_detail_duration":{"type":"trend","contains":"time","values":{"p(95)":462.971834,"p(99)":597.7660343499999,"avg":223.8885705975609,"min":28.309795,"med":203.5666255,"max":799.915944,"p(90)":400.910302}},"course_structure_duration":{"type":"trend","contains":"time","values":{"max":1613.282595,"p(90)":359.05695160000005,"p(95)":421.5949101999999,"p(99)":535.0965495400002,"avg":198.1004996591944,"min":29.285454,"med":177.274914}},"material_detail_duration":{"type":"trend","contains":"time","values":{"p(99)":389.8707033200001,"avg":119.3920101062115,"min":19.818512,"med":102.470634,"max":754.444839,"p(90)":218.23468079999998,"p(95)":260.0562038}},"http_reqs":{"type":"counter","contains":"default","values":{"count":21561,"rate":55.21015491062402}},"data_received":{"type":"counter","contains":"data","values":{"count":1991228363,"rate":5098837.08472048}},"course_completion_duration":{"type":"trend","contains":"time","values":{"avg":95.40127315012103,"min":16.600032,"med":82.649922,"max":482.164288,"p(90)":177.66708500000004,"p(95)":206.42273019999982,"p(99)":279.96491607999997}},"http_req_receiving":{"type":"trend","contains":"time","values":{"avg":4.923327105468201,"min":0.015303,"med":0.33706,"max":478.046145,"p(90)":14.232551,"p(95)":26.521046,"p(99)":75.85107760000128}},"iterations":{"type":"counter","contains":"default","values":{"count":21561,"rate":55.21015491062402}},"start_attempt_duration":{"type":"trend","contains":"time","values":{"p(90)":277.1720312,"p(95)":322.985169,"p(99)":451.2098180399995,"avg":152.60378462143197,"min":21.511093,"med":133.648494,"max":805.771496}},"submit_assignment_duration":{"values":{"p(90)":261.2162509000001,"p(95)":307.88660529999953,"p(99)":426.1214352000002,"avg":144.28265644775414,"min":22.768912,"med":127.66460000000001,"max":767.178234},"type":"trend","contains":"time"},"vus":{"type":"gauge","contains":"default","values":{"value":2,"min":2,"max":100}},"http_req_blocked":{"values":{"p(95)":0.010215,"p(99)":0.03628680000000106,"avg":0.04385774894485312,"min":0.002253,"med":0.00691,"max":145.031297,"p(90)":0.008823},"type":"trend","contains":"time"},"http_req_waiting":{"type":"trend","contains":"time","values":{"max":4691.151328,"p(90)":658.719392,"p(95)":1872.920128,"p(99)":3124.7610992000004,"avg":344.50791272825853,"min":12.466518,"med":153.695316}},"data_sent":{"type":"counter","contains":"data","values":{"count":3479181,"rate":8908.961642414535}},"gradebook_duration":{"type":"trend","contains":"time","values":{"avg":1736.568565999998,"min":175.681398,"med":1675.3186685,"max":4755.761337,"p(90)":3058.215767,"p(95)":3457.528750099999,"p(99)":4051.17176451}},"checks":{"type":"rate","contains":"default","values":{"rate":0.985033319981064,"passes":27050,"fails":411}},"http_req_failed":{"type":"rate","contains":"default","values":{"rate":0.08673067111915032,"passes":1870,"fails":19691},"thresholds":{"rate<0.05":{"ok":false}}},"assignment_detail_duration":{"type":"trend","contains":"time","values":{"med":109.674278,"max":978.112644,"p(90)":227.92643990000002,"p(95)":277.30876865,"p(99)":379.78044196999934,"avg":127.41187146086428,"min":19.786985}},"material_list_duration":{"values":{"p(90)":274.330072,"p(95)":312.1734025,"p(99)":402.88777844999873,"avg":146.48916491666677,"min":21.170395,"med":124.67513650000001,"max":551.371581},"type":"trend","contains":"time"},"http_req_duration":{"type":"trend","contains":"time","values":{"max":4755.761337,"p(90)":673.835953,"p(95)":1897.696175,"p(99)":3182.211976800003,"avg":349.46088061917413,"min":12.561261,"med":154.690046}},"iteration_duration":{"type":"trend","contains":"time","values":{"max":6455.204201,"p(90)":2224.811501,"p(95)":3153.000772,"p(99)":4554.742739000001,"avg":1604.4400786457031,"min":523.70035,"med":1509.546282}},"http_req_duration{expected_response:true}":{"type":"trend","contains":"time","values":{"max":4755.761337,"p(90)":879.253529,"p(95)":1997.058481,"p(99)":3221.746449499997,"avg":372.74144562988255,"min":16.600032,"med":164.280122}},"user_grades_duration":{"type":"trend","contains":"time","values":{"avg":221.5442904347036,"min":21.294934,"med":186.54781,"max":969.08433,"p(90)":434.40029300000003,"p(95)":535.1434601999998,"p(99)":726.4028531399986}},"vus_max":{"type":"gauge","contains":"default","values":{"value":100,"min":100,"max":100}}},"root_group":{"name":"","path":"","id":"d41d8cd98f00b204e9800998ecf8427e","groups":[],"checks":[{"name":"[course-structure] status 200","path":"::[course-structure] status 200","id":"45076dc5505a2dec22a1285b97bafbe7","passes":5487,"fails":0},{"fails":0,"name":"[course-structure] has sections","path":"::[course-structure] has sections","id":"577857fc8e49dd358e9f4a98d4384892","passes":5487},{"path":"::[start-attempt] status 201","id":"f990128b664d9d14e0bb6193e32639b6","passes":1838,"fails":299,"name":"[start-attempt] status 201"},{"name":"[assignment-detail] status 200","path":"::[assignment-detail] status 200","id":"e710e6c64d866e8aa495eeee12857a96","passes":1712,"fails":0},{"name":"[quiz-detail] status 200","path":"::[quiz-detail] status 200","id":"917c623bb77fd0f4c30b55655ab512f2","passes":1066,"fails":0},{"id":"ecafa50a3856224eba5597445d73435f","passes":2072,"fails":110,"name":"[submit-assignment] status 201","path":"::[submit-assignment] status 201"},{"name":"[material] status 200","path":"::[material] status 200","id":"63f4ad05017bb4331bea0b8e36102285","passes":2109,"fails":0},{"name":"[cf-non-enrolled] status 403","path":"::[cf-non-enrolled] status 403","id":"74e7493c763b9162227e2b80a7db0818","passes":908,"fails":0},{"name":"[user-grades] status 200","path":"::[user-grades] status 200","id":"9f3f9ad7deda827f2720eebbc1dd73e8","passes":1095,"fails":0},{"name":"[material-list] status 200","path":"::[material-list] status 200","id":"0c8f8d2cbff40a8ee4a03aac96a829f5","passes":696,"fails":0},{"name":"[course-completion] status 200","path":"::[course-completion] status 200","id":"6021218ae7a89652ba95b72dd11a3df7","passes":413,"fails":0},{"fails":0,"name":"[course-completion] has progress","path":"::[course-completion] has progress","id":"31c5713011250a32de1229068e09d491","passes":413},{"id":"02fa3bab31e2635b75b34d82dfe5a24b","passes":553,"fails":2,"name":"[cf-prereq-locked] status 404","path":"::[cf-prereq-locked] status 404"},{"fails":0,"name":"[gradebook] status 200","path":"::[gradebook] status 200","id":"9186de991ebaa0ed414ff11baa5503d0","passes":2550},{"passes":651,"fails":0,"name":"[quiz-attempt-result] status 200","path":"::[quiz-attempt-result] status 200","id":"70625d2eb6b822427844d89e9447d306"}]},"options":{"summaryTrendStats":["avg","min","med","max","p(90)","p(95)","p(99)"],"summaryTimeUnit":"","noColor":false},"state":{"isStdOutTTY":false,"isStdErrTTY":false,"testRunDurationMs":390525.982673}}