{"metrics":{"submit_assignment_duration":{"contains":"time","values":{"min":30.133237,"med":213.849879,"max":1143.664891,"p(90)":470.1513758,"p(95)":558.4078913999999,"p(99)":711.7326945200035,"avg":246.60937479234477},"type":"trend"},"http_req_duration":{"type":"trend","contains":"time","values":{"p(99)":719.5172365999996,"avg":237.37403393845628,"min":20.088628,"med":201.376681,"max":1421.791451,"p(90)":471.4635698,"p(95)":553.5093087999999},"thresholds":{"p(95)<2000":{"ok":true}}},"start_attempt_duration":{"type":"trend","contains":"time","values":{"avg":213.4690930482418,"min":23.557211,"med":184.967815,"max":840.926593,"p(90)":411.51031839999996,"p(95)":477.6809534000001,"p(99)":625.73824865}},"http_req_sending":{"type":"trend","contains":"time","values":{"med":0.035145,"max":26.719102,"p(90)":0.05555120000000003,"p(95)":0.06747709999999998,"p(99)":0.18352509999999972,"avg":0.045807388166702746,"min":0.007644}},"iterations":{"type":"counter","contains":"default","values":{"count":23155,"rate":59.22013292739089}},"http_reqs":{"type":"counter","contains":"default","values":{"rate":59.22013292739089,"count":23155}},"vus_max":{"contains":"default","values":{"min":100,"max":100,"value":100},"type":"gauge"},"checks":{"type":"rate","contains":"default","values":{"rate":1,"passes":41819,"fails":0}},"http_req_blocked":{"type":"trend","contains":"time","values":{"max":18.858052,"p(90)":0.01801140000000001,"p(95)":0.024631899999999998,"p(99)":0.06114371999999993,"avg":0.017187438998056602,"min":0.002975,"med":0.011042}},"vus":{"type":"gauge","contains":"default","values":{"value":1,"min":1,"max":100}},"http_req_failed":{"type":"rate","contains":"default","values":{"rate":0,"passes":0,"fails":23155},"thresholds":{"rate<0.10":{"ok":true}}},"http_req_duration{expected_response:true}":{"values":{"max":1421.791451,"p(90)":471.4635698,"p(95)":553.5093087999999,"p(99)":719.5172365999996,"avg":237.37403393845628,"min":20.088628,"med":201.376681},"type":"trend","contains":"time"},"gradebook_duration":{"type":"trend","contains":"time","values":{"min":33.943637,"med":239.234962,"max":1123.095978,"p(90)":533.9554962,"p(95)":610.1550671999997,"p(99)":784.36500446,"avg":276.96239486678184}},"http_req_connecting":{"type":"trend","contains":"time","values":{"min":0,"med":0,"max":18.67024,"p(90)":0,"p(95)":0,"p(99)":0,"avg":0.0029878440941481337}},"materials_list_duration":{"type":"trend","contains":"time","values":{"p(99)":618.895094399999,"avg":198.61271963284673,"min":20.088628,"med":171.520671,"max":1421.791451,"p(90)":392.711413,"p(95)":467.6676275}},"http_req_tls_handshaking":{"type":"trend","contains":"time","values":{"p(90)":0,"p(95)":0,"p(99)":0,"avg":0,"min":0,"med":0,"max":0}},"quiz_detail_duration":{"type":"trend","contains":"time","values":{"avg":269.1791099734871,"min":29.251503,"med":237.895426,"max":1348.388538,"p(90)":518.0774784,"p(95)":595.6622773999999,"p(99)":764.3752530800023}},"data_received":{"type":"counter","contains":"data","values":{"count":149276965,"rate":381783.7059079023}},"material_detail_duration":{"type":"trend","contains":"time","values":{"avg":195.08818722634103,"min":21.893154,"med":163.500123,"max":983.069019,"p(90)":393.663567,"p(95)":466.213321,"p(99)":614.0380386000003}},"errors":{"type":"rate","contains":"default","values":{"rate":0,"passes":0,"fails":0},"thresholds":{"rate<0.10":{"ok":true}}},"http_req_waiting":{"type":"trend","contains":"time","values":{"max":1421.643023,"p(90)":471.2333560000001,"p(95)":553.3990102,"p(99)":719.3320019999996,"avg":237.1032862241846,"min":19.966441,"med":201.05305}},"http_req_receiving":{"values":{"avg":0.22494032610667097,"min":0.030048,"med":0.146934,"max":28.94158,"p(90)":0.3302960000000001,"p(95)":0.46393609999999996,"p(99)":1.2408055799999995},"type":"trend","contains":"time"},"data_sent":{"type":"counter","contains":"data","values":{"count":3017749,"rate":7718.052123580261}},"iteration_duration":{"type":"trend","contains":"time","values":{"p(90)":2097.9444600000006,"p(95)":2222.9018039999996,"p(99)":2452.749592179998,"avg":1493.6112396340347,"min":536.272383,"med":1498.64886,"max":3011.918197}}},"root_group":{"groups":[],"checks":[{"name":"[gradebook] status 200","path":"::[gradebook] status 200","id":"9186de991ebaa0ed414ff11baa5503d0","passes":4639,"fails":0},{"path":"::[gradebook] success","id":"a15a69867e50cddaa06c049f7cde480d","passes":4639,"fails":0,"name":"[gradebook] success"},{"name":"[submit-assignment] status 201 or 400","path":"::[submit-assignment] status 201 or 400","id":"c6b8e5b4b95e1cad4532c36b70154d08","passes":2273,"fails":0},{"name":"[quiz-detail] status 200","path":"::[quiz-detail] status 200","id":"917c623bb77fd0f4c30b55655ab512f2","passes":5733,"fails":0},{"passes":5733,"fails":0,"name":"[quiz-detail] success","path":"::[quiz-detail] success","id":"6719d54de0da0cfb59497b1755be95e9"},{"id":"33680026b6a14104cfefb4ee3b4b083d","passes":2218,"fails":0,"name":"[start-attempt] status 201 or 400","path":"::[start-attempt] status 201 or 400"},{"name":"[material-detail] status 200","path":"::[material-detail] status 200","id":"a12462dd78c876a1d31a53eadf87e378","passes":3561,"fails":0},{"path":"::[material-detail] success","id":"3632f96ad89cbc27cd995a000cbd8596","passes":3561,"fails":0,"name":"[material-detail] success"},{"name":"[materials-list] status 200","path":"::[materials-list] status 200","id":"463a16ce0b1d8abee844a574ea056361","passes":4731,"fails":0},{"name":"[materials-list] success","path":"::[materials-list] success","id":"664e43a5933df86e3bab167b84d274ca","passes":4731,"fails":0}],"name":"","path":"","id":"d41d8cd98f00b204e9800998ecf8427e"},"options":{"summaryTrendStats":["avg","min","med","max","p(90)","p(95)","p(99)"],"summaryTimeUnit":"","noColor":false},"state":{"isStdOutTTY":false,"isStdErrTTY":false,"testRunDurationMs":390998.784626}}