{"state":{"testRunDurationMs":396969.468289,"isStdOutTTY":false,"isStdErrTTY":false},"metrics":{"http_req_waiting":{"type":"trend","contains":"time","values":{"med":20892.349226500002,"max":23456.600551,"p(90)":21784.3122065,"p(95)":21953.09415875,"p(99)":22233.131203099998,"avg":18857.18096428713,"min":0.111417}},"http_reqs":{"values":{"count":26406,"rate":66.51896961701854},"type":"counter","contains":"default"},"http_req_receiving":{"type":"trend","contains":"time","values":{"p(95)":0.469611,"p(99)":1.2493713500000023,"avg":0.22950897674770757,"min":0,"med":0.14681850000000002,"max":67.468324,"p(90)":0.3204005}},"gradebook_duration":{"type":"trend","contains":"time","values":{"min":0.728941,"med":21010.835847000002,"max":23124.01807,"p(90)":21922.925175200002,"p(95)":22073.0795147,"p(99)":22347.763342989998,"avg":18963.094227884645}},"submit_assignment_duration":{"type":"trend","contains":"time","values":{"med":20895.36619,"max":22895.554559,"p(90)":21804.9436614,"p(95)":21944.058372,"p(99)":22205.4299734,"avg":18746.722028655506,"min":0.408545}},"start_attempt_duration":{"type":"trend","contains":"time","values":{"p(99)":22033.178935080003,"avg":18741.389192966682,"min":0.545206,"med":20809.267893,"max":22577.935667,"p(90)":21667.0202422,"p(95)":21821.519719}},"vus":{"type":"gauge","contains":"default","values":{"value":11,"min":0,"max":1500}},"http_req_duration":{"thresholds":{"p(95)<2000":{"ok":false}},"type":"trend","contains":"time","values":{"p(99)":22234.18437385,"avg":18857.495530396667,"min":0.252158,"med":20892.6064945,"max":23456.860474,"p(90)":21784.54496,"p(95)":21953.31149625}},"checks":{"type":"rate","contains":"default","values":{"rate":0.9979980612803978,"passes":47359,"fails":95}},"http_req_blocked":{"type":"trend","contains":"time","values":{"med":0.279187,"max":64.177809,"p(90)":0.389798,"p(95)":0.47458825,"p(99)":1.412808050000003,"avg":0.31430559619025983,"min":0.003843}},"http_req_connecting":{"type":"trend","contains":"time","values":{"min":0,"med":0.19896550000000002,"max":64.079062,"p(90)":0.2778095,"p(95)":0.34437625,"p(99)":1.1750167500000022,"avg":0.23700923040218122}},"data_received":{"type":"counter","contains":"data","values":{"count":172381671,"rate":434244.1541990414}},"quiz_detail_duration":{"type":"trend","contains":"time","values":{"max":23456.860474,"p(90)":21878.698534000003,"p(95)":22034.64305085,"p(99)":22300.67675655,"avg":18983.39245338777,"min":1.082551,"med":20983.6930175}},"http_req_failed":{"type":"rate","contains":"default","values":{"rate":0.00208285995607059,"passes":55,"fails":26351},"thresholds":{"rate<0.10":{"ok":true}}},"http_req_duration{expected_response:true}":{"type":"trend","contains":"time","values":{"avg":18896.828576251046,"min":26.780595,"med":20895.606125,"max":23456.860474,"p(90)":21785.316363,"p(95)":21953.6787915,"p(99)":22234.6003475}},"vus_max":{"type":"gauge","contains":"default","values":{"value":1500,"min":994,"max":1500}},"iterations":{"type":"counter","contains":"default","values":{"count":26406,"rate":66.51896961701854}},"http_req_sending":{"contains":"time","values":{"p(95)":0.11983825000000001,"p(99)":0.2138719500000001,"avg":0.08505713284859584,"min":0.00843,"med":0.0643815,"max":67.957174,"p(90)":0.102079},"type":"trend"},"errors":{"values":{"rate":1,"passes":55,"fails":0},"thresholds":{"rate<0.10":{"ok":false}},"type":"rate","contains":"default"},"data_sent":{"type":"counter","contains":"data","values":{"count":3457282,"rate":8709.18868118856}},"http_req_tls_handshaking":{"type":"trend","contains":"time","values":{"p(99)":0,"avg":0,"min":0,"med":0,"max":0,"p(90)":0,"p(95)":0}},"material_detail_duration":{"type":"trend","contains":"time","values":{"med":20794.683753,"max":22522.494868,"p(90)":21641.0299242,"p(95)":21784.4197966,"p(99)":22045.212264799997,"avg":18806.156424646797,"min":0.756551}},"materials_list_duration":{"type":"trend","contains":"time","values":{"avg":18747.584738583682,"min":0.252158,"med":20799.064876,"max":22951.893591,"p(90)":21650.6402364,"p(95)":21807.5089858,"p(99)":22062.24514862}},"iteration_duration":{"values":{"min":523.534882,"med":22113.321752,"max":25200.388029,"p(90)":23198.6783805,"p(95)":23461.228378,"p(99)":23846.41338695,"avg":20109.94889983898},"type":"trend","contains":"time"}},"root_group":{"name":"","path":"","id":"d41d8cd98f00b204e9800998ecf8427e","groups":[],"checks":[{"name":"[materials-list] status 200","path":"::[materials-list] status 200","id":"463a16ce0b1d8abee844a574ea056361","passes":5288,"fails":11},{"name":"[materials-list] success","path":"::[materials-list] success","id":"664e43a5933df86e3bab167b84d274ca","passes":5288,"fails":11},{"name":"[quiz-detail] status 200","path":"::[quiz-detail] status 200","id":"917c623bb77fd0f4c30b55655ab512f2","passes":6637,"fails":11},{"name":"[quiz-detail] success","path":"::[quiz-detail] success","id":"6719d54de0da0cfb59497b1755be95e9","passes":6637,"fails":11},{"fails":12,"name":"[gradebook] status 200","path":"::[gradebook] status 200","id":"9186de991ebaa0ed414ff11baa5503d0","passes":5216},{"name":"[gradebook] success","path":"::[gradebook] success","id":"a15a69867e50cddaa06c049f7cde480d","passes":5216,"fails":12},{"path":"::[material-detail] status 200","id":"a12462dd78c876a1d31a53eadf87e378","passes":3867,"fails":6,"name":"[material-detail] status 200"},{"name":"[material-detail] success","path":"::[material-detail] success","id":"3632f96ad89cbc27cd995a000cbd8596","passes":3867,"fails":6},{"passes":2668,"fails":5,"name":"[start-attempt] status 201 or 400","path":"::[start-attempt] status 201 or 400","id":"33680026b6a14104cfefb4ee3b4b083d"},{"path":"::[submit-assignment] status 201 or 400","id":"c6b8e5b4b95e1cad4532c36b70154d08","passes":2675,"fails":10,"name":"[submit-assignment] status 201 or 400"}]},"options":{"summaryTrendStats":["avg","min","med","max","p(90)","p(95)","p(99)"],"summaryTimeUnit":"","noColor":false}}