{"metrics":{"course_completion_duration":{"type":"trend","contains":"time","values":{"avg":26423.868617440505,"min":0.883149,"med":29998.883865,"max":30130.674584,"p(90)":29999.9350446,"p(95)":30000.13745375,"p(99)":30010.62780495}},"quiz_detail_duration":{"values":{"p(90)":29999.934974400003,"p(95)":30000.16279675,"p(99)":30008.65828201,"avg":26810.678995680475,"min":0.91095,"med":29998.982401499998,"max":30063.519782},"type":"trend","contains":"time"},"material_list_duration":{"contains":"time","values":{"p(99)":30000.6884489,"avg":27127.261726804023,"min":39.522241,"med":29998.9506255,"max":30121.057223,"p(90)":29999.913719,"p(95)":30000.123601},"type":"trend"},"http_req_sending":{"type":"trend","contains":"time","values":{"max":448.686035,"p(90)":0.097539,"p(95)":0.11830889999999995,"p(99)":0.22847096000000006,"avg":0.0902613207914619,"min":0.005909,"med":0.057541999999999996}},"submit_assignment_duration":{"type":"trend","contains":"time","values":{"med":29998.8349635,"max":30153.535228,"p(90)":29999.920410299997,"p(95)":30000.1429824,"p(99)":30009.449554050003,"avg":26435.92395271532,"min":0.622009}},"http_req_failed":{"type":"rate","contains":"default","values":{"rate":0.8188829165692919,"passes":21024,"fails":4650},"thresholds":{"rate<0.05":{"ok":false}}},"errors":{"contains":"default","values":{"rate":1,"passes":20645,"fails":0},"type":"rate"},"gradebook_duration":{"type":"trend","contains":"time","values":{"avg":27581.979730883406,"min":0.585454,"med":29999.014181,"max":30313.798399,"p(90)":29999.9940237,"p(95)":30000.268090999998,"p(99)":30004.40531511}},"quiz_attempt_result_duration":{"values":{"avg":26439.5910034462,"min":1.039015,"med":29998.84205,"max":30210.890091,"p(90)":29999.936223999997,"p(95)":30000.137550400003,"p(99)":30009.183017879997},"type":"trend","contains":"time"},"vus":{"contains":"default","values":{"value":3,"min":3,"max":2000},"type":"gauge"},"data_received":{"type":"counter","contains":"data","values":{"count":415981301,"rate":991304.5378723509}},"http_req_tls_handshaking":{"contains":"time","values":{"p(90)":0,"p(95)":0,"p(99)":0,"avg":0,"min":0,"med":0,"max":0},"type":"trend"},"course_structure_duration":{"type":"trend","contains":"time","values":{"med":29998.8866985,"max":30232.960593,"p(90)":29999.9197512,"p(95)":30000.13762825,"p(99)":30008.069440490002,"avg":26677.529745025262,"min":0.703023}},"checks":{"values":{"rate":0.19677004167688159,"passes":6421,"fails":26211},"type":"rate","contains":"default"},"material_detail_duration":{"type":"trend","contains":"time","values":{"max":30305.498358,"p(90)":29999.9858558,"p(95)":30000.20563635,"p(99)":30011.57746955,"avg":26745.71850333177,"min":0.902496,"med":29998.9331565}},"http_reqs":{"type":"counter","contains":"default","values":{"count":25674,"rate":61.182444124657266}},"http_req_waiting":{"type":"trend","contains":"time","values":{"avg":26803.72843962856,"min":0.486983,"med":29998.855785,"max":30313.729795,"p(90)":29999.8817536,"p(95)":30000.104820049997,"p(99)":30008.108433460002}},"assignment_detail_duration":{"type":"trend","contains":"time","values":{"min":0.937289,"med":29998.883709,"max":30295.432843,"p(90)":29999.96111,"p(95)":30000.126558,"p(99)":30011.5928776,"avg":26574.706134250886}},"iterations":{"type":"counter","contains":"default","values":{"count":25586,"rate":60.972735661505055}},"http_req_duration{expected_response:true}":{"type":"trend","contains":"time","values":{"min":24.022986,"med":14920.3307385,"max":29999.439976,"p(90)":26343.697106300002,"p(95)":28013.3169576,"p(99)":29586.848415930006,"avg":14591.590591355915}},"start_attempt_duration":{"type":"trend","contains":"time","values":{"avg":26943.90651384552,"min":0.79741,"med":29999.004168,"max":30237.990707,"p(90)":29999.936646399998,"p(95)":30000.132431100003,"p(99)":30010.60349554}},"http_req_duration":{"type":"trend","contains":"time","values":{"avg":26805.16606065184,"min":0.585454,"med":29998.9249375,"max":30313.798399,"p(90)":29999.9438591,"p(95)":30000.15796515,"p(99)":30008.1775923}},"data_sent":{"type":"counter","contains":"data","values":{"count":4143404,"rate":9873.941875667268}},"http_req_receiving":{"contains":"time","values":{"max":913.466521,"p(90)":0.29564470000000015,"p(95)":1.1996423999999963,"p(99)":37.39033440000013,"avg":1.3473597023058337,"min":0,"med":0},"type":"trend"},"user_grades_duration":{"type":"trend","contains":"time","values":{"p(90)":29999.9539806,"p(95)":30000.2129901,"p(99)":30016.65942284,"avg":27064.147399728154,"min":0.842586,"med":29998.985118,"max":30195.331587}},"iteration_duration":{"values":{"max":32169.201411,"p(90)":31808.6268615,"p(95)":31905.22929625,"p(99)":31983.00579315,"avg":28057.905478221634,"min":529.967738,"med":31063.939172},"type":"trend","contains":"time"},"http_req_connecting":{"type":"trend","contains":"time","values":{"p(90)":17.962138400000004,"p(95)":39.18191014999996,"p(99)":206.18562383000102,"avg":14.454781286359703,"min":0,"med":1.256907,"max":3093.325772}},"vus_max":{"type":"gauge","contains":"default","values":{"value":2000,"min":2000,"max":2000}},"http_req_blocked":{"type":"trend","contains":"time","values":{"min":0.002754,"med":1.3242645,"max":3093.37852,"p(90)":18.065312100000032,"p(95)":39.27104939999999,"p(99)":206.22559795000103,"avg":14.5172451387786}}},"root_group":{"name":"","path":"","id":"d41d8cd98f00b204e9800998ecf8427e","groups":[],"checks":[{"fails":5176,"name":"[course-structure] status 200","path":"::[course-structure] status 200","id":"45076dc5505a2dec22a1285b97bafbe7","passes":1278},{"name":"[course-structure] has sections","path":"::[course-structure] has sections","id":"577857fc8e49dd358e9f4a98d4384892","passes":1278,"fails":5176},{"passes":463,"fails":2075,"name":"[start-attempt] status 201","path":"::[start-attempt] status 201","id":"f990128b664d9d14e0bb6193e32639b6"},{"name":"[cf-non-enrolled] status 403","path":"::[cf-non-enrolled] status 403","id":"74e7493c763b9162227e2b80a7db0818","passes":238,"fails":873},{"name":"[user-grades] status 200","path":"::[user-grades] status 200","id":"9f3f9ad7deda827f2720eebbc1dd73e8","passes":235,"fails":1060},{"name":"[submit-assignment] status 201","path":"::[submit-assignment] status 201","id":"ecafa50a3856224eba5597445d73435f","passes":534,"fails":2030},{"passes":160,"fails":593,"name":"[quiz-attempt-result] status 200","path":"::[quiz-attempt-result] status 200","id":"70625d2eb6b822427844d89e9447d306"},{"name":"[cf-prereq-locked] status 404","path":"::[cf-prereq-locked] status 404","id":"02fa3bab31e2635b75b34d82dfe5a24b","passes":141,"fails":585},{"passes":415,"fails":1626,"name":"[assignment-detail] status 200","path":"::[assignment-detail] status 200","id":"e710e6c64d866e8aa495eeee12857a96"},{"name":"[material-list] status 200","path":"::[material-list] status 200","id":"0c8f8d2cbff40a8ee4a03aac96a829f5","passes":158,"fails":638},{"name":"[gradebook] status 200","path":"::[gradebook] status 200","id":"9186de991ebaa0ed414ff11baa5503d0","passes":529,"fails":2583},{"name":"[material] status 200","path":"::[material] status 200","id":"63f4ad05017bb4331bea0b8e36102285","passes":521,"fails":2029},{"fails":987,"name":"[quiz-detail] status 200","path":"::[quiz-detail] status 200","id":"917c623bb77fd0f4c30b55655ab512f2","passes":243},{"name":"[course-completion] status 200","path":"::[course-completion] status 200","id":"6021218ae7a89652ba95b72dd11a3df7","passes":114,"fails":390},{"passes":114,"fails":390,"name":"[course-completion] has progress","path":"::[course-completion] has progress","id":"31c5713011250a32de1229068e09d491"}]},"options":{"summaryTrendStats":["avg","min","med","max","p(90)","p(95)","p(99)"],"summaryTimeUnit":"","noColor":false},"state":{"isStdOutTTY":false,"isStdErrTTY":false,"testRunDurationMs":419630.179332}}