{"options":{"noColor":false,"summaryTrendStats":["avg","min","med","max","p(90)","p(95)","p(99)"],"summaryTimeUnit":""},"state":{"isStdOutTTY":false,"isStdErrTTY":false,"testRunDurationMs":405142.520745},"metrics":{"materials_list_duration":{"contains":"time","values":{"min":0.480708,"med":28657.000583499997,"max":30000.338677,"p(90)":29162.4836585,"p(95)":29308.9610765,"p(99)":29510.6868761,"avg":25612.147392460178},"type":"trend"},"iteration_duration":{"values":{"avg":26944.634745587962,"min":549.58283,"med":29887.162514,"max":32010.398112,"p(90)":30808.274670400002,"p(95)":31003.8887624,"p(99)":31350.84419706},"type":"trend","contains":"time"},"http_req_duration":{"thresholds":{"p(95)<2000":{"ok":false}},"type":"trend","contains":"time","values":{"max":30021.022412,"p(90)":29312.4900896,"p(95)":29452.588056599998,"p(99)":29725.56538592,"avg":25693.168123152973,"min":0.226208,"med":28752.363719}},"vus":{"type":"gauge","contains":"default","values":{"min":0,"max":2000,"value":24}},"http_req_receiving":{"contains":"time","values":{"max":97.78276,"p(90)":0.32178100000000004,"p(95)":0.4903432999999998,"p(99)":1.2588104799999997,"avg":0.23060458816909846,"min":0,"med":0.145487},"type":"trend"},"quiz_detail_duration":{"type":"trend","contains":"time","values":{"p(95)":29540.9411914,"p(99)":29792.728220200002,"avg":25844.328005424624,"min":33.759447,"med":28856.913281,"max":30021.022412,"p(90)":29405.5594066}},"start_attempt_duration":{"type":"trend","contains":"time","values":{"med":28680.207213,"max":30014.020074,"p(90)":29194.1866332,"p(95)":29342.063405,"p(99)":29606.336208959998,"avg":25653.9201335483,"min":35.512414}},"errors":{"type":"rate","contains":"default","values":{"rate":1,"passes":62,"fails":0},"thresholds":{"rate<0.10":{"ok":false}}},"http_req_failed":{"values":{"passes":62,"fails":26597,"rate":0.0023256686297310476},"thresholds":{"rate<0.10":{"ok":true}},"type":"rate","contains":"default"},"http_req_waiting":{"type":"trend","contains":"time","values":{"max":30020.935301,"p(90)":29312.2132472,"p(95)":29452.3965594,"p(99)":29725.29910254,"avg":25692.852752099065,"min":0.035817,"med":28752.122217}},"gradebook_duration":{"type":"trend","contains":"time","values":{"avg":25762.313275833945,"min":0.521964,"med":28857.8440735,"max":30013.520332,"p(90)":29419.0242077,"p(95)":29551.871303350003,"p(99)":29836.51733141}},"http_req_duration{expected_response:true}":{"values":{"p(90)":29308.1800284,"p(95)":29444.1511232,"p(99)":29694.67903368,"avg":25688.764448079517,"min":22.823691,"med":28751.084965,"max":29996.173632},"type":"trend","contains":"time"},"http_req_tls_handshaking":{"type":"trend","contains":"time","values":{"med":0,"max":0,"p(90)":0,"p(95)":0,"p(99)":0,"avg":0,"min":0}},"checks":{"values":{"rate":0.9975571562793611,"passes":47778,"fails":117},"type":"rate","contains":"default"},"http_req_blocked":{"type":"trend","contains":"time","values":{"avg":0.3707765350163175,"min":0.003397,"med":0.292445,"max":57.710633,"p(90)":0.40918720000000003,"p(95)":0.5404328999999995,"p(99)":1.8739337999999695}},"iterations":{"type":"counter","contains":"default","values":{"count":26659,"rate":65.80153559536988}},"http_req_sending":{"type":"trend","contains":"time","values":{"med":0.068305,"max":43.005536,"p(90)":0.10446860000000001,"p(95)":0.12312739999999998,"p(99)":0.23220605999999844,"avg":0.08476646558385503,"min":0.008035}},"http_req_connecting":{"type":"trend","contains":"time","values":{"avg":0.2816025125098468,"min":0,"med":0.209567,"max":57.613239,"p(90)":0.29187600000000014,"p(95)":0.41700769999999965,"p(99)":1.6141095999999693}},"data_received":{"type":"counter","contains":"data","values":{"count":172065757,"rate":424704.2662507883}},"submit_assignment_duration":{"type":"trend","contains":"time","values":{"p(90)":29300.8398623,"p(95)":29438.28827265,"p(99)":29670.836313940003,"avg":25673.631743421804,"min":0.226208,"med":28793.0184325,"max":30000.514043}},"data_sent":{"type":"counter","contains":"data","values":{"count":3489750,"rate":8613.635501854611}},"vus_max":{"type":"gauge","contains":"default","values":{"value":2000,"min":1325,"max":2000}},"http_reqs":{"type":"counter","contains":"default","values":{"count":26659,"rate":65.80153559536988}},"material_detail_duration":{"type":"trend","contains":"time","values":{"avg":25492.50058832144,"min":22.823691,"med":28639.855506,"max":30009.658133,"p(90)":29146.798228,"p(95)":29290.707011,"p(99)":29522.2897596}}},"root_group":{"name":"","path":"","id":"d41d8cd98f00b204e9800998ecf8427e","groups":[],"checks":[{"name":"[quiz-detail] status 200","path":"::[quiz-detail] status 200","id":"917c623bb77fd0f4c30b55655ab512f2","passes":6691,"fails":26},{"name":"[quiz-detail] success","path":"::[quiz-detail] success","id":"6719d54de0da0cfb59497b1755be95e9","passes":6691,"fails":26},{"name":"[material-detail] status 200","path":"::[material-detail] status 200","id":"a12462dd78c876a1d31a53eadf87e378","passes":3938,"fails":3},{"id":"3632f96ad89cbc27cd995a000cbd8596","passes":3938,"fails":3,"name":"[material-detail] success","path":"::[material-detail] success"},{"passes":5249,"fails":23,"name":"[gradebook] status 200","path":"::[gradebook] status 200","id":"9186de991ebaa0ed414ff11baa5503d0"},{"name":"[gradebook] success","path":"::[gradebook] success","id":"a15a69867e50cddaa06c049f7cde480d","passes":5249,"fails":23},{"name":"[start-attempt] status 201 or 400","path":"::[start-attempt] status 201 or 400","id":"33680026b6a14104cfefb4ee3b4b083d","passes":2697,"fails":2},{"id":"c6b8e5b4b95e1cad4532c36b70154d08","passes":2719,"fails":5,"name":"[submit-assignment] status 201 or 400","path":"::[submit-assignment] status 201 or 400"},{"name":"[materials-list] status 200","path":"::[materials-list] status 200","id":"463a16ce0b1d8abee844a574ea056361","passes":5303,"fails":3},{"name":"[materials-list] success","path":"::[materials-list] success","id":"664e43a5933df86e3bab167b84d274ca","passes":5303,"fails":3}]}}