{"options":{"summaryTrendStats":["avg","min","med","max","p(90)","p(95)","p(99)"],"summaryTimeUnit":"","noColor":false},"state":{"isStdOutTTY":false,"isStdErrTTY":false,"testRunDurationMs":391934.141657},"metrics":{"vus_max":{"type":"gauge","contains":"default","values":{"max":500,"value":500,"min":500}},"material_detail_duration":{"type":"trend","contains":"time","values":{"min":22.929737,"med":5713.3596635,"max":7981.852717,"p(90)":6363.0180974,"p(95)":6516.906333,"p(99)":6783.775242159999,"avg":5230.8326538178735}},"data_sent":{"type":"counter","contains":"data","values":{"count":3430950,"rate":8753.894175931695}},"iterations":{"contains":"default","values":{"rate":67.05208147699177,"count":26280},"type":"counter"},"http_req_connecting":{"values":{"p(99)":0.2217115799999999,"avg":0.007924703843226778,"min":0,"med":0,"max":24.35338,"p(90)":0,"p(95)":0},"type":"trend","contains":"time"},"http_reqs":{"contains":"default","values":{"count":26280,"rate":67.05208147699177},"type":"counter"},"checks":{"type":"rate","contains":"default","values":{"rate":1,"passes":47358,"fails":0}},"data_received":{"type":"counter","contains":"data","values":{"count":172317894,"rate":439660.32984899665}},"errors":{"type":"rate","contains":"default","values":{"rate":0,"passes":0,"fails":0},"thresholds":{"rate<0.10":{"ok":true}}},"http_req_duration{expected_response:true}":{"type":"trend","contains":"time","values":{"med":5832.930257,"max":8355.245385,"p(90)":6495.6153324,"p(95)":6688.9645006,"p(99)":7009.35760029,"avg":5351.28333067373,"min":22.651552}},"iteration_duration":{"type":"trend","contains":"time","values":{"max":10107.699523,"p(90)":7945.5141357,"p(95)":8182.7318497,"p(99)":8607.1337606,"avg":6607.119092820983,"min":540.201714,"med":7059.5871455}},"http_req_tls_handshaking":{"type":"trend","contains":"time","values":{"p(90)":0,"p(95)":0,"p(99)":0,"avg":0,"min":0,"med":0,"max":0}},"materials_list_duration":{"type":"trend","contains":"time","values":{"p(95)":6541.2480895,"p(99)":6805.514305899999,"avg":5250.789633777058,"min":22.651552,"med":5725.306437,"max":7819.191601,"p(90)":6376.60149}},"quiz_detail_duration":{"type":"trend","contains":"time","values":{"max":7885.449189,"p(90)":6581.3928299,"p(95)":6774.033198,"p(99)":7055.39843462,"avg":5433.420329157607,"min":31.545681,"med":5927.4078725}},"http_req_failed":{"type":"rate","contains":"default","values":{"fails":26280,"rate":0,"passes":0},"thresholds":{"rate<0.10":{"ok":true}}},"submit_assignment_duration":{"values":{"p(95)":6683.9533635,"p(99)":6989.712422800004,"avg":5365.9829211662245,"min":34.151202,"med":5846.838976,"max":7832.509417,"p(90)":6495.717057},"type":"trend","contains":"time"},"start_attempt_duration":{"contains":"time","values":{"avg":5265.847469911591,"min":34.088665,"med":5740.917014,"max":8355.245385,"p(90)":6370.9997914000005,"p(95)":6568.4717858,"p(99)":6847.76668856},"type":"trend"},"http_req_receiving":{"values":{"avg":0.2306215437214597,"min":0.028381,"med":0.144268,"max":49.233386,"p(90)":0.31943020000000005,"p(95)":0.45575774999999974,"p(99)":1.2211077499999976},"type":"trend","contains":"time"},"http_req_blocked":{"type":"trend","contains":"time","values":{"avg":0.02457338748097432,"min":0.003148,"med":0.010798499999999999,"max":24.439154,"p(90)":0.016742200000000006,"p(95)":0.02584464999999999,"p(99)":0.3356253799999999}},"http_req_sending":{"type":"trend","contains":"time","values":{"p(99)":0.14473867999999981,"avg":0.04765823009893426,"min":0.008006,"med":0.033674499999999996,"max":41.664186,"p(90)":0.054781700000000016,"p(95)":0.0696481}},"http_req_waiting":{"contains":"time","values":{"med":5832.7659695,"max":8355.057207,"p(90)":6495.3823828,"p(95)":6688.437342599999,"p(99)":7009.19023604,"avg":5351.00505089996,"min":22.475193},"type":"trend"},"vus":{"values":{"max":500,"value":1,"min":1},"type":"gauge","contains":"default"},"http_req_duration":{"type":"trend","contains":"time","values":{"med":5832.930257,"max":8355.245385,"p(90)":6495.6153324,"p(95)":6688.9645006,"p(99)":7009.35760029,"avg":5351.28333067373,"min":22.651552},"thresholds":{"p(95)<2000":{"ok":false}}},"gradebook_duration":{"type":"trend","contains":"time","values":{"avg":5476.626896567948,"min":37.342817,"med":5967.056627,"max":7831.009331,"p(90)":6635.4616504000005,"p(95)":6821.634787800001,"p(99)":7138.20427116}}},"root_group":{"id":"d41d8cd98f00b204e9800998ecf8427e","groups":[],"checks":[{"name":"[materials-list] status 200","path":"::[materials-list] status 200","id":"463a16ce0b1d8abee844a574ea056361","passes":5311,"fails":0},{"id":"664e43a5933df86e3bab167b84d274ca","passes":5311,"fails":0,"name":"[materials-list] success","path":"::[materials-list] success"},{"fails":0,"name":"[submit-assignment] status 201 or 400","path":"::[submit-assignment] status 201 or 400","id":"c6b8e5b4b95e1cad4532c36b70154d08","passes":2623},{"id":"33680026b6a14104cfefb4ee3b4b083d","passes":2579,"fails":0,"name":"[start-attempt] status 201 or 400","path":"::[start-attempt] status 201 or 400"},{"name":"[material-detail] status 200","path":"::[material-detail] status 200","id":"a12462dd78c876a1d31a53eadf87e378","passes":3964,"fails":0},{"name":"[material-detail] success","path":"::[material-detail] success","id":"3632f96ad89cbc27cd995a000cbd8596","passes":3964,"fails":0},{"fails":0,"name":"[gradebook] status 200","path":"::[gradebook] status 200","id":"9186de991ebaa0ed414ff11baa5503d0","passes":5173},{"name":"[gradebook] success","path":"::[gradebook] success","id":"a15a69867e50cddaa06c049f7cde480d","passes":5173,"fails":0},{"name":"[quiz-detail] status 200","path":"::[quiz-detail] status 200","id":"917c623bb77fd0f4c30b55655ab512f2","passes":6630,"fails":0},{"name":"[quiz-detail] success","path":"::[quiz-detail] success","id":"6719d54de0da0cfb59497b1755be95e9","passes":6630,"fails":0}],"name":"","path":""}}