{"options":{"noColor":false,"summaryTrendStats":["avg","min","med","max","p(90)","p(95)","p(99)"],"summaryTimeUnit":""},"state":{"testRunDurationMs":391309.18592,"isStdOutTTY":false,"isStdErrTTY":false},"metrics":{"start_attempt_duration":{"contains":"time","values":{"med":9132.5665635,"max":11023.781648,"p(90)":9802.723901200001,"p(95)":9995.8874785,"p(99)":10274.71212151,"avg":8442.340653126685,"min":31.184412},"type":"trend"},"http_req_sending":{"type":"trend","contains":"time","values":{"max":21.595872,"p(90)":0.0532235,"p(95)":0.07079625,"p(99)":0.1387624500000001,"avg":0.04324868779290337,"min":0.008414,"med":0.0332085}},"iteration_duration":{"type":"trend","contains":"time","values":{"p(95)":11590.998639000001,"p(99)":12017.9064271,"avg":9721.8828048537,"min":569.059415,"med":10392.639299,"max":13158.5764,"p(90)":11344.7761185}},"gradebook_duration":{"type":"trend","contains":"time","values":{"p(90)":9996.369527,"p(95)":10193.619791,"p(99)":10580.387990000001,"avg":8573.45906410513,"min":41.270518,"med":9287.03111,"max":11192.432051}},"iterations":{"type":"counter","contains":"default","values":{"count":26886,"rate":68.7078171619938}},"errors":{"type":"rate","contains":"default","values":{"rate":0,"passes":0,"fails":0},"thresholds":{"rate<0.10":{"ok":true}}},"http_req_tls_handshaking":{"type":"trend","contains":"time","values":{"avg":0,"min":0,"med":0,"max":0,"p(90)":0,"p(95)":0,"p(99)":0}},"checks":{"values":{"passes":48396,"fails":0,"rate":1},"type":"rate","contains":"default"},"http_req_duration":{"thresholds":{"p(95)<2000":{"ok":false}},"type":"trend","contains":"time","values":{"p(99)":10413.7325074,"avg":8468.22387057854,"min":24.159971,"med":9178.093054500001,"max":11892.596234,"p(90)":9890.970815,"p(95)":10081.349082}},"vus":{"values":{"value":11,"min":6,"max":750},"type":"gauge","contains":"default"},"data_received":{"type":"counter","contains":"data","values":{"count":174317037,"rate":445471.36451746296}},"http_req_connecting":{"type":"trend","contains":"time","values":{"med":0,"max":27.794663,"p(90)":0,"p(95)":0,"p(99)":0.2539216,"avg":0.011644876143717906,"min":0}},"data_sent":{"values":{"count":3513169,"rate":8977.987551557859},"type":"counter","contains":"data"},"submit_assignment_duration":{"type":"trend","contains":"time","values":{"max":10979.897889,"p(90)":9881.904977600001,"p(95)":10098.34998785,"p(99)":10392.64194355,"avg":8413.374439066869,"min":37.130882,"med":9189.683851}},"vus_max":{"values":{"value":750,"min":750,"max":750},"type":"gauge","contains":"default"},"material_detail_duration":{"contains":"time","values":{"avg":8373.225634411689,"min":24.981124,"med":9072.463251,"max":11126.480409,"p(90)":9735.57708,"p(95)":9929.715064,"p(99)":10235.146698999999},"type":"trend"},"http_req_receiving":{"type":"trend","contains":"time","values":{"p(99)":1.186155250000005,"avg":0.22157106337870772,"min":0.027826,"med":0.139156,"max":69.688617,"p(90)":0.30718900000000005,"p(95)":0.44035275}},"http_req_duration{expected_response:true}":{"values":{"p(90)":9890.970815,"p(95)":10081.349082,"p(99)":10413.7325074,"avg":8468.22387057854,"min":24.159971,"med":9178.093054500001,"max":11892.596234},"type":"trend","contains":"time"},"http_req_waiting":{"type":"trend","contains":"time","values":{"max":11892.45832,"p(90)":9890.803666,"p(95)":10081.205150000002,"p(99)":10413.58433055,"avg":8467.959050827412,"min":24.021066,"med":9177.8263095}},"http_reqs":{"type":"counter","contains":"default","values":{"count":26886,"rate":68.7078171619938}},"http_req_blocked":{"type":"trend","contains":"time","values":{"med":0.0106295,"max":32.891434,"p(90)":0.018133999999999997,"p(95)":0.02760975,"p(99)":0.37990040000000036,"avg":0.02821131548017575,"min":0.003557}},"quiz_detail_duration":{"contains":"time","values":{"min":32.619871,"med":9279.4451835,"max":11892.596234,"p(90)":9971.6433264,"p(95)":10177.4149538,"p(99)":10501.46216172,"avg":8563.723537001033},"type":"trend"},"materials_list_duration":{"type":"trend","contains":"time","values":{"p(95)":9930.63337965,"p(99)":10251.893093,"avg":8352.113989853544,"min":24.159971,"med":9071.4228805,"max":11034.443152,"p(90)":9732.7989337}},"http_req_failed":{"type":"rate","contains":"default","values":{"rate":0,"passes":0,"fails":26886},"thresholds":{"rate<0.10":{"ok":true}}}},"root_group":{"groups":[],"checks":[{"name":"[quiz-detail] status 200","path":"::[quiz-detail] status 200","id":"917c623bb77fd0f4c30b55655ab512f2","passes":6760,"fails":0},{"id":"6719d54de0da0cfb59497b1755be95e9","passes":6760,"fails":0,"name":"[quiz-detail] success","path":"::[quiz-detail] success"},{"passes":2692,"fails":0,"name":"[submit-assignment] status 201 or 400","path":"::[submit-assignment] status 201 or 400","id":"c6b8e5b4b95e1cad4532c36b70154d08"},{"name":"[start-attempt] status 201 or 400","path":"::[start-attempt] status 201 or 400","id":"33680026b6a14104cfefb4ee3b4b083d","passes":2684,"fails":0},{"path":"::[material-detail] status 200","id":"a12462dd78c876a1d31a53eadf87e378","passes":3991,"fails":0,"name":"[material-detail] status 200"},{"id":"3632f96ad89cbc27cd995a000cbd8596","passes":3991,"fails":0,"name":"[material-detail] success","path":"::[material-detail] success"},{"fails":0,"name":"[materials-list] status 200","path":"::[materials-list] status 200","id":"463a16ce0b1d8abee844a574ea056361","passes":5338},{"id":"664e43a5933df86e3bab167b84d274ca","passes":5338,"fails":0,"name":"[materials-list] success","path":"::[materials-list] success"},{"path":"::[gradebook] status 200","id":"9186de991ebaa0ed414ff11baa5503d0","passes":5421,"fails":0,"name":"[gradebook] status 200"},{"name":"[gradebook] success","path":"::[gradebook] success","id":"a15a69867e50cddaa06c049f7cde480d","passes":5421,"fails":0}],"name":"","path":"","id":"d41d8cd98f00b204e9800998ecf8427e"}}