{"metrics":{"http_req_tls_handshaking":{"type":"trend","contains":"time","values":{"p(90)":0,"p(95)":0,"p(99)":0,"avg":0,"min":0,"med":0,"max":0}},"http_req_receiving":{"type":"trend","contains":"time","values":{"avg":0.19606868475314287,"min":0.028783,"med":0.14201,"max":35.511656,"p(90)":0.27668,"p(95)":0.3959375,"p(99)":0.8520830499999998}},"errors":{"type":"rate","contains":"default","values":{"rate":0,"passes":0,"fails":0},"thresholds":{"rate<0.10":{"ok":true}}},"http_req_waiting":{"type":"trend","contains":"time","values":{"min":40.040183,"med":14900.3250405,"max":18469.293508,"p(90)":15720.914429,"p(95)":15940.864253,"p(99)":16343.0450745,"avg":13728.16881863418}},"vus":{"type":"gauge","contains":"default","values":{"value":18,"min":3,"max":1000}},"submit_assignment_duration":{"type":"trend","contains":"time","values":{"med":14995.080599500001,"max":17061.235979,"p(90)":15791.630735800001,"p(95)":15995.37618185,"p(99)":16387.99096768,"avg":13847.444361434838,"min":57.741233}},"gradebook_duration":{"type":"trend","contains":"time","values":{"p(90)":15449.5095428,"p(95)":15644.8373992,"p(99)":16048.66023024,"avg":13443.169564993206,"min":62.325668,"med":14694.491159,"max":18469.419716}},"data_sent":{"type":"counter","contains":"data","values":{"count":4604497,"rate":11668.890060099935}},"vus_max":{"contains":"default","values":{"max":1000,"value":1000,"min":1000},"type":"gauge"},"data_received":{"type":"counter","contains":"data","values":{"count":91084246,"rate":230829.1335147134}},"http_reqs":{"contains":"default","values":{"count":24346,"rate":61.6985519597891},"type":"counter"},"iterations":{"type":"counter","contains":"default","values":{"count":20369,"rate":51.61988847732458}},"submit_quiz_duration":{"type":"trend","contains":"time","values":{"min":71.014374,"med":15122.879144,"max":18301.318138,"p(90)":15923.3679216,"p(95)":16153.8865876,"p(99)":16601.59124248,"avg":13977.472249316314}},"http_req_connecting":{"type":"trend","contains":"time","values":{"avg":0.018870002259098025,"min":0,"med":0,"max":95.479197,"p(90)":0,"p(95)":0,"p(99)":0.26379824999999985}},"checks":{"values":{"fails":5,"rate":0.9998706071114332,"passes":38637},"type":"rate","contains":"default"},"http_req_sending":{"type":"trend","contains":"time","values":{"max":21.532837,"p(90)":0.06661049999999999,"p(95)":0.0931775,"p(99)":0.16863839999999963,"avg":0.05012619181795777,"min":0.008687,"med":0.039444}},"http_req_duration":{"type":"trend","contains":"time","values":{"min":40.309582,"med":14900.479522000001,"max":18469.419716,"p(90)":15721.116864,"p(95)":15941.159726,"p(99)":16343.721028850001,"avg":13728.415013510741},"thresholds":{"p(95)<3000":{"ok":false}}},"http_req_duration{expected_response:true}":{"type":"trend","contains":"time","values":{"med":14900.479522000001,"max":18469.419716,"p(90)":15721.116864,"p(95)":15941.159726,"p(99)":16343.721028850001,"avg":13728.415013510741,"min":40.309582}},"http_req_blocked":{"values":{"max":95.631667,"p(90)":0.021492499999999998,"p(95)":0.042723500000000005,"p(99)":0.3991611999999999,"avg":0.041846459911279374,"min":0.003048,"med":0.010771},"type":"trend","contains":"time"},"assignment_detail_duration":{"contains":"time","values":{"p(95)":15721.0047535,"p(99)":16069.29991401,"avg":13558.6239805477,"min":44.66934,"med":14750.000508000001,"max":17233.610274,"p(90)":15510.1078309},"type":"trend"},"http_req_failed":{"type":"rate","contains":"default","values":{"rate":0,"passes":0,"fails":24346},"thresholds":{"rate<0.10":{"ok":true}}},"grade_submission_duration":{"type":"trend","contains":"time","values":{"min":85.643932,"med":15040.543422499999,"max":17139.987477,"p(90)":15866.8224331,"p(95)":16094.68879805,"p(99)":16455.27571375,"avg":13904.380088276672}},"iteration_duration":{"type":"trend","contains":"time","values":{"p(99)":32460.27782932,"avg":17310.519597670835,"min":421.5588,"med":15944.564516,"max":34529.270495,"p(90)":30885.8897634,"p(95)":31563.856619000002}}},"root_group":{"path":"","id":"d41d8cd98f00b204e9800998ecf8427e","groups":[],"checks":[{"passes":4130,"fails":0,"name":"[assignment-detail] status 200","path":"::[assignment-detail] status 200","id":"e710e6c64d866e8aa495eeee12857a96"},{"name":"[assignment-detail] success","path":"::[assignment-detail] success","id":"2eca0bd45992b6c1691069c6af81d1ee","passes":4130,"fails":0},{"name":"[submit-assignment] status 201 or 400","path":"::[submit-assignment] status 201 or 400","id":"c6b8e5b4b95e1cad4532c36b70154d08","passes":6068,"fails":0},{"id":"0b00b1c9fc4243dfcbcade089d53f4c1","passes":2060,"fails":0,"name":"[grade-submission] status 200","path":"::[grade-submission] status 200"},{"name":"[grade-submission] success","path":"::[grade-submission] success","id":"dc7c3576ea1686ed510a59cbde26957e","passes":2060,"fails":0},{"fails":5,"name":"[quiz-attempt] start 201","path":"::[quiz-attempt] start 201","id":"18f54229dcbc1aba2aecf8a61f0db771","passes":3977},{"name":"[quiz-attempt] submit 200","path":"::[quiz-attempt] submit 200","id":"3aac290b0fb83ec96bbf8f19a1813a81","passes":3977,"fails":0},{"name":"[quiz-attempt] success","path":"::[quiz-attempt] success","id":"6398ec5c83f0a8abdc14be5794d5070f","passes":3977,"fails":0},{"name":"[gradebook] status 200","path":"::[gradebook] status 200","id":"9186de991ebaa0ed414ff11baa5503d0","passes":4129,"fails":0},{"id":"a15a69867e50cddaa06c049f7cde480d","passes":4129,"fails":0,"name":"[gradebook] success","path":"::[gradebook] success"}],"name":""},"options":{"summaryTrendStats":["avg","min","med","max","p(90)","p(95)","p(99)"],"summaryTimeUnit":"","noColor":false},"state":{"isStdErrTTY":false,"testRunDurationMs":394595.970678,"isStdOutTTY":false}}