{"state":{"isStdOutTTY":false,"isStdErrTTY":false,"testRunDurationMs":403070.518802},"metrics":{"http_reqs":{"type":"counter","contains":"default","values":{"count":24635,"rate":61.118337488982746}},"vus":{"values":{"value":55,"min":3,"max":1500},"type":"gauge","contains":"default"},"http_req_duration":{"type":"trend","contains":"time","values":{"max":27426.523685,"p(90)":24745.3900632,"p(95)":25188.517928399997,"p(99)":25989.97344136,"avg":21007.18629992331,"min":0,"med":23705.385672},"thresholds":{"p(95)<3000":{"ok":false}}},"http_req_blocked":{"type":"trend","contains":"time","values":{"p(95)":0.48064209999999974,"p(99)":1.0815189999999997,"avg":0.3096178154658006,"min":0.003272,"med":0.280693,"max":101.48506,"p(90)":0.40207740000000003}},"http_req_tls_handshaking":{"type":"trend","contains":"time","values":{"min":0,"med":0,"max":0,"p(90)":0,"p(95)":0,"p(99)":0,"avg":0}},"http_req_sending":{"contains":"time","values":{"p(95)":0.1312708,"p(99)":0.2154299999999999,"avg":0.08280488151004639,"min":0,"med":0.069608,"max":23.752396,"p(90)":0.11173760000000002},"type":"trend"},"data_sent":{"type":"counter","contains":"data","values":{"count":4687766,"rate":11630.138601882634}},"iterations":{"type":"counter","contains":"default","values":{"count":20536,"rate":50.94890110305458}},"http_req_receiving":{"type":"trend","contains":"time","values":{"min":0,"med":0.145423,"max":55.552676,"p(90)":0.25996919999999996,"p(95)":0.3658832,"p(99)":0.9064424399999997,"avg":0.19610600255733657}},"http_req_waiting":{"type":"trend","contains":"time","values":{"p(90)":24744.7269686,"p(95)":25188.3160784,"p(99)":25989.76006882,"avg":21006.90738903918,"min":0,"med":23705.194752,"max":27425.605662}},"submit_assignment_duration":{"type":"trend","contains":"time","values":{"avg":21025.59934717456,"min":0,"med":23806.059402500003,"max":27067.050055,"p(90)":24843.8752572,"p(95)":25332.059523199998,"p(99)":26104.4804951}},"http_req_failed":{"thresholds":{"rate<0.10":{"ok":true}},"type":"rate","contains":"default","values":{"rate":0.01591231987010351,"passes":392,"fails":24243}},"submit_quiz_duration":{"values":{"avg":21426.6947306567,"min":0.200085,"med":23945.890713499997,"max":26803.706632,"p(90)":24935.136379400003,"p(95)":25370.689446,"p(99)":26192.883528640003},"type":"trend","contains":"time"},"assignment_detail_duration":{"type":"trend","contains":"time","values":{"avg":20907.897100966547,"min":0.22244,"med":23570.55891,"max":26961.23226,"p(90)":24534.7743196,"p(95)":24959.4674432,"p(99)":25751.758986959998}},"vus_max":{"contains":"default","values":{"value":1500,"min":1500,"max":1500},"type":"gauge"},"errors":{"type":"rate","contains":"default","values":{"rate":1,"passes":328,"fails":0},"thresholds":{"rate<0.10":{"ok":false}}},"gradebook_duration":{"type":"trend","contains":"time","values":{"p(95)":24903.032778,"p(99)":25685.6964158,"avg":20606.125664076422,"min":0,"med":23475.385273,"max":26538.418447,"p(90)":24438.91665}},"data_received":{"type":"counter","contains":"data","values":{"count":87993128,"rate":218307.0303963977}},"iteration_duration":{"type":"trend","contains":"time","values":{"avg":26028.93882089696,"min":308.528801,"med":24761.639744,"max":52576.652756,"p(90)":48636.9678325,"p(95)":49391.212342,"p(99)":50535.324256600004}},"grade_submission_duration":{"values":{"p(99)":26138.06680648,"avg":21091.54474952484,"min":0.442418,"med":23866.874678,"max":27426.523685,"p(90)":24888.878678,"p(95)":25400.7855398},"type":"trend","contains":"time"},"http_req_connecting":{"values":{"avg":0.22582300974223565,"min":0,"med":0.197483,"max":101.381348,"p(90)":0.284224,"p(95)":0.3440254,"p(99)":0.85931288},"type":"trend","contains":"time"},"checks":{"type":"rate","contains":"default","values":{"rate":0.9840014380729822,"passes":38318,"fails":623}},"http_req_duration{expected_response:true}":{"type":"trend","contains":"time","values":{"max":27426.523685,"p(90)":24752.9340422,"p(95)":25199.9478637,"p(99)":25995.799995339996,"avg":21346.77783892981,"min":45.023033,"med":23722.063095}}},"root_group":{"groups":[],"checks":[{"fails":68,"name":"[assignment-detail] status 200","path":"::[assignment-detail] status 200","id":"e710e6c64d866e8aa495eeee12857a96","passes":4029},{"passes":4029,"fails":68,"name":"[assignment-detail] success","path":"::[assignment-detail] success","id":"2eca0bd45992b6c1691069c6af81d1ee"},{"fails":73,"name":"[gradebook] status 200","path":"::[gradebook] status 200","id":"9186de991ebaa0ed414ff11baa5503d0","passes":4023},{"path":"::[gradebook] success","id":"a15a69867e50cddaa06c049f7cde480d","passes":4023,"fails":73,"name":"[gradebook] success"},{"name":"[quiz-attempt] start 201","path":"::[quiz-attempt] start 201","id":"18f54229dcbc1aba2aecf8a61f0db771","passes":4086,"fails":73},{"passes":6064,"fails":106,"name":"[submit-assignment] status 201 or 400","path":"::[submit-assignment] status 201 or 400","id":"c6b8e5b4b95e1cad4532c36b70154d08"},{"name":"[quiz-attempt] submit 200","path":"::[quiz-attempt] submit 200","id":"3aac290b0fb83ec96bbf8f19a1813a81","passes":3991,"fails":49},{"id":"6398ec5c83f0a8abdc14be5794d5070f","passes":3991,"fails":49,"name":"[quiz-attempt] success","path":"::[quiz-attempt] success"},{"id":"0b00b1c9fc4243dfcbcade089d53f4c1","passes":2041,"fails":32,"name":"[grade-submission] status 200","path":"::[grade-submission] status 200"},{"name":"[grade-submission] success","path":"::[grade-submission] success","id":"dc7c3576ea1686ed510a59cbde26957e","passes":2041,"fails":32}],"name":"","path":"","id":"d41d8cd98f00b204e9800998ecf8427e"},"options":{"summaryTrendStats":["avg","min","med","max","p(90)","p(95)","p(99)"],"summaryTimeUnit":"","noColor":false}}