{"state":{"isStdOutTTY":false,"isStdErrTTY":false,"testRunDurationMs":410104.063587},"metrics":{"iteration_duration":{"type":"trend","contains":"time","values":{"avg":29239.25114204895,"min":362.099949,"med":30774.929231000002,"max":57110.844332,"p(90)":31407.196169,"p(95)":31489.361148750002,"p(99)":53949.7102764}},"vus_max":{"values":{"value":2000,"min":1424,"max":2000},"type":"gauge","contains":"default"},"http_req_connecting":{"type":"trend","contains":"time","values":{"p(99)":1.3005119600000006,"avg":0.2642672732479904,"min":0,"med":0.206407,"max":64.859162,"p(90)":0.29760380000000003,"p(95)":0.46677799999999914}},"http_req_sending":{"type":"trend","contains":"time","values":{"avg":0.08775919505631817,"min":0.010631,"med":0.071958,"max":23.893563,"p(90)":0.1103574,"p(95)":0.1282263999999999,"p(99)":0.22399408000000004}},"http_req_waiting":{"type":"trend","contains":"time","values":{"med":30000.109848,"max":30077.962165,"p(90)":30000.8880728,"p(95)":30001.5727418,"p(99)":30015.41322984,"avg":26813.748837048566,"min":0.049345}},"http_req_duration":{"type":"trend","contains":"time","values":{"p(95)":30001.6469072,"p(99)":30015.47720152,"avg":26813.90213234823,"min":0.229091,"med":30000.191432,"max":30078.019526,"p(90)":30000.9644204},"thresholds":{"p(95)<3000":{"ok":false}}},"http_req_duration{expected_response:true}":{"type":"trend","contains":"time","values":{"avg":20328.068534816968,"min":31.747797,"med":23616.013628,"max":30033.334946,"p(90)":29819.5662482,"p(95)":29912.055669549998,"p(99)":29983.31281632}},"http_reqs":{"type":"counter","contains":"default","values":{"count":26013,"rate":63.430242003641034}},"http_req_tls_handshaking":{"type":"trend","contains":"time","values":{"avg":0,"min":0,"med":0,"max":0,"p(90)":0,"p(95)":0,"p(99)":0}},"gradebook_duration":{"type":"trend","contains":"time","values":{"p(90)":30000.9774497,"p(95)":30002.31347725,"p(99)":30016.217190339998,"avg":27249.72825614592,"min":0.229637,"med":30000.2101455,"max":30076.017743}},"assignment_detail_duration":{"type":"trend","contains":"time","values":{"avg":27174.60304028241,"min":0.742612,"med":30000.217414,"max":30067.031457,"p(90)":30000.9694184,"p(95)":30001.4557095,"p(99)":30014.58475096}},"data_sent":{"type":"counter","contains":"data","values":{"count":4507542,"rate":10991.215157866302}},"iterations":{"type":"counter","contains":"default","values":{"count":24496,"rate":59.731180875761765}},"http_req_failed":{"type":"rate","contains":"default","values":{"fails":8534,"rate":0.6719332641371621,"passes":17479},"thresholds":{"rate<0.10":{"ok":false}}},"grade_submission_duration":{"type":"trend","contains":"time","values":{"p(95)":30002.618167,"p(99)":30014.2651362,"avg":27477.716602837965,"min":0.834289,"med":30000.285587,"max":30078.019526,"p(90)":30000.977448}},"http_req_receiving":{"type":"trend","contains":"time","values":{"p(95)":0.2218503999999998,"p(99)":0.524603840000002,"avg":0.06553610452466106,"min":0,"med":0,"max":35.307051,"p(90)":0.1723052}},"errors":{"type":"rate","contains":"default","values":{"rate":1,"passes":14088,"fails":0},"thresholds":{"rate<0.10":{"ok":false}}},"vus":{"type":"gauge","contains":"default","values":{"value":9,"min":0,"max":2000}},"checks":{"values":{"rate":0.34324378710131803,"passes":13646,"fails":26110},"type":"rate","contains":"default"},"submit_quiz_duration":{"values":{"p(99)":26007.419411,"avg":19261.9567835862,"min":0.229091,"med":23372.284212,"max":27333.747298,"p(90)":25409.2440136,"p(95)":25622.36774},"type":"trend","contains":"time"},"data_received":{"type":"counter","contains":"data","values":{"count":34381478,"rate":83835.98469929882}},"http_req_blocked":{"type":"trend","contains":"time","values":{"p(99)":1.4881554000000075,"avg":0.35610303963402873,"min":0.003866,"med":0.29075,"max":64.947625,"p(90)":0.41967279999999996,"p(95)":0.5997281999999999}},"submit_assignment_duration":{"type":"trend","contains":"time","values":{"p(90)":30000.9996982,"p(95)":30002.669992199997,"p(99)":30016.707949339998,"avg":27324.63621840489,"min":3.709186,"med":30000.282699,"max":30074.190342}}},"root_group":{"name":"","path":"","id":"d41d8cd98f00b204e9800998ecf8427e","groups":[],"checks":[{"passes":1603,"fails":3331,"name":"[gradebook] status 200","path":"::[gradebook] status 200","id":"9186de991ebaa0ed414ff11baa5503d0"},{"path":"::[gradebook] success","id":"a15a69867e50cddaa06c049f7cde480d","passes":1603,"fails":3331,"name":"[gradebook] success"},{"passes":1511,"fails":3408,"name":"[assignment-detail] status 200","path":"::[assignment-detail] status 200","id":"e710e6c64d866e8aa495eeee12857a96"},{"fails":3408,"name":"[assignment-detail] success","path":"::[assignment-detail] success","id":"2eca0bd45992b6c1691069c6af81d1ee","passes":1511},{"passes":1923,"fails":5460,"name":"[submit-assignment] status 201 or 400","path":"::[submit-assignment] status 201 or 400","id":"c6b8e5b4b95e1cad4532c36b70154d08"},{"id":"18f54229dcbc1aba2aecf8a61f0db771","passes":1493,"fails":3394,"name":"[quiz-attempt] start 201","path":"::[quiz-attempt] start 201"},{"name":"[quiz-attempt] submit 200","path":"::[quiz-attempt] submit 200","id":"3aac290b0fb83ec96bbf8f19a1813a81","passes":1406,"fails":3},{"name":"[quiz-attempt] success","path":"::[quiz-attempt] success","id":"6398ec5c83f0a8abdc14be5794d5070f","passes":1406,"fails":3},{"name":"[grade-submission] status 200","path":"::[grade-submission] status 200","id":"0b00b1c9fc4243dfcbcade089d53f4c1","passes":595,"fails":1886},{"name":"[grade-submission] success","path":"::[grade-submission] success","id":"dc7c3576ea1686ed510a59cbde26957e","passes":595,"fails":1886}]},"options":{"summaryTrendStats":["avg","min","med","max","p(90)","p(95)","p(99)"],"summaryTimeUnit":"","noColor":false}}