{"state":{"testRunDurationMs":391398.013359,"isStdOutTTY":false,"isStdErrTTY":false},"metrics":{"data_received":{"type":"counter","contains":"data","values":{"count":1478404793,"rate":3777241.433374293}},"submit_assignment_duration":{"values":{"p(90)":11499.170792,"p(95)":11783.051225,"p(99)":12364.555813199999,"avg":9624.25560433798,"min":28.490465,"med":10414.385736,"max":12922.874513},"type":"trend","contains":"time"},"gradebook_duration":{"type":"trend","contains":"time","values":{"p(99)":19594.239915150003,"avg":14890.921953389246,"min":405.565249,"med":15529.3754535,"max":21885.640405,"p(90)":18004.335817400002,"p(95)":18626.121861799995}},"grade_submission_duration":{"type":"trend","contains":"time","values":{"min":48.732917,"med":10503.949496,"max":12946.616884,"p(90)":11570.570955000001,"p(95)":11867.7836032,"p(99)":12485.83443016,"avg":9712.524164668788}},"vus_max":{"type":"gauge","contains":"default","values":{"value":750,"min":750,"max":750}},"checks":{"type":"rate","contains":"default","values":{"rate":0.9617028270874425,"passes":23404,"fails":932}},"http_req_duration":{"type":"trend","contains":"time","values":{"p(95)":14836.6908645,"p(99)":17731.108769800005,"avg":10066.68442005881,"min":18.673863,"med":10529.6680655,"max":21885.640405,"p(90)":12085.399822}},"http_req_failed":{"type":"rate","contains":"default","values":{"fails":21373,"rate":0.12175378040762656,"passes":2963},"thresholds":{"rate<0.15":{"ok":true}}},"http_reqs":{"values":{"count":24336,"rate":62.17711682066821},"type":"counter","contains":"default"},"http_req_tls_handshaking":{"type":"trend","contains":"time","values":{"min":0,"med":0,"max":0,"p(90)":0,"p(95)":0,"p(99)":0,"avg":0}},"marker_grade_duration":{"type":"trend","contains":"time","values":{"avg":9686.565825436128,"min":88.860056,"med":10458.001539,"max":12767.975491,"p(90)":11549.3590768,"p(95)":11867.9377839,"p(99)":12550.24843676}},"read_activity_duration":{"type":"trend","contains":"time","values":{"med":10409.0794475,"max":13120.386027,"p(90)":11414.1544215,"p(95)":11690.1482665,"p(99)":12380.867839499999,"avg":9693.012892619467,"min":53.587591}},"data_sent":{"type":"counter","contains":"data","values":{"count":5414089,"rate":13832.694125184695}},"http_req_waiting":{"values":{"p(99)":17680.242255300003,"avg":10062.024090269022,"min":18.577126,"med":10529.3691665,"max":21790.888423,"p(90)":12081.613425,"p(95)":14797.579013},"type":"trend","contains":"time"},"submit_quiz_duration":{"type":"trend","contains":"time","values":{"min":71.895235,"med":10833.00989,"max":13691.343058,"p(90)":12000.8972774,"p(95)":12349.3892802,"p(99)":12834.412994520002,"avg":9953.085326035849}},"iterations":{"values":{"count":19873,"rate":50.77440181529994},"type":"counter","contains":"default"},"http_req_duration{expected_response:true}":{"type":"trend","contains":"time","values":{"avg":10125.004159412887,"min":19.290815,"med":10578.585328,"max":21885.640405,"p(90)":12266.2811824,"p(95)":15237.773478399997,"p(99)":17876.95661428}},"grade_update_duration":{"type":"trend","contains":"time","values":{"p(95)":11592.76946225,"p(99)":12145.874165499998,"avg":9494.008755869256,"min":18.673863,"med":10266.972372,"max":12704.277227,"p(90)":11311.4599875}},"cascade_read_duration":{"type":"trend","contains":"time","values":{"p(90)":11679.6099559,"p(95)":11990.446911749998,"p(99)":12424.98301159,"avg":9521.604301452182,"min":39.008596,"med":10526.278401,"max":13031.685614}},"user_grades_duration":{"contains":"time","values":{"p(95)":11994.104849199999,"p(99)":12493.8807715,"avg":9712.64547050947,"min":19.290815,"med":10503.296463,"max":13206.547583,"p(90)":11646.708032},"type":"trend"},"http_req_sending":{"contains":"time","values":{"p(95)":0.0604445,"p(99)":0.15041400000000074,"avg":0.03373309734549649,"min":0.005399,"med":0.028724,"max":17.582639,"p(90)":0.042655},"type":"trend"},"material_download_duration":{"values":{"avg":9552.466739395226,"min":30.850239,"med":10340.116591,"max":12721.044121,"p(90)":11430.1607474,"p(95)":11803.070549349999,"p(99)":12376.7921595},"type":"trend","contains":"time"},"http_req_receiving":{"type":"trend","contains":"time","values":{"max":4074.260796,"p(90)":3.835693,"p(95)":25.6296035,"p(99)":83.53666575000041,"avg":4.626596692389848,"min":0.014042,"med":0.104434}},"http_req_failed{ef:1}":{"type":"rate","contains":"default","values":{"passes":2031,"fails":0,"rate":1},"thresholds":{"rate<1.01":{"ok":true}}},"iteration_duration":{"values":{"p(99)":33838.118176279946,"avg":13229.36764404929,"min":387.604855,"med":11652.149714,"max":37461.165929,"p(90)":22358.0330454,"p(95)":24592.745703399996},"type":"trend","contains":"time"},"errors":{"type":"rate","contains":"default","values":{"rate":1,"passes":932,"fails":0}},"http_req_blocked":{"type":"trend","contains":"time","values":{"avg":0.5126317431377413,"min":0.001362,"med":0.006831,"max":1094.402791,"p(90)":0.009434,"p(95)":0.01435225,"p(99)":2.311138250000033}},"vus":{"type":"gauge","contains":"default","values":{"max":750,"value":17,"min":11}},"http_req_connecting":{"contains":"time","values":{"avg":0.5025215930719917,"min":0,"med":0,"max":1094.321236,"p(90)":0,"p(95)":0,"p(99)":2.2052250000000013},"type":"trend"},"course_structure_duration":{"type":"trend","contains":"time","values":{"med":10553.7742915,"max":13248.671895,"p(90)":11669.0585107,"p(95)":12035.51437905,"p(99)":12663.203965089997,"avg":9723.165489280032,"min":45.388663}}},"root_group":{"path":"","id":"d41d8cd98f00b204e9800998ecf8427e","groups":[],"checks":[{"name":"[wh-cf-non-enrolled] status 403","path":"::[wh-cf-non-enrolled] status 403","id":"6a9d912d2aeb5ec6cb64307cca9056b8","passes":770,"fails":0},{"path":"::[wh-submit] status 201","id":"49f223985d533388331178bd3e8d6a64","passes":3640,"fails":351,"name":"[wh-submit] status 201"},{"name":"[wh-user-grades] status 200","path":"::[wh-user-grades] status 200","id":"827cabf91007e26e21b96eb0eaac2825","passes":1003,"fails":0},{"name":"[wh-material-dl] status 200","path":"::[wh-material-dl] status 200","id":"182e87b5d3b46cf8a10f81893f31e347","passes":964,"fails":0},{"passes":944,"fails":1,"name":"[wh-grade] status 200","path":"::[wh-grade] status 200","id":"747a63480c5228e4182e0b619fd4205c"},{"id":"9f2134ec9c516bc3787570bcbc5bc9e6","passes":2014,"fails":0,"name":"[wh-structure] status 200","path":"::[wh-structure] status 200"},{"passes":2455,"fails":580,"name":"[wh-quiz] start 201","path":"::[wh-quiz] start 201","id":"bc382dfba4db61bcda740eb7d13cbecd"},{"passes":2455,"fails":0,"name":"[wh-quiz] submit 200","path":"::[wh-quiz] submit 200","id":"4963f6adfea6303590e8a8e9c12d47a1"},{"passes":995,"fails":0,"name":"[wh-grade-update] status 200","path":"::[wh-grade-update] status 200","id":"e1c3184baa8417c6f8c9c7cd82501965"},{"path":"::[wh-gradebook] status 200","id":"04f91da34414db0af1a48a98d41fa661","passes":1932,"fails":0,"name":"[wh-gradebook] status 200"},{"name":"[wh-grade-unauth] status 403","path":"::[wh-grade-unauth] status 403","id":"b9f37e7e4ff322953440a920c2825184","passes":1009,"fails":0},{"path":"::[wh-cascade-pre] status 200","id":"6cf217efe14ab595b837401653c393f9","passes":1004,"fails":0,"name":"[wh-cascade-pre] status 200"},{"name":"[wh-cascade-write] status 200","path":"::[wh-cascade-write] status 200","id":"9791881937dbec10111f5684ec5d2a68","passes":1004,"fails":0},{"name":"[wh-cascade-post] status 200","path":"::[wh-cascade-post] status 200","id":"2eaa088a823153fd8e84cbe4e79e632d","passes":1004,"fails":0},{"id":"549ffdbc72b97a1cd0f05b844dbb0567","passes":963,"fails":0,"name":"[wh-marker-grade] status 200","path":"::[wh-marker-grade] status 200"},{"id":"aed3f8824d0bcca89ac7d3b2bf25119a","passes":996,"fails":0,"name":"[wh-activity] status 200","path":"::[wh-activity] status 200"},{"id":"a0d2cffa4f26fbeb7022bec9298a706e","passes":252,"fails":0,"name":"[wh-cf-locked-grade] status 403","path":"::[wh-cf-locked-grade] status 403"}],"name":""},"options":{"summaryTrendStats":["avg","min","med","max","p(90)","p(95)","p(99)"],"summaryTimeUnit":"",