{"state":{"isStdOutTTY":false,"isStdErrTTY":false,"testRunDurationMs":390509.005064},"metrics":{"http_req_connecting":{"type":"trend","contains":"time","values":{"min":0,"med":0,"max":1029.788631,"p(90)":0,"p(95)":0,"p(99)":0,"avg":0.12723379412562133}},"user_grades_duration":{"values":{"p(90)":375.72347220000006,"p(95)":466.5338744999999,"p(99)":714.24442876,"avg":197.71458799195682,"min":22.357817,"med":161.705948,"max":1325.912987},"type":"trend","contains":"time"},"data_sent":{"type":"counter","contains":"data","values":{"count":3565980,"rate":9131.620407615379}},"assignment_detail_duration":{"type":"trend","contains":"time","values":{"avg":112.73708405802812,"min":19.210112,"med":95.689174,"max":1453.806479,"p(90)":199.27063440000003,"p(95)":246.80222899999998,"p(99)":389.15613551999996}},"iterations":{"type":"counter","contains":"default","values":{"count":22130,"rate":56.669627878038675}},"course_completion_duration":{"type":"trend","contains":"time","values":{"p(95)":194.78823889999993,"p(99)":312.31930613999845,"avg":88.56210300626314,"min":16.802665,"med":74.131936,"max":614.359265,"p(90)":159.203205}},"data_received":{"type":"counter","contains":"data","values":{"rate":5303761.145432637,"count":2071166488}},"vus":{"type":"gauge","contains":"default","values":{"max":100,"value":3,"min":2}},"http_req_duration{expected_response:true}":{"type":"trend","contains":"time","values":{"p(99)":2827.5289634900023,"avg":335.1865236215142,"min":16.802665,"med":146.189846,"max":5749.199074,"p(90)":855.6767897999998,"p(95)":1756.1747397999989}},"submit_assignment_duration":{"type":"trend","contains":"time","values":{"p(95)":276.0684306999997,"p(99)":402.8936623999994,"avg":128.86621846457774,"min":17.766533,"med":113.311984,"max":732.152671,"p(90)":228.71649390000002}},"checks":{"type":"rate","contains":"default","values":{"rate":0.9839739044107219,"passes":27752,"fails":452}},"http_req_duration":{"values":{"avg":313.2452012805724,"min":12.390335,"med":137.475146,"max":5749.199074,"p(90)":674.4559057000008,"p(95)":1665.6911012999997,"p(99)":2788.735411919998},"type":"trend","contains":"time"},"quiz_detail_duration":{"type":"trend","contains":"time","values":{"avg":200.14680626884646,"min":27.982135,"med":179.046111,"max":979.304067,"p(90)":347.444754,"p(95)":415.707599,"p(99)":540.974057}},"errors":{"type":"rate","contains":"default","values":{"passes":452,"fails":0,"rate":1}},"http_req_waiting":{"values":{"p(95)":1643.1822296499988,"p(99)":2747.9398206,"avg":308.82234443013965,"min":12.276301,"med":136.64849199999998,"max":4657.911941,"p(90)":654.0067455000042},"type":"trend","contains":"time"},"http_req_blocked":{"type":"trend","contains":"time","values":{"p(99)":0.028399209999999953,"avg":0.13486610465431584,"min":0.002393,"med":0.00666,"max":1029.868923,"p(90)":0.008563,"p(95)":0.00977555}},"vus_max":{"type":"gauge","contains":"default","values":{"max":100,"value":100,"min":100}},"course_structure_duration":{"type":"trend","contains":"time","values":{"min":29.178086,"med":158.021575,"max":1182.346873,"p(90)":312.01321680000007,"p(95)":359.8327631,"p(99)":491.4360833800002,"avg":176.0962038507593}},"http_req_tls_handshaking":{"type":"trend","contains":"time","values":{"avg":0,"min":0,"med":0,"max":0,"p(90)":0,"p(95)":0,"p(99)":0}},"http_req_sending":{"contains":"time","values":{"p(99)":0.09724590999999971,"avg":0.02811024215996391,"min":0.005498,"med":0.026239,"max":0.631371,"p(90)":0.037477,"p(95)":0.042585999999999985},"type":"trend"},"quiz_attempt_result_duration":{"type":"trend","contains":"time","values":{"med":185.85405250000002,"max":903.183895,"p(90)":370.9370149,"p(95)":426.69888145,"p(99)":548.7703440199999,"avg":207.70747956686927,"min":28.16251}},"http_req_failed":{"values":{"rate":0.09001355625847267,"passes":1992,"fails":20138},"thresholds":{"rate<0.05":{"ok":false}},"type":"rate","contains":"default"},"material_list_duration":{"type":"trend","contains":"time","values":{"med":122.21733449999999,"max":504.076923,"p(90)":248.90562400000005,"p(95)":285.83213085,"p(99)":423.59757711999987,"avg":138.46805714814823,"min":24.914612}},"http_reqs":{"values":{"count":22130,"rate":56.669627878038675},"type":"counter","contains":"default"},"start_attempt_duration":{"type":"trend","contains":"time","values":{"p(90)":234.242703,"p(95)":277.5997085,"p(99)":438.414242,"avg":132.9025428158996,"min":19.289464,"med":117.050654,"max":722.010331}},"gradebook_duration":{"type":"trend","contains":"time","values":{"med":1463.258056,"max":5749.199074,"p(90)":2692.5425788000007,"p(95)":3096.9327141999997,"p(99)":3781.6380816799983,"avg":1530.555260846468,"min":163.556487}},"http_req_receiving":{"type":"trend","contains":"time","values":{"p(90)":11.665189400000022,"p(95)":22.289795399999985,"p(99)":61.40422426999967,"avg":4.394746608269309,"min":0.013881,"med":0.31322700000000003,"max":3076.461334}},"iteration_duration":{"type":"trend","contains":"time","values":{"med":1481.5704815,"max":6617.155362,"p(90)":2190.8459732,"p(95)":2945.76347915,"p(99)":4159.2999311899985,"avg":1563.0201538133822,"min":526.138688}},"material_detail_duration":{"type":"trend","contains":"time","values":{"min":17.685089,"med":91.201547,"max":829.427079,"p(90)":192.59147100000007,"p(95)":236.06920179999966,"p(99)":366.1149237399983,"avg":106.83040008551725}}},"root_group":{"path":"","id":"d41d8cd98f00b204e9800998ecf8427e","groups":[],"checks":[{"fails":5,"name":"[cf-prereq-locked] status 404","path":"::[cf-prereq-locked] status 404","id":"02fa3bab31e2635b75b34d82dfe5a24b","passes":632},{"name":"[submit-assignment] status 201","path":"::[submit-assignment] status 201","id":"ecafa50a3856224eba5597445d73435f","passes":2076,"fails":126},{"path":"::[material] status 200","id":"63f4ad05017bb4331bea0b8e36102285","passes":2175,"fails":0,"name":"[material] status 200"},{"passes":1775,"fails":0,"name":"[assignment-detail] status 200","path":"::[assignment-detail] status 200","id":"e710e6c64d866e8aa495eeee12857a96"},{"name":"[course-structure] status 200","path":"::[course-structure] status 200","id":"45076dc5505a2dec22a1285b97bafbe7","passes":5595,"fails":0},{"name":"[course-structure] has sections","path":"::[course-structure] has sections","id":"577857fc8e49dd358e9f4a98d4384892","passes":5595,"fails":0},{"name":"[cf-non-enrolled] status 403","path":"::[cf-non-enrolled] status 403","id":"74e7493c763b9162227e2b80a7db0818","passes":913,"fails":0},{"path":"::[quiz-attempt-result] status 200","id":"70625d2eb6b822427844d89e9447d306","passes":658,"fails":0,"name":"[quiz-attempt-result] status 200"},{"id":"9186de991ebaa0ed414ff11baa5503d0","passes":2677,"fails":0,"name":"[gradebook] status 200","path":"::[gradebook] status 200"},{"id":"9f3f9ad7deda827f2720eebbc1dd73e8","passes":1119,"fails":0,"name":"[user-grades] status 200","path":"::[user-grades] status 200"},{"name":"[material-list] status 200","path":"::[material-list] status 200","id":"0c8f8d2cbff40a8ee4a03aac96a829f5","passes":648,"fails":0},{"name":"[course-completion] status 200","path":"::[course-completion] status 200","id":"6021218ae7a89652ba95b72dd11a3df7","passes":479,"fails":0},{"name":"[course-completion] has progress","path":"::[course-completion] has progress","id":"31c5713011250a32de1229068e09d491","passes":479,"fails":0},{"id":"f990128b664d9d14e0bb6193e32639b6","passes":1830,"fails":321,"name":"[start-attempt] status 201","path":"::[start-attempt] status 201"},{"passes":1101,"fails":0,"name":"[quiz-detail] status 200","path":"::[quiz-detail] status 200","id":"917c623bb77fd0f4c30b55655ab512f2"}],"name":""},"options":{"summaryTrendStats":["avg","min","med","max","p(90)","p(95)","p(99)"],"summaryTimeUnit":"","noColor":false}}