{"options":{"noColor":false,"summaryTrendStats":["avg","min","med","max","p(90)","p(95)","p(99)"],"summaryTimeUnit":""},"state":{"isStdErrTTY":false,"testRunDurationMs":400334.89396,"isStdOutTTY":false},"metrics":{"http_req_waiting":{"contains":"time","values":{"max":29641.346998,"p(90)":23077.0743235,"p(95)":24915.521029899995,"p(99)":26868.59022131,"avg":18968.6602619972,"min":15.943275,"med":20542.846298},"type":"trend"},"http_reqs":{"type":"counter","contains":"default","values":{"count":26374,"rate":65.87984309615338}},"quiz_detail_duration":{"type":"trend","contains":"time","values":{"avg":18585.15048326127,"min":32.099895,"med":20495.437945,"max":23980.083486,"p(90)":22164.7729649,"p(95)":22512.7342807,"p(99)":23179.55526154}},"submit_assignment_duration":{"values":{"med":20395.183804,"max":23794.016637,"p(90)":22011.458434,"p(95)":22292.4842345,"p(99)":23294.8060203,"avg":18280.602307043686,"min":26.195396},"type":"trend","contains":"time"},"http_req_tls_handshaking":{"values":{"med":0,"max":0,"p(90)":0,"p(95)":0,"p(99)":0,"avg":0,"min":0},"type":"trend","contains":"time"},"course_structure_duration":{"type":"trend","contains":"time","values":{"max":23985.296662,"p(90)":22160.808975,"p(95)":22477.8060005,"p(99)":23354.1735317,"avg":18586.94993757331,"min":31.772597,"med":20502.6938245}},"vus_max":{"type":"gauge","contains":"default","values":{"value":1500,"min":1500,"max":1500}},"data_received":{"contains":"data","values":{"count":2472299457,"rate":6175578.232875756},"type":"counter"},"iteration_duration":{"type":"trend","contains":"time","values":{"avg":20226.28826153841,"min":532.834823,"med":21816.3948335,"max":31229.448013,"p(90)":24416.896680600003,"p(95)":26194.45853035,"p(99)":28244.26705509}},"http_req_blocked":{"type":"trend","contains":"time","values":{"avg":0.5510903166375996,"min":0.002213,"med":0.0068,"max":1039.638565,"p(90)":0.010025,"p(95)":0.9679996999999995,"p(99)":5.551820460000074}},"http_req_duration{expected_response:true}":{"type":"trend","contains":"time","values":{"p(95)":25115.833738,"p(99)":26998.823961840008,"avg":18978.5437032781,"min":22.0875,"med":20562.933941,"max":29686.983145,"p(90)":23360.589637}},"http_req_failed":{"type":"rate","contains":"default","values":{"fails":23897,"rate":0.09391825282475165,"passes":2477},"thresholds":{"rate<0.05":{"ok":false}}},"course_completion_duration":{"type":"trend","contains":"time","values":{"avg":18539.567535446567,"min":22.496143,"med":20244.6397805,"max":23330.985837,"p(90)":21813.306858199998,"p(95)":22077.6943198,"p(99)":22973.016907519996}},"http_req_sending":{"type":"trend","contains":"time","values":{"med":0.026129,"max":1.076438,"p(90)":0.041657300000000015,"p(95)":0.06688449999999999,"p(99)":0.12779330000000014,"avg":0.030452253886403206,"min":0.005559}},"errors":{"values":{"rate":1,"passes":644,"fails":0},"type":"rate","contains":"default"},"http_req_duration":{"contains":"time","values":{"avg":18974.021386162072,"min":16.032341,"med":20544.244945500002,"max":29686.983145,"p(90)":23086.6506764,"p(95)":24951.13954745,"p(99)":26897.60482812},"type":"trend"},"start_attempt_duration":{"type":"trend","contains":"time","values":{"p(90)":21983.218057000002,"p(95)":22287.1353088,"p(99)":23251.87965582,"avg":18488.10068689633,"min":27.828372,"med":20364.487916,"max":23888.636301}},"material_detail_duration":{"type":"trend","contains":"time","values":{"p(99)":23199.4720304,"avg":18412.175034887117,"min":22.219882,"med":20318.971501,"max":23646.24996,"p(90)":21949.202966,"p(95)":22294.679882}},"checks":{"values":{"rate":0.9808070572808011,"passes":32910,"fails":644},"type":"rate","contains":"default"},"data_sent":{"type":"counter","contains":"data","values":{"rate":10629.320761695015,"count":4255288}},"material_list_duration":{"contains":"time","values":{"p(99)":23406.24932287,"avg":18307.842264971787,"min":22.354437,"med":20290.197264000002,"max":23696.48082,"p(90)":22105.8949905,"p(95)":22482.076696400003},"type":"trend"},"gradebook_duration":{"type":"trend","contains":"time","values":{"p(90)":26769.5666424,"p(95)":27407.2931937,"p(99)":28363.85833414,"avg":22575.955829416605,"min":231.104333,"med":24563.29847,"max":29686.983145}},"quiz_attempt_result_duration":{"type":"trend","contains":"time","values":{"med":20585.5157225,"max":23849.884068,"p(90)":22124.8067584,"p(95)":22522.88497725,"p(99)":23165.721274330004,"avg":18566.989427722096,"min":49.340617}},"assignment_detail_duration":{"type":"trend","contains":"time","values":{"avg":18397.89613860309,"min":23.113492,"med":20329.544393,"max":23747.138427,"p(90)":21858.7018758,"p(95)":22218.1977282,"p(99)":23096.130215799996}},"vus":{"type":"gauge","contains":"default","values":{"max":1500,"value":17,"min":13}},"http_req_connecting":{"contains":"time","values":{"med":0,"max":1022.896092,"p(90)":0,"p(95)":0.8993148499999994,"p(99)":5.430928370000005,"avg":0.5388017012588144,"min":0},"type":"trend"},"iterations":{"contains":"default","values":{"rate":65.87984309615338,"count":26374},"type":"counter"},"user_grades_duration":{"type":"trend","contains":"time","values":{"avg":18661.325485994672,"min":22.0875,"med":20578.2479885,"max":24062.79904,"p(90)":22195.7139809,"p(95)":22591.2815027,"p(99)":23346.76560105}},"http_req_receiving":{"type":"trend","contains":"time","values":{"p(99)":84.85151311000007,"avg":5.330671910972921,"min":0.014172,"med":0.322405,"max":897.308427,"p(90)":15.2060221,"p(95)":32.2159384}}},"root_group":{"groups":[],"checks":[{"name":"[course-structure] status 200","path":"::[course-structure] status 200","id":"45076dc5505a2dec22a1285b97bafbe7","passes":6656,"fails":0},{"name":"[course-structure] has sections","path":"::[course-structure] has sections","id":"577857fc8e49dd358e9f4a98d4384892","passes":6656,"fails":0},{"path":"::[material-list] status 200","id":"0c8f8d2cbff40a8ee4a03aac96a829f5","passes":744,"fails":0,"name":"[material-list] status 200"},{"name":"[submit-assignment] status 201","path":"::[submit-assignment] status 201","id":"ecafa50a3856224eba5597445d73435f","passes":2439,"fails":172},{"fails":0,"name":"[quiz-detail] status 200","path":"::[quiz-detail] status 200","id":"917c623bb77fd0f4c30b55655ab512f2","passes":1244},{"name":"[user-grades] status 200","path":"::[user-grades] status 200","id":"9f3f9ad7deda827f2720eebbc1dd73e8","passes":1312,"fails":0},{"name":"[material] status 200","path":"::[material] status 200","id":"63f4ad05017bb4331bea0b8e36102285","passes":2641,"fails":0},{"path":"::[cf-non-enrolled] status 403","id":"74e7493c763b9162227e2b80a7db0818","passes":1153,"fails":0,"name":"[cf-non-enrolled] status 403"},{"fails":0,"name":"[gradebook] status 200","path":"::[gradebook] status 200","id":"9186de991ebaa0ed414ff11baa5503d0","passes":3159},{"name":"[assignment-detail] status 200","path":"::[assignment-detail] status 200","id":"e710e6c64d866e8aa495eeee12857a96","passes":2129,"fails":0},{"name":"[start-attempt] status 201","path":"::[start-attempt] status 201","id":"f990128b664d9d14e0bb6193e32639b6","passes":2189,"fails":454},{"name":"[cf-prereq-locked] status 404","path":"::[cf-prereq-locked] status 404","id":"02fa3bab31e2635b75b34d82dfe5a24b","passes":698,"fails":18},{"name":"[course-completion] status 200","path":"::[course-completion] status 200","id":"6021218ae7a89652ba95b72dd11a3df7","passes":524,"fails":0},{"name":"[course-completion] has progress","path":"::[course-completion] has progress","id":"31c5713011250a32de1229068e09d491","passes":524,"fails":0},{"path":"::[quiz-attempt-result] status 200","id":"70625d2eb6b822427844d89e9447d306","passes":842,"fails":0,"name":"[quiz-attempt-result] status 200"}],"name":"","path":"","id":"d41d8cd98f00b204e9800998ecf8427e"}}