{"options":{"summaryTrendStats":["avg","min","med","max","p(90)","p(95)","p(99)"],"summaryTimeUnit":"","noColor":false},"state":{"testRunDurationMs":396993.064022,"isStdOutTTY":false,"isStdErrTTY":false},"metrics":{"http_req_duration":{"type":"trend","contains":"time","values":{"p(95)":22361.32821,"p(99)":22709.816388479998,"avg":19164.255440765195,"min":0,"med":21384.456768,"max":24232.164912,"p(90)":22177.3287262},"thresholds":{"p(95)<2000":{"ok":false}}},"start_attempt_duration":{"type":"trend","contains":"time","values":{"avg":19034.43986017971,"min":0,"med":21329.680501000003,"max":23124.68844,"p(90)":22049.246005999998,"p(95)":22229.8572508,"p(99)":22494.57565616}},"gradebook_duration":{"type":"trend","contains":"time","values":{"min":0.835487,"med":21490.1629275,"max":24104.625936,"p(90)":22308.3071445,"p(95)":22492.274578599998,"p(99)":22825.806734780002,"avg":19148.654014652035}},"http_req_connecting":{"type":"trend","contains":"time","values":{"p(99)":1.586763880000001,"avg":0.29753653912342104,"min":0,"med":0.204437,"max":142.013873,"p(90)":0.29266839999999994,"p(95)":0.39433439999999886}},"data_sent":{"type":"counter","contains":"data","values":{"count":3397507,"rate":8558.101659458014}},"http_reqs":{"type":"counter","contains":"default","values":{"count":26033,"rate":65.57545297203818}},"submit_assignment_duration":{"type":"trend","contains":"time","values":{"p(99)":22717.7868076,"avg":19249.979207650835,"min":1.549649,"med":21405.4807745,"max":23549.184368,"p(90)":22173.913734,"p(95)":22367.23714675}},"vus_max":{"type":"gauge","contains":"default","values":{"value":1500,"min":1114,"max":1500}},"http_req_blocked":{"type":"trend","contains":"time","values":{"min":0.004052,"med":0.28718,"max":142.386802,"p(90)":0.4099062,"p(95)":0.5293843999999998,"p(99)":1.8613007200000016,"avg":0.38684643948065983}},"data_received":{"type":"counter","contains":"data","values":{"count":171747429,"rate":432620.72959159396}},"http_req_receiving":{"type":"trend","contains":"time","values":{"p(90)":0.3198542,"p(95)":0.4722689999999993,"p(99)":1.2613470000000002,"avg":0.23478729550954436,"min":0,"med":0.149775,"max":50.798768}},"http_req_failed":{"type":"rate","contains":"default","values":{"rate":0.0021511158913686476,"passes":56,"fails":25977},"thresholds":{"rate<0.10":{"ok":true}}},"http_req_duration{expected_response:true}":{"type":"trend","contains":"time","values":{"avg":19205.55551488938,"min":24.268713,"med":21386.690533,"max":24232.164912,"p(90)":22177.9001122,"p(95)":22361.697610799998,"p(99)":22709.96626256}},"materials_list_duration":{"type":"trend","contains":"time","values":{"p(99)":22487.66430285,"avg":19069.14780025494,"min":0,"med":21263.363638000003,"max":23912.25766,"p(90)":22018.6817657,"p(95)":22197.074371799998}},"iterations":{"contains":"default","values":{"count":26033,"rate":65.57545297203818},"type":"counter"},"http_req_sending":{"type":"trend","contains":"time","values":{"p(99)":0.2688972000000004,"avg":0.10723658375907526,"min":0,"med":0.065888,"max":94.409416,"p(90)":0.1065718,"p(95)":0.125545}},"iteration_duration":{"type":"trend","contains":"time","values":{"avg":20421.02099635601,"min":516.898068,"med":22581.22038,"max":25798.375877,"p(90)":23613.9699694,"p(95)":23863.166450399996,"p(99)":24309.40078616}},"http_req_waiting":{"values":{"med":21384.145217,"max":24231.753837,"p(90)":22176.570565399998,"p(95)":22360.980991599998,"p(99)":22709.611688200002,"avg":19163.91341688604,"min":0},"type":"trend","contains":"time"},"vus":{"type":"gauge","contains":"default","values":{"value":3,"min":0,"max":1500}},"quiz_detail_duration":{"type":"trend","contains":"time","values":{"p(99)":22802.73178832,"avg":19386.907340550202,"min":0.238135,"med":21481.961703499997,"max":24232.164912,"p(90)":22280.2520731,"p(95)":22468.254410650003}},"errors":{"values":{"rate":1,"passes":56,"fails":0},"thresholds":{"rate<0.10":{"ok":false}},"type":"rate","contains":"default"},"http_req_tls_handshaking":{"type":"trend","contains":"time","values":{"p(95)":0,"p(99)":0,"avg":0,"min":0,"med":0,"max":0,"p(90)":0}},"material_detail_duration":{"values":{"p(90)":22030.9305966,"p(95)":22191.999169,"p(99)":22484.51685548,"avg":18969.821541075587,"min":1.517949,"med":21277.224907,"max":23415.655858},"type":"trend","contains":"time"},"checks":{"type":"rate","contains":"default","values":{"rate":0.9979738952397201,"passes":46793,"fails":95}}},"root_group":{"groups":[],"checks":[{"name":"[gradebook] status 200","path":"::[gradebook] status 200","id":"9186de991ebaa0ed414ff11baa5503d0","passes":5252,"fails":10},{"name":"[gradebook] success","path":"::[gradebook] success","id":"a15a69867e50cddaa06c049f7cde480d","passes":5252,"fails":10},{"fails":4,"name":"[material-detail] status 200","path":"::[material-detail] status 200","id":"a12462dd78c876a1d31a53eadf87e378","passes":3925},{"fails":4,"name":"[material-detail] success","path":"::[material-detail] success","id":"3632f96ad89cbc27cd995a000cbd8596","passes":3925},{"name":"[start-attempt] status 201 or 400","path":"::[start-attempt] status 201 or 400","id":"33680026b6a14104cfefb4ee3b4b083d","passes":2620,"fails":12},{"fails":11,"name":"[materials-list] status 200","path":"::[materials-list] status 200","id":"463a16ce0b1d8abee844a574ea056361","passes":5111},{"name":"[materials-list] success","path":"::[materials-list] success","id":"664e43a5933df86e3bab167b84d274ca","passes":5111,"fails":11},{"name":"[submit-assignment] status 201 or 400","path":"::[submit-assignment] status 201 or 400","id":"c6b8e5b4b95e1cad4532c36b70154d08","passes":2541,"fails":5},{"name":"[quiz-detail] status 200","path":"::[quiz-detail] status 200","id":"917c623bb77fd0f4c30b55655ab512f2","passes":6528,"fails":14},{"id":"6719d54de0da0cfb59497b1755be95e9","passes":6528,"fails":14,"name":"[quiz-detail] success","path":"::[quiz-detail] success"}],"name":"","path":"","id":"d41d8cd98f00b204e9800998ecf8427e"}}