{"metrics":{"submit_assignment_duration":{"type":"trend","contains":"time","values":{"p(90)":29834.7000682,"p(95)":30000.2119014,"p(99)":30000.98464136,"avg":25989.05438007131,"min":0.946621,"med":28972.901745000003,"max":30018.776926}},"quiz_detail_duration":{"type":"trend","contains":"time","values":{"med":29056.591321,"max":30056.827983,"p(90)":29941.264376,"p(95)":30000.445036,"p(99)":30001.0440218,"avg":25985.477951153858,"min":2.7914}},"data_received":{"values":{"count":155919731,"rate":384887.9303070501},"type":"counter","contains":"data"},"http_req_tls_handshaking":{"values":{"max":0,"p(90)":0,"p(95)":0,"p(99)":0,"avg":0,"min":0,"med":0},"type":"trend","contains":"time"},"http_req_sending":{"type":"trend","contains":"time","values":{"avg":0.08854133518384745,"min":0,"med":0.070569,"max":32.431616,"p(90)":0.1093462,"p(95)":0.1275593,"p(99)":0.2521411000000003}},"checks":{"type":"rate","contains":"default","values":{"rate":0.9358508119079838,"passes":44262,"fails":3034}},"vus_max":{"type":"gauge","contains":"default","values":{"value":2000,"min":1390,"max":2000}},"materials_list_duration":{"contains":"time","values":{"min":0,"med":28843.5975525,"max":30057.200681,"p(90)":29651.8796358,"p(95)":29893.81849795,"p(99)":30000.76318372,"avg":25934.77042257287},"type":"trend"},"iteration_duration":{"contains":"time","values":{"med":30150.595205,"max":32007.543716,"p(90)":31183.5122506,"p(95)":31432.818941049998,"p(99)":31815.63711512,"avg":27301.340279363303,"min":582.66856},"type":"trend"},"http_reqs":{"type":"counter","contains":"default","values":{"rate":64.91909403784894,"count":26299}},"http_req_blocked":{"contains":"time","values":{"avg":0.38942968968402064,"min":0.003904,"med":0.304729,"max":52.939588,"p(90)":0.4276388000000002,"p(95)":0.5812604999999988,"p(99)":1.8331293600000058},"type":"trend"},"errors":{"contains":"default","values":{"fails":0,"rate":1,"passes":1659},"thresholds":{"rate<0.10":{"ok":false}},"type":"rate"},"http_req_failed":{"values":{"rate":0.06308224647324993,"passes":1659,"fails":24640},"thresholds":{"rate<0.10":{"ok":true}},"type":"rate","contains":"default"},"gradebook_duration":{"type":"trend","contains":"time","values":{"avg":26227.483528514884,"min":2.644504,"med":29075.760025,"max":30040.571255,"p(90)":29951.379242900002,"p(95)":30000.44639495,"p(99)":30001.19738361}},"http_req_waiting":{"type":"trend","contains":"time","values":{"p(90)":29815.8215342,"p(95)":30000.0916388,"p(99)":30000.90686426,"avg":26049.03606632917,"min":0,"med":28950.934485,"max":30057.130223}},"http_req_duration":{"type":"trend","contains":"time","values":{"p(95)":30000.1715248,"p(99)":30000.980118379997,"avg":26049.345921590982,"min":0,"med":28951.135167,"max":30057.200681,"p(90)":29816.1686716},"thresholds":{"p(95)<2000":{"ok":false}}},"vus":{"type":"gauge","contains":"default","values":{"value":18,"min":0,"max":2000}},"http_req_duration{expected_response:true}":{"values":{"med":28898.9095955,"max":30015.830068,"p(90)":29623.1581825,"p(95)":29776.0738958,"p(99)":29947.37938319,"avg":25794.2299775344,"min":26.453922},"type":"trend","contains":"time"},"material_detail_duration":{"type":"trend","contains":"time","values":{"avg":26101.031803571856,"min":0.549267,"med":28843.1440775,"max":30011.087474,"p(90)":29658.3167254,"p(95)":29897.682149750002,"p(99)":30000.80957851}},"data_sent":{"type":"counter","contains":"data","values":{"count":3438820,"rate":8488.728809431374}},"iterations":{"type":"counter","contains":"default","values":{"count":26288,"rate":64.89194053260478}},"http_req_connecting":{"type":"trend","contains":"time","values":{"p(99)":1.551459880000001,"avg":0.29019069854367097,"min":0,"med":0.217693,"max":52.880605,"p(90)":0.30322860000000007,"p(95)":0.44721409999999945}},"http_req_receiving":{"values":{"med":0.147155,"max":52.866098,"p(90)":0.3170686000000001,"p(95)":0.4673496999999999,"p(99)":1.2243172200000003,"avg":0.22131392657515495,"min":0},"type":"trend","contains":"time"},"start_attempt_duration":{"type":"trend","contains":"time","values":{"med":28895.21845,"max":30022.995341,"p(90)":29713.9118323,"p(95)":29947.3663032,"p(99)":30000.850872709998,"avg":26063.48183733299,"min":2.656334}}},"root_group":{"name":"","path":"","id":"d41d8cd98f00b204e9800998ecf8427e","groups":[],"checks":[{"id":"917c623bb77fd0f4c30b55655ab512f2","passes":5949,"fails":572,"name":"[quiz-detail] status 200","path":"::[quiz-detail] status 200"},{"passes":5949,"fails":572,"name":"[quiz-detail] success","path":"::[quiz-detail] success","id":"6719d54de0da0cfb59497b1755be95e9"},{"name":"[material-detail] status 200","path":"::[material-detail] status 200","id":"a12462dd78c876a1d31a53eadf87e378","passes":3823,"fails":145},{"name":"[material-detail] success","path":"::[material-detail] success","id":"3632f96ad89cbc27cd995a000cbd8596","passes":3823,"fails":145},{"name":"[materials-list] status 200","path":"::[materials-list] status 200","id":"463a16ce0b1d8abee844a574ea056361","passes":5075,"fails":183},{"path":"::[materials-list] success","id":"664e43a5933df86e3bab167b84d274ca","passes":5075,"fails":183,"name":"[materials-list] success"},{"name":"[gradebook] status 200","path":"::[gradebook] status 200","id":"9186de991ebaa0ed414ff11baa5503d0","passes":4775,"fails":475},{"name":"[gradebook] success","path":"::[gradebook] success","id":"a15a69867e50cddaa06c049f7cde480d","passes":4775,"fails":475},{"name":"[start-attempt] status 201 or 400","path":"::[start-attempt] status 201 or 400","id":"33680026b6a14104cfefb4ee3b4b083d","passes":2552,"fails":112},{"name":"[submit-assignment] status 201 or 400","path":"::[submit-assignment] status 201 or 400","id":"c6b8e5b4b95e1cad4532c36b70154d08","passes":2466,"fails":172}]},"options":{"summaryTrendStats":["avg","min","med","max","p(90)","p(95)","p(99)"],"summaryTimeUnit":"","noColor":false},"state":{"isStdOutTTY":false,"isStdErrTTY":false,"testRunDurationMs":405104.236123}}