{"state":{"isStdOutTTY":false,"isStdErrTTY":false,"testRunDurationMs":391931.190785},"metrics":{"http_req_blocked":{"values":{"avg":0.038979492265128764,"min":0.003796,"med":0.011743,"max":128.015437,"p(90)":0.0220876,"p(95)":0.03207189999999993,"p(99)":0.38532614000000065},"type":"trend","contains":"time"},"data_received":{"type":"counter","contains":"data","values":{"count":167936558,"rate":428484.80026210577}},"http_req_duration{expected_response:true}":{"type":"trend","contains":"time","values":{"p(95)":10474.2901943,"p(99)":10760.469454180002,"avg":8935.957413289425,"min":25.952339,"med":9803.18775,"max":12271.565106,"p(90)":10331.0590104}},"submit_assignment_duration":{"type":"trend","contains":"time","values":{"p(99)":10716.797378,"avg":8969.345367038828,"min":36.76648,"med":9836.657122,"max":11569.554539,"p(90)":10331.672489,"p(95)":10469.298824}},"http_req_failed":{"values":{"rate":0,"passes":0,"fails":25663},"thresholds":{"rate<0.10":{"ok":true}},"type":"rate","contains":"default"},"http_reqs":{"type":"counter","contains":"default","values":{"count":25663,"rate":65.47833038906526}},"http_req_sending":{"type":"trend","contains":"time","values":{"avg":0.05346609067529137,"min":0.007526,"med":0.037513,"max":50.507762,"p(90)":0.0610588,"p(95)":0.08450089999999993,"p(99)":0.17735536000000027}},"materials_list_duration":{"type":"trend","contains":"time","values":{"avg":8808.873765365082,"min":25.952339,"med":9693.066007,"max":11663.898058,"p(90)":10165.920165,"p(95)":10293.6259254,"p(99)":10551.98916506}},"http_req_tls_handshaking":{"type":"trend","contains":"time","values":{"p(99)":0,"avg":0,"min":0,"med":0,"max":0,"p(90)":0,"p(95)":0}},"checks":{"type":"rate","contains":"default","values":{"rate":1,"passes":46167,"fails":0}},"gradebook_duration":{"type":"trend","contains":"time","values":{"avg":9052.2051925228,"min":40.882065,"med":9922.468262,"max":12271.565106,"p(90)":10441.1203722,"p(95)":10582.397942599999,"p(99)":10867.96284264}},"material_detail_duration":{"type":"trend","contains":"time","values":{"p(95)":10292.34615835,"p(99)":10517.645095109998,"avg":8733.186340380655,"min":25.993308,"med":9680.577578,"max":11717.351622,"p(90)":10174.4578142}},"quiz_detail_duration":{"type":"trend","contains":"time","values":{"avg":9080.021204459774,"min":31.845859,"med":9913.859987,"max":11814.363639,"p(90)":10435.7935944,"p(95)":10578.808394399999,"p(99)":10861.83549534}},"errors":{"contains":"default","values":{"rate":0,"passes":0,"fails":0},"thresholds":{"rate<0.10":{"ok":true}},"type":"rate"},"start_attempt_duration":{"values":{"avg":8868.869090926879,"min":31.615916,"med":9731.455612,"max":11331.784443,"p(90)":10227.4351327,"p(95)":10339.750174750001,"p(99)":10560.29514277},"type":"trend","contains":"time"},"http_req_waiting":{"type":"trend","contains":"time","values":{"avg":8935.669606781059,"min":25.600646,"med":9803.00361,"max":12271.39962,"p(90)":10330.8962884,"p(95)":10473.851597,"p(99)":10760.206212740002}},"http_req_receiving":{"type":"trend","contains":"time","values":{"min":0.032265,"med":0.156985,"max":35.351002,"p(90)":0.3457146,"p(95)":0.4989303999999999,"p(99)":1.2550755000000005,"avg":0.23434041764407937}},"iteration_duration":{"type":"trend","contains":"time","values":{"med":10980.79593,"max":13635.692046,"p(90)":11851.1639154,"p(95)":12050.259955799998,"p(99)":12388.665298980002,"avg":10191.985519942304,"min":538.769677}},"http_req_connecting":{"type":"trend","contains":"time","values":{"p(90)":0,"p(95)":0,"p(99)":0.25508014000000007,"avg":0.01880508861006117,"min":0,"med":0,"max":127.809721}},"data_sent":{"type":"counter","contains":"data","values":{"rate":8563.000544248709,"count":3356107}},"vus_max":{"values":{"max":750,"value":750,"min":750},"type":"gauge","contains":"default"},"vus":{"type":"gauge","contains":"default","values":{"value":1,"min":1,"max":750}},"iterations":{"type":"counter","contains":"default","values":{"count":25663,"rate":65.47833038906526}},"http_req_duration":{"type":"trend","contains":"time","values":{"avg":8935.957413289425,"min":25.952339,"med":9803.18775,"max":12271.565106,"p(90)":10331.0590104,"p(95)":10474.2901943,"p(99)":10760.469454180002},"thresholds":{"p(95)<2000":{"ok":false}}}},"root_group":{"name":"","path":"","id":"d41d8cd98f00b204e9800998ecf8427e","groups":[],"checks":[{"path":"::[submit-assignment] status 201 or 400","id":"c6b8e5b4b95e1cad4532c36b70154d08","passes":2601,"fails":0,"name":"[submit-assignment] status 201 or 400"},{"name":"[gradebook] status 200","path":"::[gradebook] status 200","id":"9186de991ebaa0ed414ff11baa5503d0","passes":5153,"fails":0},{"name":"[gradebook] success","path":"::[gradebook] success","id":"a15a69867e50cddaa06c049f7cde480d","passes":5153,"fails":0},{"passes":3904,"fails":0,"name":"[material-detail] status 200","path":"::[material-detail] status 200","id":"a12462dd78c876a1d31a53eadf87e378"},{"path":"::[material-detail] success","id":"3632f96ad89cbc27cd995a000cbd8596","passes":3904,"fails":0,"name":"[material-detail] success"},{"name":"[materials-list] status 200","path":"::[materials-list] status 200","id":"463a16ce0b1d8abee844a574ea056361","passes":5059,"fails":0},{"id":"664e43a5933df86e3bab167b84d274ca","passes":5059,"fails":0,"name":"[materials-list] success","path":"::[materials-list] success"},{"name":"[quiz-detail] status 200","path":"::[quiz-detail] status 200","id":"917c623bb77fd0f4c30b55655ab512f2","passes":6388,"fails":0},{"name":"[quiz-detail] success","path":"::[quiz-detail] success","id":"6719d54de0da0cfb59497b1755be95e9","passes":6388,"fails":0},{"path":"::[start-attempt] status 201 or 400","id":"33680026b6a14104cfefb4ee3b4b083d","passes":2558,"fails":0,"name":"[start-attempt] status 201 or 400"}]},"options":{"summaryTrendStats":["avg","min","med","max","p(90)","p(95)","p(99)"],"summaryTimeUnit":"","noColor":false}}