{"state":{"isStdOutTTY":false,"isStdErrTTY":false,"testRunDurationMs":395684.194776},"metrics":{"gradebook_duration":{"contains":"time","values":{"p(99)":16864.068947839998,"avg":14310.20347856069,"min":29.747334,"med":15652.52115,"max":17620.392692,"p(90)":16396.7093414,"p(95)":16585.6118858},"type":"trend"},"assignment_detail_duration":{"type":"trend","contains":"time","values":{"med":15682.911804,"max":18061.208331,"p(90)":16429.160074500003,"p(95)":16615.3358335,"p(99)":16910.455421500003,"avg":14362.933721511332,"min":44.611707}},"http_req_sending":{"type":"trend","contains":"time","values":{"max":77.376935,"p(90)":0.071142,"p(95)":0.09944859999999997,"p(99)":0.17484810000000015,"avg":0.06103117515002346,"min":0.009219,"med":0.042627}},"iteration_duration":{"type":"trend","contains":"time","values":{"max":36195.529483,"p(90)":32683.096766399998,"p(95)":33434.785282900004,"p(99)":34322.75823403999,"avg":18275.34897457341,"min":444.138586,"med":16877.713526}},"http_req_connecting":{"values":{"p(95)":0,"p(99)":0.2749843800000006,"avg":0.02043495760480076,"min":0,"med":0,"max":67.028859,"p(90)":0},"type":"trend","contains":"time"},"submit_quiz_duration":{"contains":"time","values":{"max":18103.955769,"p(90)":16888.2384598,"p(95)":17095.15941475,"p(99)":17434.03659681,"avg":14716.803028421702,"min":110.737958,"med":16045.002861500001},"type":"trend"},"http_req_blocked":{"type":"trend","contains":"time","values":{"min":0.003268,"med":0.011375,"max":67.129455,"p(90)":0.023438399999999998,"p(95)":0.048740599999999225,"p(99)":0.4193051400000005,"avg":0.03851874826231483}},"http_req_tls_handshaking":{"type":"trend","contains":"time","values":{"min":0,"med":0,"max":0,"p(90)":0,"p(95)":0,"p(99)":0,"avg":0}},"errors":{"values":{"rate":0,"passes":0,"fails":0},"thresholds":{"rate<0.10":{"ok":true}},"type":"rate","contains":"default"},"http_req_receiving":{"type":"trend","contains":"time","values":{"p(99)":0.9430403200000003,"avg":0.23063669680093196,"min":0.028885,"med":0.152109,"max":85.272266,"p(90)":0.28368839999999995,"p(95)":0.40762149999999936}},"checks":{"type":"rate","contains":"default","values":{"rate":0.9997821647379169,"passes":36717,"fails":8}},"iterations":{"type":"counter","contains":"default","values":{"count":19343,"rate":48.88494474981551}},"http_reqs":{"contains":"default","values":{"count":23163,"rate":58.539108475416256},"type":"counter"},"vus":{"values":{"value":23,"min":4,"max":1000},"type":"gauge","contains":"default"},"http_req_waiting":{"type":"trend","contains":"time","values":{"p(99)":17264.00193986,"avg":14502.74651834401,"min":28.963441,"med":15827.691681,"max":18238.148808,"p(90)":16665.0308392,"p(95)":16873.5081776}},"data_sent":{"contains":"data","values":{"count":4387919,"rate":11089.447235778614},"type":"counter"},"data_received":{"type":"counter","contains":"data","values":{"count":86297797,"rate":218097.66005148087}},"http_req_failed":{"type":"rate","contains":"default","values":{"rate":0,"passes":0,"fails":23163},"thresholds":{"rate<0.10":{"ok":true}}},"vus_max":{"type":"gauge","contains":"default","values":{"value":1000,"min":1000,"max":1000}},"http_req_duration{expected_response:true}":{"values":{"p(99)":17264.169529360002,"avg":14503.03818621596,"min":29.747334,"med":15827.952755,"max":18238.330728,"p(90)":16665.3592806,"p(95)":16873.6946671},"type":"trend","contains":"time"},"http_req_duration":{"type":"trend","contains":"time","values":{"p(99)":17264.169529360002,"avg":14503.03818621596,"min":29.747334,"med":15827.952755,"max":18238.330728,"p(90)":16665.3592806,"p(95)":16873.6946671},"thresholds":{"p(95)<3000":{"ok":false}}},"submit_assignment_duration":{"values":{"med":15914.180189,"max":17987.379135,"p(90)":16745.652247600003,"p(95)":16939.759176,"p(99)":17301.17044752,"avg":14530.896606688328,"min":67.459824},"type":"trend","contains":"time"},"grade_submission_duration":{"type":"trend","contains":"time","values":{"avg":14801.937864869133,"min":91.974924,"med":16015.176873,"max":18048.988559,"p(90)":16862.762468200002,"p(95)":17059.6208952,"p(99)":17391.85959436}}},"root_group":{"name":"","path":"","id":"d41d8cd98f00b204e9800998ecf8427e","groups":[],"checks":[{"id":"e710e6c64d866e8aa495eeee12857a96","passes":3896,"fails":0,"name":"[assignment-detail] status 200","path":"::[assignment-detail] status 200"},{"path":"::[assignment-detail] success","id":"2eca0bd45992b6c1691069c6af81d1ee","passes":3896,"fails":0,"name":"[assignment-detail] success"},{"name":"[gradebook] status 200","path":"::[gradebook] status 200","id":"9186de991ebaa0ed414ff11baa5503d0","passes":3913,"fails":0},{"id":"a15a69867e50cddaa06c049f7cde480d","passes":3913,"fails":0,"name":"[gradebook] success","path":"::[gradebook] success"},{"name":"[submit-assignment] status 201 or 400","path":"::[submit-assignment] status 201 or 400","id":"c6b8e5b4b95e1cad4532c36b70154d08","passes":5773,"fails":0},{"id":"18f54229dcbc1aba2aecf8a61f0db771","passes":3820,"fails":8,"name":"[quiz-attempt] start 201","path":"::[quiz-attempt] start 201"},{"name":"[grade-submission] status 200","path":"::[grade-submission] status 200","id":"0b00b1c9fc4243dfcbcade089d53f4c1","passes":1933,"fails":0},{"name":"[grade-submission] success","path":"::[grade-submission] success","id":"dc7c3576ea1686ed510a59cbde26957e","passes":1933,"fails":0},{"name":"[quiz-attempt] submit 200","path":"::[quiz-attempt] submit 200","id":"3aac290b0fb83ec96bbf8f19a1813a81","passes":3820,"fails":0},{"name":"[quiz-attempt] success","path":"::[quiz-attempt] success","id":"6398ec5c83f0a8abdc14be5794d5070f","passes":3820,"fails":0}]},"options":{"summaryTrendStats":["avg","min","med","max","p(90)","p(95)","p(99)"],"summaryTimeUnit":"","noColor":false}}