{"state":{"testRunDurationMs":390541.739503,"isStdOutTTY":false,"isStdErrTTY":false},"metrics":{"grade_submission_duration":{"type":"trend","contains":"time","values":{"p(95)":1683.501034,"p(99)":1952.3925561500005,"avg":1000.320093443427,"min":44.553023,"med":1047.0021179999999,"max":3182.404972,"p(90)":1511.0364205}},"checks":{"values":{"fails":6,"rate":0.9998256472844564,"passes":34407},"type":"rate","contains":"default"},"data_received":{"contains":"data","values":{"count":82114606,"rate":210258.20723925266},"type":"counter"},"http_req_sending":{"values":{"avg":0.052797959005067154,"min":0.008413,"med":0.040861,"max":32.354496,"p(90)":0.06267110000000001,"p(95)":0.07408749999999997,"p(99)":0.14565928999999997},"type":"trend","contains":"time"},"http_req_receiving":{"type":"trend","contains":"time","values":{"p(99)":1.0121910699999996,"avg":0.21359390105941944,"min":0.029575,"med":0.149273,"max":50.685136,"p(90)":0.29555990000000015,"p(95)":0.4272897999999999}},"errors":{"type":"rate","contains":"default","values":{"rate":0,"passes":0,"fails":0},"thresholds":{"rate<0.10":{"ok":true}}},"http_req_connecting":{"type":"trend","contains":"time","values":{"max":7.613138,"p(90)":0,"p(95)":0,"p(99)":0,"avg":0.0016566652694610775,"min":0,"med":0}},"vus_max":{"values":{"value":100,"min":100,"max":100},"type":"gauge","contains":"default"},"http_req_duration{expected_response:true}":{"type":"trend","contains":"time","values":{"min":21.12765,"med":852.341531,"max":4198.676093,"p(90)":1355.5402650000003,"p(95)":1505.3410089000001,"p(99)":1827.9761828599999,"avg":840.8510025263033}},"http_req_failed":{"type":"rate","contains":"default","values":{"passes":0,"fails":21710,"rate":0},"thresholds":{"rate<0.10":{"ok":true}}},"http_req_blocked":{"type":"trend","contains":"time","values":{"med":0.010853,"max":14.280498,"p(90)":0.017349600000000014,"p(95)":0.025127299999999995,"p(99)":0.051732429999999975,"avg":0.015119257945647144,"min":0.003415}},"submit_quiz_duration":{"type":"trend","contains":"time","values":{"avg":1035.938291712774,"min":42.051249,"med":1094.050267,"max":4198.676093,"p(90)":1561.0871876,"p(95)":1693.7571615999998,"p(99)":2034.8266039999999}},"http_req_tls_handshaking":{"type":"trend","contains":"time","values":{"min":0,"med":0,"max":0,"p(90)":0,"p(95)":0,"p(99)":0,"avg":0}},"vus":{"type":"gauge","contains":"default","values":{"value":2,"min":2,"max":100}},"assignment_detail_duration":{"type":"trend","contains":"time","values":{"max":2723.327406,"p(90)":1076.2640433,"p(95)":1170.0849181499998,"p(99)":1482.8567995599963,"avg":694.4773192729047,"min":25.646119,"med":725.9102734999999}},"http_req_duration":{"contains":"time","values":{"avg":840.8510025263033,"min":21.12765,"med":852.341531,"max":4198.676093,"p(90)":1355.5402650000003,"p(95)":1505.3410089000001,"p(99)":1827.9761828599999},"thresholds":{"p(95)<3000":{"ok":true}},"type":"trend"},"http_req_waiting":{"type":"trend","contains":"time","values":{"min":20.609185,"med":852.129784,"max":4198.507159,"p(90)":1355.2145022,"p(95)":1505.09584615,"p(99)":1827.83795507,"avg":840.5846106662384}},"data_sent":{"type":"counter","contains":"data","values":{"count":4120490,"rate":10550.703249398386}},"gradebook_duration":{"contains":"time","values":{"p(95)":1084.1469470499994,"p(99)":1425.6336428399954,"avg":634.7996715410744,"min":21.12765,"med":663.0299745,"max":2661.720902,"p(90)":984.3196615},"type":"trend"},"iterations":{"type":"counter","contains":"default","values":{"count":18117,"rate":46.38940775717222}},"submit_assignment_duration":{"type":"trend","contains":"time","values":{"p(99)":1864.2573603600008,"avg":925.9049493195258,"min":39.979272,"med":973.003723,"max":3031.965693,"p(90)":1405.64856,"p(95)":1533.5486944499999}},"iteration_duration":{"type":"trend","contains":"time","values":{"p(99)":3843.6339810400004,"avg":1909.2015892631782,"min":340.738028,"med":1828.548804,"max":5946.980562,"p(90)":2895.2973023999994,"p(95)":3272.4327160000003}},"http_reqs":{"values":{"count":21710,"rate":55.58944871712805},"type":"counter","contains":"default"}},"root_group":{"groups":[],"checks":[{"name":"[grade-submission] status 200","path":"::[grade-submission] status 200","id":"0b00b1c9fc4243dfcbcade089d53f4c1","passes":1856,"fails":0},{"id":"dc7c3576ea1686ed510a59cbde26957e","passes":1856,"fails":0,"name":"[grade-submission] success","path":"::[grade-submission] success"},{"name":"[assignment-detail] status 200","path":"::[assignment-detail] status 200","id":"e710e6c64d866e8aa495eeee12857a96","passes":3602,"fails":0},{"name":"[assignment-detail] success","path":"::[assignment-detail] success","id":"2eca0bd45992b6c1691069c6af81d1ee","passes":3602,"fails":0},{"name":"[quiz-attempt] start 201","path":"::[quiz-attempt] start 201","id":"18f54229dcbc1aba2aecf8a61f0db771","passes":3593,"fails":6},{"fails":0,"name":"[quiz-attempt] submit 200","path":"::[quiz-attempt] submit 200","id":"3aac290b0fb83ec96bbf8f19a1813a81","passes":3593},{"path":"::[quiz-attempt] success","id":"6398ec5c83f0a8abdc14be5794d5070f","passes":3593,"fails":0,"name":"[quiz-attempt] success"},{"id":"c6b8e5b4b95e1cad4532c36b70154d08","passes":5408,"fails":0,"name":"[submit-assignment] status 201 or 400","path":"::[submit-assignment] status 201 or 400"},{"passes":3652,"fails":0,"name":"[gradebook] status 200","path":"::[gradebook] status 200","id":"9186de991ebaa0ed414ff11baa5503d0"},{"id":"a15a69867e50cddaa06c049f7cde480d","passes":3652,"fails":0,"name":"[gradebook] success","path":"::[gradebook] success"}],"name":"","path":"","id":"d41d8cd98f00b204e9800998ecf8427e"},"options":{"summaryTimeUnit":"","noColor":false,"summaryTrendStats":["avg","min","med","max","p(90)","p(95)","p(99)"]}}