{"metrics":{"http_req_duration":{"type":"trend","contains":"time","values":{"p(95)":27745.667181,"p(99)":28553.47357004,"avg":23145.171960531476,"min":0,"med":25949.670091,"max":29896.7895,"p(90)":27348.0212268},"thresholds":{"p(95)<3000":{"ok":false}}},"http_req_blocked":{"type":"trend","contains":"time","values":{"med":0.29856,"max":54.758937,"p(90)":0.44238800000000017,"p(95)":0.5835469999999999,"p(99)":1.9077674399999964,"avg":0.36180430117751883,"min":0.0034}},"submit_quiz_duration":{"type":"trend","contains":"time","values":{"p(95)":28050.574035999998,"p(99)":28761.6305575,"avg":23632.42827268873,"min":0.194462,"med":26216.982364,"max":29744.177559,"p(90)":27615.265326}},"vus_max":{"type":"gauge","contains":"default","values":{"value":1500,"min":1003,"max":1500}},"http_req_waiting":{"type":"trend","contains":"time","values":{"p(95)":27745.4152818,"p(99)":28553.051222959995,"avg":23144.838779788533,"min":0,"med":25949.263478,"max":29896.564992,"p(90)":27347.3661898}},"submit_assignment_duration":{"type":"trend","contains":"time","values":{"max":29666.547539,"p(90)":27420.2813394,"p(95)":27868.9488106,"p(99)":28681.53954976,"avg":23161.83218380004,"min":0,"med":26057.075006}},"iterations":{"type":"counter","contains":"default","values":{"count":18878,"rate":46.50714378262967}},"vus":{"type":"gauge","contains":"default","values":{"min":0,"max":1500,"value":2}},"data_sent":{"type":"counter","contains":"data","values":{"rate":10497.227493109564,"count":4260994}},"errors":{"contains":"default","values":{"rate":1,"passes":323,"fails":0},"thresholds":{"rate<0.10":{"ok":false}},"type":"rate"},"http_req_sending":{"type":"trend","contains":"time","values":{"min":0,"med":0.074174,"max":74.647248,"p(90)":0.120632,"p(95)":0.14377339999999997,"p(99)":0.28234671999999966,"avg":0.09186163892468312}},"http_req_failed":{"type":"rate","contains":"default","values":{"rate":0.01715174405687625,"passes":386,"fails":22119},"thresholds":{"rate<0.10":{"ok":true}}},"grade_submission_duration":{"type":"trend","contains":"time","values":{"med":26165.3544005,"max":29527.027628,"p(90)":27564.4629033,"p(95)":27922.453397999998,"p(99)":28705.68876579,"avg":23464.43623002447,"min":0.10467}},"http_reqs":{"type":"counter","contains":"default","values":{"count":22505,"rate":55.44248706579515}},"http_req_connecting":{"values":{"p(99)":1.5627060399999786,"avg":0.27095569055765395,"min":0,"med":0.210101,"max":54.674843,"p(90)":0.3090158000000001,"p(95)":0.4325715999999999},"type":"trend","contains":"time"},"http_req_tls_handshaking":{"contains":"time","values":{"avg":0,"min":0,"med":0,"max":0,"p(90)":0,"p(95)":0,"p(99)":0},"type":"trend"},"http_req_duration{expected_response:true}":{"contains":"time","values":{"avg":23548.971865914376,"min":36.694866,"med":25969.22294,"max":29896.7895,"p(90)":27359.7613366,"p(95)":27754.772162600002,"p(99)":28559.840644699998},"type":"trend"},"assignment_detail_duration":{"type":"trend","contains":"time","values":{"avg":22963.85934938204,"min":0.279982,"med":25779.7667325,"max":28783.077289,"p(90)":27205.096164399998,"p(95)":27494.27643695,"p(99)":28241.28586352}},"data_received":{"type":"counter","contains":"data","values":{"count":83965590,"rate":206854.52732934273}},"iteration_duration":{"type":"trend","contains":"time","values":{"p(95)":53996.18139245,"p(99)":55705.37012863,"avg":28378.515362742324,"min":307.182793,"med":27030.226877,"max":57483.926534,"p(90)":52778.436903}},"http_req_receiving":{"type":"trend","contains":"time","values":{"med":0.157417,"max":88.712711,"p(90)":0.2999872,"p(95)":0.4208931999999999,"p(99)":1.1778604799999899,"avg":0.24131910379915744,"min":0}},"checks":{"contains":"default","values":{"rate":0.9831117095887336,"passes":35044,"fails":602},"type":"rate"},"gradebook_duration":{"contains":"time","values":{"p(99)":28254.62476649,"avg":22806.059898198655,"min":0,"med":25732.8576885,"max":28961.039708,"p(90)":27071.882510800002,"p(95)":27400.8464472},"type":"trend"}},"root_group":{"name":"","path":"","id":"d41d8cd98f00b204e9800998ecf8427e","groups":[],"checks":[{"name":"[assignment-detail] status 200","path":"::[assignment-detail] status 200","id":"e710e6c64d866e8aa495eeee12857a96","passes":3795,"fails":63},{"name":"[assignment-detail] success","path":"::[assignment-detail] success","id":"2eca0bd45992b6c1691069c6af81d1ee","passes":3795,"fails":63},{"passes":3738,"fails":76,"name":"[gradebook] status 200","path":"::[gradebook] status 200","id":"9186de991ebaa0ed414ff11baa5503d0"},{"fails":76,"name":"[gradebook] success","path":"::[gradebook] success","id":"a15a69867e50cddaa06c049f7cde480d","passes":3738},{"name":"[quiz-attempt] start 201","path":"::[quiz-attempt] start 201","id":"18f54229dcbc1aba2aecf8a61f0db771","passes":3618,"fails":69},{"id":"c6b8e5b4b95e1cad4532c36b70154d08","passes":5564,"fails":113,"name":"[submit-assignment] status 201 or 400","path":"::[submit-assignment] status 201 or 400"},{"path":"::[quiz-attempt] submit 200","id":"3aac290b0fb83ec96bbf8f19a1813a81","passes":3508,"fails":43,"name":"[quiz-attempt] submit 200"},{"id":"6398ec5c83f0a8abdc14be5794d5070f","passes":3508,"fails":43,"name":"[quiz-attempt] success","path":"::[quiz-attempt] success"},{"passes":1890,"fails":28,"name":"[grade-submission] status 200","path":"::[grade-submission] status 200","id":"0b00b1c9fc4243dfcbcade089d53f4c1"},{"name":"[grade-submission] success","path":"::[grade-submission] success","id":"dc7c3576ea1686ed510a59cbde26957e","passes":1890,"fails":28}]},"options":{"summaryTrendStats":["avg","min","med","max","p(90)","p(95)","p(99)"],"summaryTimeUnit":"","noColor":false},"state":{"isStdOutTTY":false,"isStdErrTTY":false,"testRunDurationMs":405916.133836}}