{"metrics":{"checks":{"type":"rate","contains":"default","values":{"rate":0.999945677268653,"passes":36815,"fails":2}},"data_sent":{"type":"counter","contains":"data","values":{"count":4394947,"rate":11239.619373461484}},"submit_quiz_duration":{"type":"trend","contains":"time","values":{"max":9781.500481,"p(90)":8185.222876,"p(95)":8361.049558,"p(99)":8681.463934,"avg":6977.506084896309,"min":55.204097,"med":7589.148807}},"http_req_sending":{"type":"trend","contains":"time","values":{"med":0.040686,"max":21.570232,"p(90)":0.0646752,"p(95)":0.0837121,"p(99)":0.1749873000000001,"avg":0.054981354498038724,"min":0.007742}},"vus":{"type":"gauge","contains":"default","values":{"value":5,"min":5,"max":500}},"iteration_duration":{"values":{"med":8339.836886000001,"max":18723.393112,"p(90)":15777.810473599999,"p(95)":16318.803734849995,"p(99)":17005.308723699993,"avg":8965.48266177069,"min":359.469267},"type":"trend","contains":"time"},"assignment_detail_duration":{"values":{"p(99)":8184.674597160001,"avg":6556.963017181144,"min":30.867437,"med":7210.327674,"max":9632.229108,"p(90)":7697.733959499999,"p(95)":7856.19792565},"type":"trend","contains":"time"},"http_req_failed":{"type":"rate","contains":"default","values":{"fails":23199,"rate":0,"passes":0},"thresholds":{"rate<0.10":{"ok":true}}},"http_req_duration{expected_response:true}":{"type":"trend","contains":"time","values":{"p(95)":8136.6290692,"p(99)":8496.732454559999,"avg":6745.7539508528325,"min":20.784352,"med":7341.328447,"max":9781.500481,"p(90)":7956.075156}},"grade_submission_duration":{"type":"trend","contains":"time","values":{"max":9587.06093,"p(90)":8096.2247521,"p(95)":8261.090632599999,"p(99)":8595.80025589,"avg":6911.584266977875,"min":53.583457,"med":7535.8943}},"http_req_duration":{"type":"trend","contains":"time","values":{"p(95)":8136.6290692,"p(99)":8496.732454559999,"avg":6745.7539508528325,"min":20.784352,"med":7341.328447,"max":9781.500481,"p(90)":7956.075156},"thresholds":{"p(95)<3000":{"ok":false}}},"errors":{"type":"rate","contains":"default","values":{"fails":0,"rate":0,"passes":0},"thresholds":{"rate<0.10":{"ok":true}}},"http_req_receiving":{"type":"trend","contains":"time","values":{"med":0.145561,"max":60.565924,"p(90)":0.29290020000000005,"p(95)":0.43335369999999995,"p(99)":1.033101920000001,"avg":0.21674191805681062,"min":0.030329}},"gradebook_duration":{"type":"trend","contains":"time","values":{"med":7160.465388,"max":8978.491056,"p(90)":7650.705911,"p(95)":7798.358685499999,"p(99)":8131.1718949000015,"avg":6552.724082959355,"min":20.784352}},"vus_max":{"type":"gauge","contains":"default","values":{"value":500,"min":500,"max":500}},"http_req_tls_handshaking":{"type":"trend","contains":"time","values":{"min":0,"med":0,"max":0,"p(90)":0,"p(95)":0,"p(99)":0,"avg":0}},"iterations":{"values":{"count":19418,"rate":49.65951329876677},"type":"counter","contains":"default"},"http_req_waiting":{"type":"trend","contains":"time","values":{"avg":6745.48222758029,"min":20.238782,"med":7341.14035,"max":9781.229754,"p(90)":7955.8670624,"p(95)":8136.4547042,"p(99)":8496.5291904}},"http_reqs":{"contains":"default","values":{"count":23199,"rate":59.32902714069885},"type":"counter"},"http_req_blocked":{"type":"trend","contains":"time","values":{"avg":0.02323357399025825,"min":0.003253,"med":0.011176,"max":19.840937,"p(90)":0.020164800000000014,"p(95)":0.02877189999999999,"p(99)":0.3533924400000001}},"submit_assignment_duration":{"type":"trend","contains":"time","values":{"avg":6816.455027756984,"min":47.797702,"med":7454.97312,"max":9365.195962,"p(90)":8017.1105441,"p(95)":8162.74940075,"p(99)":8497.09137113}},"data_received":{"type":"counter","contains":"data","values":{"count":88543851,"rate":226441.68020694837}},"http_req_connecting":{"type":"trend","contains":"time","values":{"avg":0.007778049441786288,"min":0,"med":0,"max":19.70329,"p(90)":0,"p(95)":0,"p(99)":0.23481712000000016}}},"root_group":{"name":"","path":"","id":"d41d8cd98f00b204e9800998ecf8427e","groups":[],"checks":[{"fails":0,"name":"[gradebook] status 200","path":"::[gradebook] status 200","id":"9186de991ebaa0ed414ff11baa5503d0","passes":3911},{"path":"::[gradebook] success","id":"a15a69867e50cddaa06c049f7cde480d","passes":3911,"fails":0,"name":"[gradebook] success"},{"fails":0,"name":"[assignment-detail] status 200","path":"::[assignment-detail] status 200","id":"e710e6c64d866e8aa495eeee12857a96","passes":3892},{"name":"[assignment-detail] success","path":"::[assignment-detail] success","id":"2eca0bd45992b6c1691069c6af81d1ee","passes":3892,"fails":0},{"name":"[submit-assignment] status 201 or 400","path":"::[submit-assignment] status 201 or 400","id":"c6b8e5b4b95e1cad4532c36b70154d08","passes":5798,"fails":0},{"id":"0b00b1c9fc4243dfcbcade089d53f4c1","passes":2034,"fails":0,"name":"[grade-submission] status 200","path":"::[grade-submission] status 200"},{"name":"[grade-submission] success","path":"::[grade-submission] success","id":"dc7c3576ea1686ed510a59cbde26957e","passes":2034,"fails":0},{"fails":2,"name":"[quiz-attempt] start 201","path":"::[quiz-attempt] start 201","id":"18f54229dcbc1aba2aecf8a61f0db771","passes":3781},{"passes":3781,"fails":0,"name":"[quiz-attempt] submit 200","path":"::[quiz-attempt] submit 200","id":"3aac290b0fb83ec96bbf8f19a1813a81"},{"name":"[quiz-attempt] success","path":"::[quiz-attempt] success","id":"6398ec5c83f0a8abdc14be5794d5070f","passes":3781,"fails":0}]},"options":{"summaryTimeUnit":"","noColor":false,"summaryTrendStats":["avg","min","med","max","p(90)","p(95)","p(99)"]},"state":{"isStdOutTTY":false,"isStdErrTTY":false,"testRunDurationMs":391022.761}}