{"options":{"summaryTrendStats":["avg","min","med","max","p(90)","p(95)","p(99)"],"summaryTimeUnit":"","noColor":false},"state":{"isStdOutTTY":false,"isStdErrTTY":false,"testRunDurationMs":390643.515334},"metrics":{"gradebook_duration":{"type":"trend","contains":"time","values":{"p(95)":3853.73357005,"p(99)":4293.02410485,"avg":2981.675171935956,"min":36.744354,"med":3215.357215,"max":6261.381885,"p(90)":3702.5147758}},"submit_quiz_duration":{"type":"trend","contains":"time","values":{"med":3249.9224275,"max":6311.216349,"p(90)":3755.7624809999998,"p(95)":3918.36460625,"p(99)":4613.921801200003,"avg":3012.3379625179973,"min":40.30087}},"vus":{"type":"gauge","contains":"default","values":{"min":4,"max":250,"value":8}},"iterations":{"type":"counter","contains":"default","values":{"count":19759,"rate":50.58064251522533}},"http_req_failed":{"type":"rate","contains":"default","values":{"rate":0,"passes":0,"fails":23705},"thresholds":{"rate<0.10":{"ok":true}}},"iteration_duration":{"type":"trend","contains":"time","values":{"med":4140.556419,"max":10999.808049,"p(90)":7153.252209200001,"p(95)":7640.1032098999995,"p(99)":8386.469767120001,"avg":4384.333991648487,"min":351.747211}},"http_req_tls_handshaking":{"type":"trend","contains":"time","values":{"p(95)":0,"p(99)":0,"avg":0,"min":0,"med":0,"max":0,"p(90)":0}},"http_reqs":{"type":"counter","contains":"default","values":{"count":23705,"rate":60.681923722021175}},"data_received":{"type":"counter","contains":"data","values":{"count":88603321,"rate":226813.75095717178}},"http_req_duration{expected_response:true}":{"contains":"time","values":{"avg":2899.762191104411,"min":23.92353,"med":3116.707463,"max":6347.756127,"p(90)":3612.8215824000004,"p(95)":3790.4277668,"p(99)":4587.198753839998},"type":"trend"},"grade_submission_duration":{"type":"trend","contains":"time","values":{"min":39.843962,"med":3200.337939,"max":6047.858486,"p(90)":3666.5018384,"p(95)":3851.1929136999997,"p(99)":4887.525090020001,"avg":2991.2825219706087}},"http_req_duration":{"type":"trend","contains":"time","values":{"p(90)":3612.8215824000004,"p(95)":3790.4277668,"p(99)":4587.198753839998,"avg":2899.762191104411,"min":23.92353,"med":3116.707463,"max":6347.756127},"thresholds":{"p(95)<3000":{"ok":false}}},"checks":{"values":{"fails":3,"rate":0.9999199423584981,"passes":37470},"type":"rate","contains":"default"},"submit_assignment_duration":{"type":"trend","contains":"time","values":{"max":6347.756127,"p(90)":3579.5756104,"p(95)":3752.6096690499994,"p(99)":4936.956675330001,"avg":2904.812423151466,"min":29.35017,"med":3129.911661}},"http_req_receiving":{"type":"trend","contains":"time","values":{"max":71.728401,"p(90)":0.28168620000000044,"p(95)":0.4075724,"p(99)":0.9849182399999998,"avg":0.21316738051044165,"min":0.027454,"med":0.141029}},"http_req_connecting":{"type":"trend","contains":"time","values":{"p(95)":0,"p(99)":0.18363511999999996,"avg":0.005027851001898333,"min":0,"med":0,"max":22.037003,"p(90)":0}},"data_sent":{"type":"counter","contains":"data","values":{"count":4513373,"rate":11553.687243831677}},"vus_max":{"type":"gauge","contains":"default","values":{"max":250,"value":250,"min":250}},"assignment_detail_duration":{"type":"trend","contains":"time","values":{"p(99)":4116.553797,"avg":2771.150724836428,"min":23.92353,"med":2989.656329,"max":5431.52794,"p(90)":3421.6110454,"p(95)":3568.2775434}},"errors":{"thresholds":{"rate<0.10":{"ok":true}},"type":"rate","contains":"default","values":{"rate":0,"passes":0,"fails":0}},"http_req_waiting":{"values":{"max":6347.536475,"p(90)":3612.6399630000005,"p(95)":3790.0827643999996,"p(99)":4586.993742679998,"avg":2899.496018390331,"min":23.662988,"med":3116.440087},"type":"trend","contains":"time"},"http_req_blocked":{"type":"trend","contains":"time","values":{"max":73.159438,"p(90)":0.017345800000000005,"p(95)":0.025404799999999998,"p(99)":0.29649463999999964,"avg":0.023644280615903932,"min":0.002955,"med":0.010761}},"http_req_sending":{"values":{"avg":0.05300533355832126,"min":0.008906,"med":0.040068,"max":45.204778,"p(90)":0.06125040000000001,"p(95)":0.07361559999999999,"p(99)":0.15450535999999984},"type":"trend","contains":"time"}},"root_group":{"checks":[{"name":"[gradebook] status 200","path":"::[gradebook] status 200","id":"9186de991ebaa0ed414ff11baa5503d0","passes":3982,"fails":0},{"fails":0,"name":"[gradebook] success","path":"::[gradebook] success","id":"a15a69867e50cddaa06c049f7cde480d","passes":3982},{"path":"::[quiz-attempt] start 201","id":"18f54229dcbc1aba2aecf8a61f0db771","passes":3946,"fails":3,"name":"[quiz-attempt] start 201"},{"name":"[quiz-attempt] submit 200","path":"::[quiz-attempt] submit 200","id":"3aac290b0fb83ec96bbf8f19a1813a81","passes":3946,"fails":0},{"name":"[quiz-attempt] success","path":"::[quiz-attempt] success","id":"6398ec5c83f0a8abdc14be5794d5070f","passes":3946,"fails":0},{"name":"[assignment-detail] status 200","path":"::[assignment-detail] status 200","id":"e710e6c64d866e8aa495eeee12857a96","passes":3833,"fails":0},{"path":"::[assignment-detail] success","id":"2eca0bd45992b6c1691069c6af81d1ee","passes":3833,"fails":0,"name":"[assignment-detail] success"},{"passes":5988,"fails":0,"name":"[submit-assignment] status 201 or 400","path":"::[submit-assignment] status 201 or 400","id":"c6b8e5b4b95e1cad4532c36b70154d08"},{"path":"::[grade-submission] status 200","id":"0b00b1c9fc4243dfcbcade089d53f4c1","passes":2007,"fails":0,"name":"[grade-submission] status 200"},{"path":"::[grade-submission] success","id":"dc7c3576ea1686ed510a59cbde26957e","passes":2007,"fails":0,"name":"[grade-submission] success"}],"name":"","path":"","id":"d41d8cd98f00b204e9800998ecf8427e","groups":[]}}