{"state":{"isStdErrTTY":false,"testRunDurationMs":390451.619225,"isStdOutTTY":false},"metrics":{"vus_max":{"type":"gauge","contains":"default","values":{"value":100,"min":100,"max":100}},"data_sent":{"type":"counter","contains":"data","values":{"count":3234048,"rate":8282.83925782969}},"material_detail_duration":{"type":"trend","contains":"time","values":{"p(95)":331.370389,"p(99)":443.6426476400005,"avg":125.56063069474025,"min":17.862108,"med":94.62349,"max":736.718175,"p(90)":261.04214260000003}},"http_req_duration":{"type":"trend","contains":"time","values":{"max":1515.132624,"p(90)":300.9184622,"p(95)":367.238797,"p(99)":513.5995847600001,"avg":143.59760670395644,"min":16.274388,"med":109.605136},"thresholds":{"p(95)<2000":{"ok":true}}},"http_req_connecting":{"type":"trend","contains":"time","values":{"p(99)":0,"avg":0.0015018308666370924,"min":0,"med":0,"max":7.771049,"p(90)":0,"p(95)":0}},"http_req_blocked":{"contains":"time","values":{"avg":0.018736428680888893,"min":0.003399,"med":0.010632,"max":36.199022,"p(90)":0.01733,"p(95)":0.023538,"p(99)":0.059568520000000034},"type":"trend"},"errors":{"type":"rate","contains":"default","values":{"rate":0,"passes":0,"fails":0},"thresholds":{"rate<0.10":{"ok":true}}},"http_req_failed":{"thresholds":{"rate<0.10":{"ok":true}},"type":"rate","contains":"default","values":{"rate":0,"passes":0,"fails":24797}},"vus":{"type":"gauge","contains":"default","values":{"min":2,"max":100,"value":3}},"quiz_detail_duration":{"type":"trend","contains":"time","values":{"min":23.120014,"med":123.508028,"max":1515.132624,"p(90)":341.45162719999996,"p(95)":407.90470995,"p(99)":551.7969172999998,"avg":162.13814126863477}},"data_received":{"type":"counter","contains":"data","values":{"count":163253039,"rate":418113.36145573645}},"materials_list_duration":{"type":"trend","contains":"time","values":{"p(90)":274.3852934000001,"p(95)":336.17526145,"p(99)":473.09800104000004,"avg":131.9201455787145,"min":19.490142,"med":102.0725025,"max":875.487999}},"start_attempt_duration":{"type":"trend","contains":"time","values":{"avg":164.52779096641763,"min":27.767216,"med":132.26175999999998,"max":740.097531,"p(90)":334.56140800000003,"p(95)":394.2370477999996,"p(99)":504.00039989999897}},"iteration_duration":{"values":{"med":1396.266211,"max":2999.945816,"p(90)":1992.9947424000002,"p(95)":2082.0016868,"p(99)":2258.6754593600003,"avg":1394.6642115035686,"min":527.495696},"type":"trend","contains":"time"},"http_req_sending":{"type":"trend","contains":"time","values":{"avg":0.05038877295640629,"min":0.007677,"med":0.03486,"max":44.914002,"p(90)":0.05646640000000001,"p(95)":0.06983639999999994,"p(99)":0.22097380000000041}},"http_reqs":{"type":"counter","contains":"default","values":{"rate":63.50850855534699,"count":24797}},"http_req_duration{expected_response:true}":{"contains":"time","values":{"p(99)":513.5995847600001,"avg":143.59760670395644,"min":16.274388,"med":109.605136,"max":1515.132624,"p(90)":300.9184622,"p(95)":367.238797},"type":"trend"},"checks":{"contains":"default","values":{"rate":1,"passes":44743,"fails":0},"type":"rate"},"iterations":{"type":"counter","contains":"default","values":{"count":24797,"rate":63.50850855534699}},"submit_assignment_duration":{"type":"trend","contains":"time","values":{"max":827.423217,"p(90)":367.6718684000003,"p(95)":435.06592639999997,"p(99)":594.2239415999983,"avg":192.52878677080741,"min":28.391161,"med":158.210871}},"http_req_waiting":{"values":{"avg":143.30784026317716,"min":16.053924,"med":109.285818,"max":1514.891386,"p(90)":300.74152800000013,"p(95)":367.08141739999985,"p(99)":513.39490632},"type":"trend","contains":"time"},"gradebook_duration":{"values":{"avg":112.13858248852678,"min":16.274388,"med":85.275182,"max":671.364604,"p(90)":230.9975898,"p(95)":292.3432718,"p(99)":407.63994565999997},"type":"trend","contains":"time"},"http_req_tls_handshaking":{"type":"trend","contains":"time","values":{"med":0,"max":0,"p(90)":0,"p(95)":0,"p(99)":0,"avg":0,"min":0}},"http_req_receiving":{"type":"trend","contains":"time","values":{"min":0.02753,"med":0.147208,"max":44.699356,"p(90)":0.34163040000000017,"p(95)":0.4784403999999993,"p(99)":1.268852960000001,"avg":0.23937766782272005}}},"root_group":{"name":"","path":"","id":"d41d8cd98f00b204e9800998ecf8427e","groups":[],"checks":[{"fails":0,"name":"[materials-list] status 200","path":"::[materials-list] status 200","id":"463a16ce0b1d8abee844a574ea056361","passes":4980},{"fails":0,"name":"[materials-list] success","path":"::[materials-list] success","id":"664e43a5933df86e3bab167b84d274ca","passes":4980},{"name":"[start-attempt] status 201 or 400","path":"::[start-attempt] status 201 or 400","id":"33680026b6a14104cfefb4ee3b4b083d","passes":2412,"fails":0},{"name":"[quiz-detail] status 200","path":"::[quiz-detail] status 200","id":"917c623bb77fd0f4c30b55655ab512f2","passes":6198,"fails":0},{"name":"[quiz-detail] success","path":"::[quiz-detail] success","id":"6719d54de0da0cfb59497b1755be95e9","passes":6198,"fails":0},{"name":"[material-detail] status 200","path":"::[material-detail] status 200","id":"a12462dd78c876a1d31a53eadf87e378","passes":3669,"fails":0},{"passes":3669,"fails":0,"name":"[material-detail] success","path":"::[material-detail] success","id":"3632f96ad89cbc27cd995a000cbd8596"},{"name":"[gradebook] status 200","path":"::[gradebook] status 200","id":"9186de991ebaa0ed414ff11baa5503d0","passes":5099,"fails":0},{"path":"::[gradebook] success","id":"a15a69867e50cddaa06c049f7cde480d","passes":5099,"fails":0,"name":"[gradebook] success"},{"name":"[submit-assignment] status 201 or 400","path":"::[submit-assignment] status 201 or 400","id":"c6b8e5b4b95e1cad4532c36b70154d08","passes":2439,"fails":0}]},"options":{"summaryTrendStats":["avg","min","med","max","p(90)","p(95)","p(99)"],"summaryTimeUnit":"","noColor":false}}