{"options":{"summaryTrendStats":["avg","min","med","max","p(90)","p(95)","p(99)"],"summaryTimeUnit":"","noColor":false},"state":{"isStdOutTTY":false,"isStdErrTTY":false,"testRunDurationMs":393574.861045},"metrics":{"http_req_waiting":{"type":"trend","contains":"time","values":{"med":17820.912807,"max":21069.756865,"p(90)":18619.026834999997,"p(95)":18877.869766249998,"p(99)":19383.10320865,"avg":16364.715563408481,"min":0}},"http_reqs":{"type":"counter","contains":"default","values":{"rate":76.18880921505682,"count":29986}},"http_req_tls_handshaking":{"type":"trend","contains":"time","values":{"med":0,"max":0,"p(90)":0,"p(95)":0,"p(99)":0,"avg":0,"min":0}},"http_req_duration{expected_response:true}":{"contains":"time","values":{"min":29.693339,"med":17821.672978000002,"max":21070.058451,"p(90)":18619.6891628,"p(95)":18878.173576999998,"p(99)":19383.27522683,"avg":16374.836840745169},"type":"trend"},"http_req_blocked":{"type":"trend","contains":"time","values":{"avg":0.2650603695724677,"min":0.003792,"med":0.2599175,"max":47.843086,"p(90)":0.3956585,"p(95)":0.493265,"p(99)":1.2672713000000282}},"checks":{"values":{"rate":0.9995364275250793,"passes":53904,"fails":25},"type":"rate","contains":"default"},"http_req_failed":{"type":"rate","contains":"default","values":{"rate":0.000600280130727673,"passes":18,"fails":29968},"thresholds":{"rate<0.10":{"ok":true}}},"materials_list_duration":{"type":"trend","contains":"time","values":{"avg":16354.900313510647,"min":0.300435,"med":17782.3330605,"max":20431.433675,"p(90)":18510.084451100003,"p(95)":18783.658555650003,"p(99)":19257.11796586}},"gradebook_duration":{"values":{"p(99)":19180.2005805,"avg":16270.326091491517,"min":0,"med":17707.6314965,"max":21070.058451,"p(90)":18450.6811615,"p(95)":18715.94613525},"type":"trend","contains":"time"},"http_req_duration":{"thresholds":{"p(95)<2000":{"ok":false}},"type":"trend","contains":"time","values":{"med":17821.1668135,"max":21070.058451,"p(90)":18619.5741775,"p(95)":18878.15891975,"p(99)":19383.26486765,"avg":16365.009165158883,"min":0}},"iteration_duration":{"type":"trend","contains":"time","values":{"p(95)":20328.646694,"p(99)":20890.045147599998,"avg":17617.74993299151,"min":574.799764,"med":19026.1672015,"max":22899.643015,"p(90)":20046.6777515}},"vus":{"type":"gauge","contains":"default","values":{"min":1,"max":1500,"value":33}},"http_req_connecting":{"contains":"time","values":{"avg":0.1931707240712327,"min":0,"med":0.1852515,"max":26.295235,"p(90)":0.281022,"p(95)":0.35220474999999996,"p(99)":1.050874100000003},"type":"trend"},"http_req_receiving":{"type":"trend","contains":"time","values":{"p(90)":0.31876400000000005,"p(95)":0.45632525,"p(99)":1.2287569000000005,"avg":0.2200165047688936,"min":0,"med":0.145593,"max":28.133003}},"quiz_detail_duration":{"type":"trend","contains":"time","values":{"p(90)":18703.2318644,"p(95)":18979.770992849997,"p(99)":19484.75555883,"avg":16440.812179603494,"min":1.045985,"med":17932.372466499997,"max":20115.189158}},"material_detail_duration":{"type":"trend","contains":"time","values":{"min":30.103806,"med":17735.719122,"max":20420.474303,"p(90)":18502.2813772,"p(95)":18774.985903200002,"p(99)":19318.04814844,"avg":16245.344379438899}},"vus_max":{"contains":"default","values":{"value":1500,"min":1500,"max":1500},"type":"gauge"},"start_attempt_duration":{"values":{"p(95)":18910.02967795,"p(99)":19387.1870453,"avg":16286.474284588649,"min":0.709792,"med":17870.8085255,"max":20412.445623,"p(90)":18663.2616396},"type":"trend","contains":"time"},"data_sent":{"type":"counter","contains":"data","values":{"count":3924132,"rate":9970.484368795416}},"errors":{"type":"rate","contains":"default","values":{"fails":0,"rate":1,"passes":18},"thresholds":{"rate<0.10":{"ok":false}}},"submit_assignment_duration":{"type":"trend","contains":"time","values":{"min":0.356702,"med":18021.903502,"max":20109.148046,"p(90)":18852.418149600002,"p(95)":19105.563022399998,"p(99)":19616.73329244,"avg":16639.647339176874}},"data_received":{"values":{"rate":507105.7802575969,"count":199584087},"type":"counter","contains":"data"},"http_req_sending":{"contains":"time","values":{"max":24.732086,"p(90)":0.100744,"p(95)":0.12089899999999999,"p(99)":0.2624482500000006,"avg":0.07358524578136512,"min":0,"med":0.059434},"type":"trend"},"iterations":{"type":"counter","contains":"default","values":{"count":29986,"rate":76.18880921505682}}},"root_group":{"checks":[{"name":"[quiz-detail] status 200","path":"::[quiz-detail] status 200","id":"917c623bb77fd0f4c30b55655ab512f2","passes":7538,"fails":2},{"name":"[quiz-detail] success","path":"::[quiz-detail] success","id":"6719d54de0da0cfb59497b1755be95e9","passes":7538,"fails":2},{"path":"::[start-attempt] status 201 or 400","id":"33680026b6a14104cfefb4ee3b4b083d","passes":2984,"fails":6,"name":"[start-attempt] status 201 or 400"},{"fails":5,"name":"[submit-assignment] status 201 or 400","path":"::[submit-assignment] status 201 or 400","id":"c6b8e5b4b95e1cad4532c36b70154d08","passes":3048},{"id":"463a16ce0b1d8abee844a574ea056361","passes":5816,"fails":4,"name":"[materials-list] status 200","path":"::[materials-list] status 200"},{"id":"664e43a5933df86e3bab167b84d274ca","passes":5816,"fails":4,"name":"[materials-list] success","path":"::[materials-list] success"},{"name":"[gradebook] status 200","path":"::[gradebook] status 200","id":"9186de991ebaa0ed414ff11baa5503d0","passes":6005,"fails":1},{"passes":6005,"fails":1,"name":"[gradebook] success","path":"::[gradebook] success","id":"a15a69867e50cddaa06c049f7cde480d"},{"path":"::[material-detail] status 200","id":"a12462dd78c876a1d31a53eadf87e378","passes":4577,"fails":0,"name":"[material-detail] status 200"},{"id":"3632f96ad89cbc27cd995a000cbd8596","passes":4577,"fails":0,"name":"[material-detail] success","path":"::[material-detail] success"}],"name":"","path":"","id":"d41d8cd98f00b204e9800998ecf8427e","groups":[]}}