{"state":{"testRunDurationMs":391086.892795,"isStdOutTTY":false,"isStdErrTTY":false},"metrics":{"checks":{"type":"rate","contains":"default","values":{"rate":0.9993071970005706,"passes":49042,"fails":34}},"quiz_detail_duration":{"type":"trend","contains":"time","values":{"p(99)":3506.91731362,"avg":1982.6144067644661,"min":23.947945,"med":1938.932743,"max":25129.267324,"p(90)":2382.8424328,"p(95)":2609.1594958999995}},"http_req_duration":{"type":"trend","contains":"time","values":{"p(90)":2310.9342484000003,"p(95)":2527.8348446,"p(99)":3568.2059877599954,"avg":1925.7878141555882,"min":17.863975,"med":1822.350855,"max":30009.484295},"thresholds":{"p(95)<2000":{"ok":false}}},"http_req_sending":{"type":"trend","contains":"time","values":{"p(95)":0.06564799999999996,"p(99)":0.1674607599999999,"avg":0.04506504355816941,"min":0.00809,"med":0.033584,"max":20.762658,"p(90)":0.053905800000000004}},"vus_max":{"type":"gauge","contains":"default","values":{"min":250,"max":250,"value":250}},"http_req_blocked":{"type":"trend","contains":"time","values":{"avg":0.02022541804815272,"min":0.003289,"med":0.010667,"max":20.110704,"p(90)":0.015760200000000005,"p(95)":0.023146599999999986,"p(99)":0.32064103999999927}},"material_detail_duration":{"type":"trend","contains":"time","values":{"p(99)":3487.3235040099926,"avg":1836.5625014221803,"min":19.633872,"med":1748.804834,"max":24839.955102,"p(90)":2221.0680715,"p(95)":2467.9796125}},"http_req_tls_handshaking":{"type":"trend","contains":"time","values":{"med":0,"max":0,"p(90)":0,"p(95)":0,"p(99)":0,"avg":0,"min":0}},"errors":{"contains":"default","values":{"rate":1,"passes":34,"fails":0},"thresholds":{"rate<0.10":{"ok":false}},"type":"rate"},"http_reqs":{"contains":"default","values":{"count":27205,"rate":69.56254607658335},"type":"counter"},"materials_list_duration":{"contains":"time","values":{"avg":1804.0332811090204,"min":20.651832,"med":1775.687725,"max":24630.456158,"p(90)":2197.3195409,"p(95)":2370.4866860999996,"p(99)":3244.012482079998},"type":"trend"},"data_received":{"type":"counter","contains":"data","values":{"count":176558746,"rate":451456.5669490453}},"iterations":{"type":"counter","contains":"default","values":{"count":27205,"rate":69.56254607658335}},"data_sent":{"type":"counter","contains":"data","values":{"count":3549182,"rate":9075.17501963537}},"submit_assignment_duration":{"type":"trend","contains":"time","values":{"avg":2304.5255508836053,"min":37.29639,"med":2037.766334,"max":30009.484295,"p(90)":2528.0804788000005,"p(95)":2768.9646713999996,"p(99)":24318.088337879984}},"http_req_duration{expected_response:true}":{"type":"trend","contains":"time","values":{"med":1821.979251,"max":29925.721735,"p(90)":2308.039946,"p(95)":2520.8842475,"p(99)":3380.7079984999964,"avg":1890.6556784820514,"min":17.863975}},"gradebook_duration":{"type":"trend","contains":"time","values":{"p(95)":2313.86651025,"p(99)":3053.2762363499933,"avg":1737.777537289746,"min":17.863975,"med":1698.4394005,"max":24520.562466,"p(90)":2112.30069}},"vus":{"values":{"value":1,"min":1,"max":250},"type":"gauge","contains":"default"},"http_req_receiving":{"type":"trend","contains":"time","values":{"p(95)":0.4624987999999997,"p(99)":1.184668079999989,"avg":0.22514266921522016,"min":0,"med":0.144705,"max":75.062613,"p(90)":0.33128820000000003}},"http_req_failed":{"type":"rate","contains":"default","values":{"rate":0.0012497702628193347,"passes":34,"fails":27171},"thresholds":{"rate<0.10":{"ok":true}}},"http_req_connecting":{"contains":"time","values":{"p(90)":0,"p(95)":0,"p(99)":0.18807811999999807,"avg":0.005277592133798932,"min":0,"med":0,"max":15.897651},"type":"trend"},"http_req_waiting":{"type":"trend","contains":"time","values":{"p(90)":2310.7594904000002,"p(95)":2527.6065474,"p(99)":3567.814179799995,"avg":1925.517606442823,"min":17.615021,"med":1822.186023,"max":30009.433301}},"iteration_duration":{"contains":"time","values":{"max":32000.58314,"p(90)":3851.9804209999998,"p(95)":4080.6962206,"p(99)":5029.442956879995,"avg":3179.837127173642,"min":543.963707,"med":3074.816626},"type":"trend"},"start_attempt_duration":{"type":"trend","contains":"time","values":{"avg":2177.038545297925,"min":29.343429,"med":1896.01615,"max":30009.363979,"p(90)":2370.371505,"p(95)":2617.6701239999993,"p(99)":24155.118634399998}}},"root_group":{"path":"","id":"d41d8cd98f00b204e9800998ecf8427e","groups":[],"checks":[{"name":"[gradebook] status 200","path":"::[gradebook] status 200","id":"9186de991ebaa0ed414ff11baa5503d0","passes":5436,"fails":0},{"name":"[gradebook] success","path":"::[gradebook] success","id":"a15a69867e50cddaa06c049f7cde480d","passes":5436,"fails":0},{"name":"[materials-list] status 200","path":"::[materials-list] status 200","id":"463a16ce0b1d8abee844a574ea056361","passes":5568,"fails":0},{"passes":5568,"fails":0,"name":"[materials-list] success","path":"::[materials-list] success","id":"664e43a5933df86e3bab167b84d274ca"},{"fails":0,"name":"[material-detail] status 200","path":"::[material-detail] status 200","id":"a12462dd78c876a1d31a53eadf87e378","passes":4112},{"fails":0,"name":"[material-detail] success","path":"::[material-detail] success","id":"3632f96ad89cbc27cd995a000cbd8596","passes":4112},{"name":"[submit-assignment] status 201 or 400","path":"::[submit-assignment] status 201 or 400","id":"c6b8e5b4b95e1cad4532c36b70154d08","passes":2672,"fails":17},{"name":"[quiz-detail] status 200","path":"::[quiz-detail] status 200","id":"917c623bb77fd0f4c30b55655ab512f2","passes":6755,"fails":0},{"id":"6719d54de0da0cfb59497b1755be95e9","passes":6755,"fails":0,"name":"[quiz-detail] success","path":"::[quiz-detail] success"},{"name":"[start-attempt] status 201 or 400","path":"::[start-attempt] status 201 or 400","id":"33680026b6a14104cfefb4ee3b4b083d","passes":2628,"fails":17}],"name":""},"options":{"summaryTrendStats":["avg","min","med","max","p(90)","p(95)","p(99)"],"summaryTimeUnit":"","noColor":false}}