{"state":{"isStdOutTTY":false,"isStdErrTTY":false,"testRunDurationMs":391618.633481},"metrics":{"iteration_duration":{"type":"trend","contains":"time","values":{"avg":11917.421871920016,"min":547.239932,"med":12881.166047,"max":16380.00228,"p(90)":13787.1402282,"p(95)":14008.309409599999,"p(99)":14404.41611192}},"http_req_receiving":{"type":"trend","contains":"time","values":{"avg":0.2507776892117748,"min":0.027376,"med":0.151781,"max":56.748714,"p(90)":0.3457604,"p(95)":0.5009722999999999,"p(99)":1.3232996599999995}},"checks":{"type":"rate","contains":"default","values":{"rate":1,"passes":52836,"fails":0}},"material_detail_duration":{"type":"trend","contains":"time","values":{"max":13592.598088,"p(90)":12207.5722838,"p(95)":12332.4226923,"p(99)":12613.79219486,"avg":10589.862449820268,"min":21.927154,"med":11611.400056}},"errors":{"type":"rate","contains":"default","values":{"rate":0,"passes":0,"fails":0},"thresholds":{"rate<0.10":{"ok":true}}},"data_sent":{"type":"counter","contains":"data","values":{"count":3827171,"rate":9772.698929009672}},"vus_max":{"values":{"value":1000,"min":1000,"max":1000},"type":"gauge","contains":"default"},"data_received":{"type":"counter","contains":"data","values":{"count":190982520,"rate":487674.7520985}},"http_req_duration":{"type":"trend","contains":"time","values":{"max":14584.093607,"p(90)":12311.645734,"p(95)":12469.6811797,"p(99)":12798.136315239999,"avg":10664.29479238977,"min":20.429844,"med":11679.359583},"thresholds":{"p(95)<2000":{"ok":false}}},"start_attempt_duration":{"contains":"time","values":{"p(95)":12514.597304800001,"p(99)":12787.4225873,"avg":10752.007130432195,"min":31.867991,"med":11745.822688,"max":13967.230138,"p(90)":12362.4389162},"type":"trend"},"http_req_tls_handshaking":{"type":"trend","contains":"time","values":{"med":0,"max":0,"p(90)":0,"p(95)":0,"p(99)":0,"avg":0,"min":0}},"submit_assignment_duration":{"values":{"p(95)":12714.2465377,"p(99)":12996.495553420002,"avg":10875.150978483702,"min":48.056899,"med":11872.169012,"max":14584.093607,"p(90)":12541.5754768},"type":"trend","contains":"time"},"gradebook_duration":{"type":"trend","contains":"time","values":{"p(90)":12149.1755099,"p(95)":12272.0203567,"p(99)":12507.12755947,"avg":10543.422134585544,"min":20.429844,"med":11546.808612,"max":13677.921515}},"materials_list_duration":{"type":"trend","contains":"time","values":{"avg":10565.569758146645,"min":26.359071,"med":11622.567534,"max":14176.78162,"p(90)":12236.303872,"p(95)":12368.6071185,"p(99)":12677.385540700003}},"http_reqs":{"contains":"default","values":{"count":29319,"rate":74.86620271203836},"type":"counter"},"http_req_blocked":{"type":"trend","contains":"time","values":{"avg":0.035336027081414915,"min":0.003645,"med":0.011344,"max":33.29334,"p(90)":0.0213654,"p(95)":0.032946799999999964,"p(99)":0.3897417199999999}},"http_req_sending":{"type":"trend","contains":"time","values":{"med":0.035958,"max":43.121881,"p(90)":0.0604682,"p(95)":0.08359119999999993,"p(99)":0.1826234199999996,"avg":0.051796313789692815,"min":0.007895}},"http_req_failed":{"contains":"default","values":{"passes":0,"fails":29319,"rate":0},"thresholds":{"rate<0.10":{"ok":true}},"type":"rate"},"http_req_connecting":{"type":"trend","contains":"time","values":{"p(99)":0.2543876,"avg":0.014116334492990903,"min":0,"med":0,"max":20.72308,"p(90)":0,"p(95)":0}},"http_req_duration{expected_response:true}":{"type":"trend","contains":"time","values":{"p(99)":12798.136315239999,"avg":10664.29479238977,"min":20.429844,"med":11679.359583,"max":14584.093607,"p(90)":12311.645734,"p(95)":12469.6811797}},"http_req_waiting":{"type":"trend","contains":"time","values":{"med":11679.080703,"max":14583.957499,"p(90)":12311.2802662,"p(95)":12469.2585478,"p(99)":12798.023628019999,"avg":10663.992218386737,"min":20.176182}},"vus":{"type":"gauge","contains":"default","values":{"max":1000,"value":2,"min":2}},"quiz_detail_duration":{"type":"trend","contains":"time","values":{"min":26.352609,"med":11781.831821,"max":14521.14223,"p(90)":12408.349558200001,"p(95)":12562.1182152,"p(99)":12867.458677080002,"avg":10765.026524023544}},"iterations":{"type":"counter","contains":"default","values":{"count":29319,"rate":74.86620271203836}}},"root_group":{"path":"","id":"d41d8cd98f00b204e9800998ecf8427e","groups":[],"checks":[{"passes":5810,"fails":0,"name":"[gradebook] status 200","path":"::[gradebook] status 200","id":"9186de991ebaa0ed414ff11baa5503d0"},{"name":"[gradebook] success","path":"::[gradebook] success","id":"a15a69867e50cddaa06c049f7cde480d","passes":5810,"fails":0},{"path":"::[materials-list] status 200","id":"463a16ce0b1d8abee844a574ea056361","passes":5891,"fails":0,"name":"[materials-list] status 200"},{"passes":5891,"fails":0,"name":"[materials-list] success","path":"::[materials-list] success","id":"664e43a5933df86e3bab167b84d274ca"},{"name":"[material-detail] status 200","path":"::[material-detail] status 200","id":"a12462dd78c876a1d31a53eadf87e378","passes":4423,"fails":0},{"fails":0,"name":"[material-detail] success","path":"::[material-detail] success","id":"3632f96ad89cbc27cd995a000cbd8596","passes":4423},{"name":"[start-attempt] status 201 or 400","path":"::[start-attempt] status 201 or 400","id":"33680026b6a14104cfefb4ee3b4b083d","passes":2883,"fails":0},{"name":"[quiz-detail] status 200","path":"::[quiz-detail] status 200","id":"917c623bb77fd0f4c30b55655ab512f2","passes":7393,"fails":0},{"name":"[quiz-detail] success","path":"::[quiz-detail] success","id":"6719d54de0da0cfb59497b1755be95e9","passes":7393,"fails":0},{"path":"::[submit-assignment] status 201 or 400","id":"c6b8e5b4b95e1cad4532c36b70154d08","passes":2919,"fails":0,"name":"[submit-assignment] status 201 or 400"}],"name":""},"options":{"summaryTrendStats":["avg","min","med","max","p(90)","p(95)","p(99)"],"summaryTimeUnit":"","noColor":false}}