{"metrics":{"vus_max":{"type":"gauge","contains":"default","values":{"max":1000,"value":1000,"min":1000}},"http_req_connecting":{"type":"trend","contains":"time","values":{"avg":0.6280591434988874,"min":0,"med":0,"max":1060.679735,"p(90)":0,"p(95)":0,"p(99)":2.4343920399999788}},"data_received":{"type":"counter","contains":"data","values":{"count":2169260584,"rate":5534576.704299577}},"course_structure_duration":{"type":"trend","contains":"time","values":{"p(95)":15854.3379282,"p(99)":16842.77272392,"avg":13026.055707967089,"min":38.663094,"med":13982.347744,"max":17277.089161,"p(90)":15363.416525}},"quiz_attempt_result_duration":{"values":{"avg":13114.280810118813,"min":44.097084,"med":14027.439253,"max":17312.823112,"p(90)":15389.261482599999,"p(95)":15785.8224961,"p(99)":16865.367985219993},"type":"trend","contains":"time"},"iterations":{"type":"counter","contains":"default","values":{"count":23819,"rate":60.7709758302194}},"gradebook_duration":{"type":"trend","contains":"time","values":{"min":363.750121,"med":18147.42784,"max":24022.209454,"p(90)":20598.5639048,"p(95)":21382.3303412,"p(99)":22755.028750999994,"avg":17501.22243460176}},"checks":{"type":"rate","contains":"default","values":{"rate":0.9838247405699225,"passes":29864,"fails":491}},"material_list_duration":{"type":"trend","contains":"time","values":{"p(95)":15934.325523,"p(99)":16623.043072300003,"avg":13157.221999547977,"min":36.794161,"med":13946.553979,"max":16989.384675,"p(90)":15342.381930000001}},"submit_assignment_duration":{"type":"trend","contains":"time","values":{"min":42.934782,"med":13899.4166305,"max":17215.567028,"p(90)":15205.625284000003,"p(95)":15768.3053792,"p(99)":16813.78715814,"avg":13096.108951719514}},"assignment_detail_duration":{"type":"trend","contains":"time","values":{"min":32.686144,"med":13757.978617,"max":17034.813673,"p(90)":15077.2143125,"p(95)":15491.2022931,"p(99)":16495.424510020002,"avg":12905.475856293688}},"http_reqs":{"type":"counter","contains":"default","values":{"count":23819,"rate":60.7709758302194}},"material_detail_duration":{"contains":"time","values":{"max":16873.04037,"p(90)":15050.9912207,"p(95)":15499.3202056,"p(99)":16474.96346592,"avg":12747.15693518886,"min":25.315349,"med":13729.4499785},"type":"trend"},"course_completion_duration":{"type":"trend","contains":"time","values":{"p(99)":16421.64164242,"avg":12980.103776164146,"min":37.182505,"med":13748.850192,"max":16798.281401,"p(90)":15088.003182400002,"p(95)":15580.925429499997}},"errors":{"type":"rate","contains":"default","values":{"rate":1,"passes":491,"fails":0}},"vus":{"type":"gauge","contains":"default","values":{"value":3,"min":3,"max":1000}},"http_req_duration":{"type":"trend","contains":"time","values":{"p(99)":20821.1235764,"avg":13479.842147416895,"min":13.312653,"med":14010.634299,"max":24022.209454,"p(90)":16686.2266688,"p(95)":18553.9323408}},"http_req_tls_handshaking":{"type":"trend","contains":"time","values":{"p(95)":0,"p(99)":0,"avg":0,"min":0,"med":0,"max":0,"p(90)":0}},"iteration_duration":{"type":"trend","contains":"time","values":{"avg":14731.563516708395,"min":547.462501,"med":15287.395331,"max":25684.906554,"p(90)":17976.350874199998,"p(95)":19785.5916137,"p(99)":22106.904330759997}},"http_req_failed":{"type":"rate","contains":"default","values":{"fails":21608,"rate":0.09282505562786011,"passes":2211},"thresholds":{"rate<0.05":{"ok":false}}},"http_req_receiving":{"type":"trend","contains":"time","values":{"avg":6.114276629623375,"min":0.013009,"med":0.320571,"max":2871.622268,"p(90)":16.5002394,"p(95)":34.071350699999996,"p(99)":95.0284100399999}},"start_attempt_duration":{"type":"trend","contains":"time","values":{"avg":12861.22832486521,"min":35.503122,"med":13797.522174,"max":16965.889068,"p(90)":15120.875149,"p(95)":15568.1441892,"p(99)":16570.186515200003}},"quiz_detail_duration":{"type":"trend","contains":"time","values":{"med":13953.115335,"max":17539.515709,"p(90)":15262.752464,"p(95)":15786.367511,"p(99)":16765.147063400003,"avg":12976.669206464027,"min":41.586125}},"http_req_blocked":{"type":"trend","contains":"time","values":{"p(90)":0.009725,"p(95)":0.02794499999999997,"p(99)":2.503331339999987,"avg":0.6389704252907324,"min":0.002135,"med":0.007002,"max":1060.786227}},"http_req_sending":{"type":"trend","contains":"time","values":{"avg":0.03273726059028509,"min":0.005137,"med":0.026862,"max":19.990609,"p(90)":0.041113,"p(95)":0.06385009999999995,"p(99)":0.13459437999999999}},"user_grades_duration":{"type":"trend","contains":"time","values":{"min":36.656359,"med":14000.965096,"max":17660.422209,"p(90)":15399.005652000003,"p(95)":15845.180993099999,"p(99)":16927.90802539,"avg":13049.012150370829}},"data_sent":{"type":"counter","contains":"data","values":{"count":3837706,"rate":9791.390846361643}},"http_req_waiting":{"type":"trend","contains":"time","values":{"p(99)":20776.111418959998,"avg":13473.695133526573,"min":13.037912,"med":14009.214222,"max":24005.904909,"p(90)":16669.446907600002,"p(95)":18500.8593113}},"http_req_duration{expected_response:true}":{"type":"trend","contains":"time","values":{"min":25.315349,"med":14055.526316,"max":24022.209454,"p(90)":16874.720574900002,"p(95)":18725.812361649998,"p(99)":20940.017238480003,"avg":13543.030830258025}}},"root_group":{"checks":[{"path":"::[cf-non-enrolled] status 403","id":"74e7493c763b9162227e2b80a7db0818","passes":1034,"fails":0,"name":"[cf-non-enrolled] status 403"},{"id":"ecafa50a3856224eba5597445d73435f","passes":2195,"fails":119,"name":"[submit-assignment] status 201","path":"::[submit-assignment] status 201"},{"name":"[assignment-detail] status 200","path":"::[assignment-detail] status 200","id":"e710e6c64d866e8aa495eeee12857a96","passes":1934,"fails":0},{"fails":0,"name":"[quiz-attempt-result] status 200","path":"::[quiz-attempt-result] status 200","id":"70625d2eb6b822427844d89e9447d306","passes":707},{"name":"[start-attempt] status 201","path":"::[start-attempt] status 201","id":"f990128b664d9d14e0bb6193e32639b6","passes":2023,"fails":366},{"name":"[course-structure] status 200","path":"::[course-structure] status 200","id":"45076dc5505a2dec22a1285b97bafbe7","passes":6073,"fails":0},{"name":"[course-structure] has sections","path":"::[course-structure] has sections","id":"577857fc8e49dd358e9f4a98d4384892","passes":6073,"fails":0},{"name":"[user-grades] status 200","path":"::[user-grades] status 200","id":"9f3f9ad7deda827f2720eebbc1dd73e8","passes":1200,"fails":0},{"passes":2330,"fails":0,"name":"[material] status 200","path":"::[material] status 200","id":"63f4ad05017bb4331bea0b8e36102285"},{"id":"6021218ae7a89652ba95b72dd11a3df7","passes":463,"fails":0,"name":"[course-completion] status 200","path":"::[course-completion] status 200"},{"path":"::[course-completion] has progress","id":"31c5713011250a32de1229068e09d491","passes":463,"fails":0,"name":"[course-completion] has progress"},{"id":"9186de991ebaa0ed414ff11baa5503d0","passes":2777,"fails":0,"name":"[gradebook] status 200","path":"::[gradebook] status 200"},{"name":"[quiz-detail] status 200","path":"::[quiz-detail] status 200","id":"917c623bb77fd0f4c30b55655ab512f2","passes":1181,"fails":0},{"passes":692,"fails":6,"name":"[cf-prereq-locked] status 404","path":"::[cf-prereq-locked] status 404","id":"02fa3bab31e2635b75b34d82dfe5a24b"},{"name":"[material-list] status 200","path":"::[material-list] status 200","id":"0c8f8d2cbff40a8ee4a03aac96a829f5","passes":719,"fails":0}],"name":"","path":"","id":"d41d8cd98f00b204e9800998ecf8427e","groups":[]},"options":{"summaryTrendStats":["avg","min","med","max","p(90)","p(95)","p(99)"],"summaryTimeUnit":"","noColor":false},"state":{"testRunDurationMs":391946.972623,"isStdOutTTY":false,"isStdErrTTY":false}}