{"options":{"summaryTrendStats":["avg","min","med","max","p(90)","p(95)","p(99)"],"summaryTimeUnit":"","noColor":false},"state":{"testRunDurationMs":391414.549633,"isStdOutTTY":false,"isStdErrTTY":false},"metrics":{"http_req_receiving":{"type":"trend","contains":"time","values":{"max":64.266326,"p(90)":0.3347241999999999,"p(95)":0.4677672999999991,"p(99)":1.1854593799999875,"avg":0.23459830716450764,"min":0.03008,"med":0.145041}},"quiz_detail_duration":{"type":"trend","contains":"time","values":{"p(99)":5946.9855509200015,"avg":4619.192168525616,"min":26.610228,"med":5042.780949,"max":6820.402615,"p(90)":5526.6588944000005,"p(95)":5684.8678202}},"vus_max":{"type":"gauge","contains":"default","values":{"value":500,"min":500,"max":500}},"data_received":{"type":"counter","contains":"data","values":{"count":193719598,"rate":494921.8116230894}},"http_req_waiting":{"type":"trend","contains":"time","values":{"avg":4519.827995745497,"min":18.200955,"med":4933.117749,"max":7896.828374,"p(90)":5430.2377572000005,"p(95)":5588.277554599998,"p(99)":5886.50782758}},"materials_list_duration":{"type":"trend","contains":"time","values":{"p(95)":5488.6121881,"p(99)":5752.84796388,"avg":4470.459980904864,"min":18.405668,"med":4902.326548,"max":7896.992152,"p(90)":5337.1557092}},"iteration_duration":{"contains":"time","values":{"p(99)":7509.303099659999,"avg":5777.499958503185,"min":541.083598,"med":6117.799237,"max":9349.265866,"p(90)":6961.637758999999,"p(95)":7150.398072},"type":"trend"},"http_req_failed":{"values":{"fails":30023,"rate":0,"passes":0},"thresholds":{"rate<0.10":{"ok":true}},"type":"rate","contains":"default"},"http_reqs":{"type":"counter","contains":"default","values":{"count":30023,"rate":76.70384258365029}},"checks":{"type":"rate","contains":"default","values":{"passes":54007,"fails":0,"rate":1}},"vus":{"type":"gauge","contains":"default","values":{"max":500,"value":3,"min":3}},"http_req_sending":{"type":"trend","contains":"time","values":{"avg":0.050390770675815474,"min":0.00734,"med":0.034067,"max":33.373517,"p(90)":0.0550386,"p(95)":0.06827909999999997,"p(99)":0.15741041999999955}},"material_detail_duration":{"type":"trend","contains":"time","values":{"max":6678.781067,"p(90)":5318.672149,"p(95)":5468.4131195,"p(99)":5750.159025000001,"avg":4462.850272413514,"min":22.115515,"med":4866.916045}},"http_req_tls_handshaking":{"values":{"avg":0,"min":0,"med":0,"max":0,"p(90)":0,"p(95)":0,"p(99)":0},"type":"trend","contains":"time"},"errors":{"type":"rate","contains":"default","values":{"rate":0,"passes":0,"fails":0},"thresholds":{"rate<0.10":{"ok":true}}},"submit_assignment_duration":{"type":"trend","contains":"time","values":{"max":7385.502346,"p(90)":5637.4956235,"p(95)":5794.79844975,"p(99)":6165.2412065,"avg":4732.7792243615,"min":35.869882,"med":5125.827635}},"gradebook_duration":{"contains":"time","values":{"avg":4386.950482364103,"min":20.245612,"med":4811.838373,"max":7122.662113,"p(90)":5243.188808,"p(95)":5379.571631,"p(99)":5637.63215},"type":"trend"},"data_sent":{"values":{"count":3929325,"rate":10038.78114312366},"type":"counter","contains":"data"},"http_req_duration{expected_response:true}":{"values":{"avg":4520.112984823356,"min":18.405668,"med":4933.432526,"max":7896.992152,"p(90)":5430.4763174,"p(95)":5588.4124275999975,"p(99)":5887.204988879999},"type":"trend","contains":"time"},"http_req_blocked":{"type":"trend","contains":"time","values":{"med":0.010992,"max":31.835648,"p(90)":0.017936,"p(95)":0.026128,"p(99)":0.3281160999999999,"avg":0.024038682110382244,"min":0.003048}},"http_req_duration":{"type":"trend","contains":"time","values":{"min":18.405668,"med":4933.432526,"max":7896.992152,"p(90)":5430.4763174,"p(95)":5588.4124275999975,"p(99)":5887.204988879999,"avg":4520.112984823356},"thresholds":{"p(95)<2000":{"ok":false}}},"start_attempt_duration":{"type":"trend","contains":"time","values":{"max":6641.043466,"p(90)":5449.6688306,"p(95)":5593.3276027,"p(99)":5870.1412470800005,"avg":4508.6079950843705,"min":33.625567,"med":4973.322182}},"iterations":{"type":"counter","contains":"default","values":{"count":30023,"rate":76.70384258365029}},"http_req_connecting":{"type":"trend","contains":"time","values":{"avg":0.006573622622655962,"min":0,"med":0,"max":21.328418,"p(90)":0,"p(95)":0,"p(99)":0.21578441999999973}}},"root_group":{"checks":[{"name":"[start-attempt] status 201 or 400","path":"::[start-attempt] status 201 or 400","id":"33680026b6a14104cfefb4ee3b4b083d","passes":2963,"fails":0},{"name":"[quiz-detail] status 200","path":"::[quiz-detail] status 200","id":"917c623bb77fd0f4c30b55655ab512f2","passes":7437,"fails":0},{"path":"::[quiz-detail] success","id":"6719d54de0da0cfb59497b1755be95e9","passes":7437,"fails":0,"name":"[quiz-detail] success"},{"name":"[materials-list] status 200","path":"::[materials-list] status 200","id":"463a16ce0b1d8abee844a574ea056361","passes":6055,"fails":0},{"name":"[materials-list] success","path":"::[materials-list] success","id":"664e43a5933df86e3bab167b84d274ca","passes":6055,"fails":0},{"name":"[submit-assignment] status 201 or 400","path":"::[submit-assignment] status 201 or 400","id":"c6b8e5b4b95e1cad4532c36b70154d08","passes":3076,"fails":0},{"name":"[gradebook] status 200","path":"::[gradebook] status 200","id":"9186de991ebaa0ed414ff11baa5503d0","passes":6001,"fails":0},{"name":"[gradebook] success","path":"::[gradebook] success","id":"a15a69867e50cddaa06c049f7cde480d","passes":6001,"fails":0},{"path":"::[material-detail] status 200","id":"a12462dd78c876a1d31a53eadf87e378","passes":4491,"fails":0,"name":"[material-detail] status 200"},{"name":"[material-detail] success","path":"::[material-detail] success","id":"3632f96ad89cbc27cd995a000cbd8596","passes":4491,"fails":0}],"name":"","path":"","id":"d41d8cd98f00b204e9800998ecf8427e","groups":[]}}