{"metrics":{"http_req_duration{expected_response:true}":{"values":{"p(90)":29201.674743300002,"p(95)":29541.700962799998,"p(99)":29896.75344264,"avg":24535.729749903217,"min":20.511268,"med":27717.570007000002,"max":30010.982636},"type":"trend","contains":"time"},"submit_quiz_duration":{"type":"trend","contains":"time","values":{"p(99)":30001.1152363,"avg":24258.263568793413,"min":0.09004,"med":28089.183099,"max":30033.16662,"p(90)":30000.1349018,"p(95)":30000.703859}},"cascade_read_duration":{"type":"trend","contains":"time","values":{"p(95)":30000.49868595,"p(99)":30001.06247903,"avg":25064.860054682988,"min":43.974752,"med":27855.433621,"max":30001.911133,"p(90)":29763.074731700002}},"http_reqs":{"values":{"count":27820,"rate":68.2976898743164},"type":"counter","contains":"default"},"course_structure_duration":{"type":"trend","contains":"time","values":{"max":30004.503593,"p(90)":29613.8865678,"p(95)":29995.8069922,"p(99)":29999.87727384,"avg":25086.01233286702,"min":0.726067,"med":27916.462719}},"http_req_failed":{"type":"rate","contains":"default","values":{"rate":0.24414090582314882,"passes":6792,"fails":21028},"thresholds":{"rate<0.15":{"ok":false}}},"http_req_tls_handshaking":{"type":"trend","contains":"time","values":{"p(99)":0,"avg":0,"min":0,"med":0,"max":0,"p(90)":0,"p(95)":0}},"http_req_connecting":{"type":"trend","contains":"time","values":{"med":1.032667,"max":1077.278698,"p(90)":11.482944100000003,"p(95)":25.302448249999998,"p(99)":94.68784499000024,"avg":7.752073395219221,"min":0}},"data_received":{"type":"counter","contains":"data","values":{"count":505295156,"rate":1240492.1588598967}},"user_grades_duration":{"contains":"time","values":{"p(95)":29998.679776499997,"p(99)":29999.82403164,"avg":24909.558078404236,"min":0,"med":27852.8171085,"max":30030.27001,"p(90)":29726.5877396},"type":"trend"},"http_req_waiting":{"type":"trend","contains":"time","values":{"min":0,"med":27866.3239,"max":30267.966599,"p(90)":29989.9285325,"p(95)":29999.5120289,"p(99)":30000.6224882,"avg":25025.634659330135}},"gradebook_duration":{"type":"trend","contains":"time","values":{"p(90)":30000.0166288,"p(95)":30000.216505099997,"p(99)":30009.83570858,"avg":27233.14399202594,"min":0.693703,"med":29999.042907,"max":30268.045932}},"vus_max":{"type":"gauge","contains":"default","values":{"value":2000,"min":2000,"max":2000}},"http_req_failed{ef:1}":{"type":"rate","contains":"default","values":{"rate":1,"passes":2275,"fails":0},"thresholds":{"rate<1.01":{"ok":true}}},"grade_submission_duration":{"values":{"p(95)":29987.395152,"p(99)":29999.97706744,"avg":24975.93828058152,"min":0,"med":27860.217176,"max":30009.911973,"p(90)":29564.955687399997},"type":"trend","contains":"time"},"vus":{"type":"gauge","contains":"default","values":{"value":59,"min":12,"max":2000}},"checks":{"contains":"default","values":{"rate":0.8347232207045291,"passes":23222,"fails":4598},"type":"rate"},"http_req_sending":{"type":"trend","contains":"time","values":{"max":1033.303021,"p(90)":0.09471890000000002,"p(95)":0.114128,"p(99)":0.2320473000000003,"avg":0.12166538623292619,"min":0,"med":0.0512795}},"http_req_receiving":{"type":"trend","contains":"time","values":{"min":0,"med":0.0928935,"max":230.522628,"p(90)":0.8519656000000003,"p(95)":1.4361995999999992,"p(99)":31.518119030000133,"avg":1.1819228101725388}},"marker_grade_duration":{"values":{"avg":24910.00921490352,"min":0.847227,"med":27847.029273,"max":30040.25236,"p(90)":29599.780585599998,"p(95)":29998.9855179,"p(99)":29999.929909540002},"type":"trend","contains":"time"},"errors":{"type":"rate","contains":"default","values":{"fails":0,"rate":1,"passes":4598}},"read_activity_duration":{"type":"trend","contains":"time","values":{"max":30034.918616,"p(90)":29427.798425599998,"p(95)":29887.6974088,"p(99)":29999.930773,"avg":25045.26410953649,"min":0.743579,"med":27717.570832}},"material_download_duration":{"type":"trend","contains":"time","values":{"med":27702.937787000003,"max":30010.244172,"p(90)":29316.4616296,"p(95)":29877.021152449997,"p(99)":29999.9647621,"avg":24640.363546385175,"min":0.826991}},"data_sent":{"type":"counter","contains":"data","values":{"rate":15149.497987695815,"count":6170912}},"http_req_duration":{"values":{"p(99)":30000.65586043,"avg":25026.938247526487,"min":0,"med":27866.669594,"max":30268.045932,"p(90)":29990.2999878,"p(95)":29999.5766924},"type":"trend","contains":"time"},"submit_assignment_duration":{"type":"trend","contains":"time","values":{"avg":24698.305336818725,"min":0.733225,"med":27703.650568,"max":30009.10946,"p(90)":29407.8586574,"p(95)":29915.0922398,"p(99)":29999.83167488}},"http_req_blocked":{"type":"trend","contains":"time","values":{"min":0.001302,"med":1.0978795,"max":1077.384932,"p(90)":11.58848940000003,"p(95)":25.43726294999999,"p(99)":95.36687746000086,"avg":7.847626892523433}},"iteration_duration":{"type":"trend","contains":"time","values":{"min":2.184971,"med":29060.227894,"max":89306.281859,"p(90)":55901.10843799999,"p(95)":59029.3047489,"p(99)":86961.94408458,"avg":30793.834992814816}},"iterations":{"type":"counter","contains":"default","values":{"count":23143,"rate":56.815723823195704}},"grade_update_duration":{"type":"trend","contains":"time","values":{"avg":24806.657996529633,"min":0.786616,"med":27615.930983500002,"max":30060.677052,"p(90)":29224.522375599998,"p(95)":29838.33295845,"p(99)":29999.64850042}}},"root_group":{"name":"","path":"","id":"d41d8cd98f00b204e9800998ecf8427e","groups":[],"checks":[{"passes":1122,"fails":62,"name":"[wh-material-dl] status 200","path":"::[wh-material-dl] status 200","id":"182e87b5d3b46cf8a10f81893f31e347"},{"id":"49f223985d533388331178bd3e8d6a64","passes":3935,"fails":714,"name":"[wh-submit] status 201","path":"::[wh-submit] status 201"},{"name":"[wh-grade-unauth] status 403","path":"::[wh-grade-unauth] status 403","id":"b9f37e7e4ff322953440a920c2825184","passes":1150,"fails":48},{"name":"[wh-activity] status 200","path":"::[wh-activity] status 200","id":"aed3f8824d0bcca89ac7d3b2bf25119a","passes":1107,"fails":58},{"name":"[wh-grade] status 200","path":"::[wh-grade] status 200","id":"747a63480c5228e4182e0b619fd4205c","passes":1061,"fails":74},{"name":"[wh-quiz] start 201","path":"::[wh-quiz] start 201","id":"bc382dfba4db61bcda740eb7d13cbecd","passes":2652,"fails":910},{"name":"[wh-user-grades] status 200","path":"::[wh-user-grades] status 200","id":"827cabf91007e26e21b96eb0eaac2825","passes":1039,"fails":89},{"name":"[wh-quiz] submit 200","path":"::[wh-quiz] submit 200","id":"4963f6adfea6303590e8a8e9c12d47a1","passes":2224,"fails":371},{"id":"6a9d912d2aeb5ec6cb64307cca9056b8","passes":817,"fails":26,"name":"[wh-cf-non-enrolled] status 403","path":"::[wh-cf-non-enrolled] status 403"},{"name":"[wh-structure] status 200","path":"::[wh-structure] status 200","id":"9f2134ec9c516bc3787570bcbc5bc9e6","passes":2210,"fails":167},{"id":"549ffdbc72b97a1cd0f05b844dbb0567","passes":1138,"fails":85,"name":"[wh-marker-grade] status 200","path":"::[wh-marker-grade] status 200"},{"name":"[wh-gradebook] status 200","path":"::[wh-gradebook] status 200","id":"04f91da34414db0af1a48a98d41fa661","passes":570,"fails":1745},{"passes":227,"fails":7,"name":"[wh-cf-locked-grade] status 403","path":"::[wh-cf-locked-grade] status 403","id":"a0d2cffa4f26fbeb7022bec9298a706e"},{"name":"[wh-cascade-pre] status 200","path":"::[wh-cascade-pre] status 200","id":"6cf217efe14ab595b837401653c393f9","passes":1037,"fails":93},{"name":"[wh-cascade-write] status 200","path":"::[wh-cascade-write] status 200","id":"9791881937dbec10111f5684ec5d2a68","passes":983,"fails":31},{"path":"::[wh-cascade-post] status 200","id":"2eaa088a823153fd8e84cbe4e79e632d","passes":871,"fails":69,"name":"[wh-cascade-post] status 200"},{"name":"[wh-grade-update] status 200","path":"::[wh-grade-update] status 200","id":"e1c3184baa8417c6f8c9c7cd82501965","passes":1079,"fails":49}]},"options":{"summaryTrendStats":["avg","min","med","max","p(90)","p(95)","p(99)"],"summaryTimeUnit":"","noColor":false},