{"metrics":{"gradebook_duration":{"values":{"max":13033.821353,"p(90)":10092.724291999999,"p(95)":10594.70444375,"p(99)":11584.07485405,"avg":7669.86799983087,"min":168.611218,"med":7876.5473115},"type":"trend","contains":"time"},"http_req_duration{expected_response:true}":{"type":"trend","contains":"time","values":{"p(99)":10027.064878550002,"avg":3030.7453170323,"min":15.034079,"med":2843.7676515000003,"max":13033.821353,"p(90)":3812.1879255,"p(95)":7644.00280975}},"vus":{"type":"gauge","contains":"default","values":{"value":7,"min":4,"max":250}},"grade_update_duration":{"values":{"avg":2303.3420638551897,"min":15.143605,"med":2534.8933465,"max":3660.374244,"p(90)":3028.620484,"p(95)":3156.89962925,"p(99)":3370.124670450004},"type":"trend","contains":"time"},"errors":{"type":"rate","contains":"default","values":{"rate":1,"passes":802,"fails":0}},"data_sent":{"type":"counter","contains":"data","values":{"count":5235954,"rate":13401.919886063612}},"http_req_failed":{"type":"rate","contains":"default","values":{"fails":20836,"rate":0.11392728045928131,"passes":2679},"thresholds":{"rate<0.15":{"ok":true}}},"http_req_sending":{"type":"trend","contains":"time","values":{"p(95)":0.04730799999999998,"p(99)":0.13013786000000038,"avg":0.030922479693812267,"min":0.005558,"med":0.027773,"max":5.637175,"p(90)":0.040592}},"http_req_receiving":{"type":"trend","contains":"time","values":{"avg":3.850483285264698,"min":0.014923,"med":0.102697,"max":1236.451814,"p(90)":3.1272756000000084,"p(95)":22.48396609999999,"p(99)":75.57823182000014}},"submit_assignment_duration":{"type":"trend","contains":"time","values":{"max":4356.850825,"p(90)":3236.7476816000008,"p(95)":3390.3286359,"p(99)":3639.59959608,"avg":2478.712204169684,"min":20.628757,"med":2714.150182}},"grade_submission_duration":{"type":"trend","contains":"time","values":{"p(95)":3444.281398,"p(99)":3698.4942003999995,"avg":2597.3562716488186,"min":31.880553,"med":2800.929403,"max":4205.834437,"p(90)":3310.013155}},"iteration_duration":{"type":"trend","contains":"time","values":{"avg":4504.358786913686,"min":344.408049,"med":3813.375326,"max":14088.924904,"p(90)":8329.426461,"p(95)":9700.889555,"p(99)":11133.982075599999}},"http_req_waiting":{"type":"trend","contains":"time","values":{"min":13.668372,"med":2790.499484,"max":12976.250326,"p(90)":3675.062896800002,"p(95)":7305.195022899996,"p(99)":9902.901806880001,"avg":2941.018869383632}},"course_structure_duration":{"type":"trend","contains":"time","values":{"max":4189.479495,"p(90)":3446.4321488,"p(95)":3574.93677675,"p(99)":3844.3693832,"avg":2654.862132132512,"min":38.051501,"med":2901.87057}},"http_req_connecting":{"type":"trend","contains":"time","values":{"med":0,"max":1011.88949,"p(90)":0,"p(95)":0,"p(99)":0.8653514600000002,"avg":0.11566333153306409,"min":0}},"http_req_duration":{"type":"trend","contains":"time","values":{"p(99)":9957.23323028,"avg":2944.9002751485905,"min":13.752953,"med":2791.611454,"max":13033.821353,"p(90)":3679.9620524,"p(95)":7336.806993099998}},"submit_quiz_duration":{"type":"trend","contains":"time","values":{"max":4489.664502,"p(90)":3762.5944827,"p(95)":3898.29202,"p(99)":4232.15042237,"avg":2892.277148693033,"min":50.91057,"med":3159.8770935000002}},"http_reqs":{"type":"counter","contains":"default","values":{"count":23515,"rate":60.18886837447117}},"vus_max":{"type":"gauge","contains":"default","values":{"min":250,"max":250,"value":250}},"checks":{"type":"rate","contains":"default","values":{"fails":802,"rate":0.9658941101424623,"passes":22713}},"iterations":{"contains":"default","values":{"count":19241,"rate":49.249160807705714},"type":"counter"},"user_grades_duration":{"type":"trend","contains":"time","values":{"max":4630.841016,"p(90)":3440.0897517999997,"p(95)":3642.3586729999997,"p(99)":4051.8611910400004,"avg":2469.532331597747,"min":15.034079,"med":2651.121298}},"http_req_blocked":{"contains":"time","values":{"min":0.001212,"med":0.00657,"max":1011.971826,"p(90)":0.008744,"p(95)":0.010288699999999994,"p(99)":0.930227560000006,"avg":0.12564835530512675},"type":"trend"},"read_activity_duration":{"type":"trend","contains":"time","values":{"p(95)":3482.6274918,"p(99)":3806.346944919999,"avg":2469.6711394281106,"min":30.361084,"med":2687.2496815,"max":4123.215195,"p(90)":3305.7107419}},"http_req_failed{ef:1}":{"thresholds":{"rate<1.01":{"ok":true}},"type":"rate","contains":"default","values":{"fails":0,"rate":1,"passes":1877}},"data_received":{"type":"counter","contains":"data","values":{"count":1453716149,"rate":3720924.08870951}},"cascade_read_duration":{"type":"trend","contains":"time","values":{"avg":2641.3936487263218,"min":34.556888,"med":2858.640498,"max":4083.188655,"p(90)":3442.279267,"p(95)":3577.231815,"p(99)":3790.7998159999993}},"http_req_tls_handshaking":{"type":"trend","contains":"time","values":{"max":0,"p(90)":0,"p(95)":0,"p(99)":0,"avg":0,"min":0,"med":0}},"material_download_duration":{"type":"trend","contains":"time","values":{"min":23.834572,"med":2652.24492,"max":4187.876467,"p(90)":3142.4914946,"p(95)":3294.318360899999,"p(99)":3495.8694462399994,"avg":2380.5458768912363}},"marker_grade_duration":{"type":"trend","contains":"time","values":{"avg":2581.974923966405,"min":34.32853,"med":2810.049686,"max":3936.981793,"p(90)":3350.4034533,"p(95)":3460.00347515,"p(99)":3718.02927224}}},"root_group":{"name":"","path":"","id":"d41d8cd98f00b204e9800998ecf8427e","groups":[],"checks":[{"path":"::[wh-marker-grade] status 200","id":"549ffdbc72b97a1cd0f05b844dbb0567","passes":1012,"fails":0,"name":"[wh-marker-grade] status 200"},{"id":"bc382dfba4db61bcda740eb7d13cbecd","passes":2352,"fails":457,"name":"[wh-quiz] start 201","path":"::[wh-quiz] start 201"},{"name":"[wh-quiz] submit 200","path":"::[wh-quiz] submit 200","id":"4963f6adfea6303590e8a8e9c12d47a1","passes":2352,"fails":0},{"name":"[wh-submit] status 201","path":"::[wh-submit] status 201","id":"49f223985d533388331178bd3e8d6a64","passes":3575,"fails":344},{"passes":947,"fails":0,"name":"[wh-material-dl] status 200","path":"::[wh-material-dl] status 200","id":"182e87b5d3b46cf8a10f81893f31e347"},{"path":"::[wh-structure] status 200","id":"9f2134ec9c516bc3787570bcbc5bc9e6","passes":1962,"fails":0,"name":"[wh-structure] status 200"},{"name":"[wh-grade] status 200","path":"::[wh-grade] status 200","id":"747a63480c5228e4182e0b619fd4205c","passes":970,"fails":1},{"fails":0,"name":"[wh-cf-non-enrolled] status 403","path":"::[wh-cf-non-enrolled] status 403","id":"6a9d912d2aeb5ec6cb64307cca9056b8","passes":669},{"path":"::[wh-activity] status 200","id":"aed3f8824d0bcca89ac7d3b2bf25119a","passes":932,"fails":0,"name":"[wh-activity] status 200"},{"path":"::[wh-user-grades] status 200","id":"827cabf91007e26e21b96eb0eaac2825","passes":977,"fails":0,"name":"[wh-user-grades] status 200"},{"name":"[wh-grade-unauth] status 403","path":"::[wh-grade-unauth] status 403","id":"b9f37e7e4ff322953440a920c2825184","passes":965,"fails":0},{"name":"[wh-gradebook] status 200","path":"::[wh-gradebook] status 200","id":"04f91da34414db0af1a48a98d41fa661","passes":1886,"fails":0},{"name":"[wh-cascade-pre] status 200","path":"::[wh-cascade-pre] status 200","id":"6cf217efe14ab595b837401653c393f9","passes":961,"fails":0},{"name":"[wh-grade-update] status 200","path":"::[wh-grade-update] status 200","id":"e1c3184baa8417c6f8c9c7cd82501965","passes":988,"fails":0},{"name":"[wh-cascade-write] status 200","path":"::[wh-cascade-write] status 200","id":"9791881937dbec10111f5684ec5d2a68","passes":961,"fails":0},{"name":"[wh-cascade-post] status 200","path":"::[wh-cascade-post] status 200","id":"2eaa088a823153fd8e84cbe4e79e632d","passes":961,"fails":0},{"fails":0,"name":"[wh-cf-locked-grade] status 403","path":"::[wh-cf-locked-grade] status 403","id":"a0d2cffa4f26fbeb7022bec9298a706e","passes":243}]},"options":{"summaryTrendStats":["avg","min","med","max","p(90)","p(95)","p(99)"],"summaryTimeUnit":"","noColor":false},"state":{"isStdOutTTY":false,"isStdErrTTY":false,"testRunDurationMs":390686.86013}}