{"metrics":{"checks":{"type":"rate","contains":"default","values":{"rate":0.9998512052375756,"passes":40318,"fails":6}},"vus":{"type":"gauge","contains":"default","values":{"min":3,"max":500,"value":3}},"http_req_waiting":{"type":"trend","contains":"time","values":{"p(99)":7736.414188400001,"avg":6085.753068763693,"min":21.456649,"med":6615.490368,"max":9110.519826,"p(90)":7227.440429,"p(95)":7396.737034}},"grade_submission_duration":{"type":"trend","contains":"time","values":{"max":9111.735185,"p(90)":7387.263220999999,"p(95)":7543.896224,"p(99)":7891.4566190000005,"avg":6257.716432545833,"min":52.873553,"med":6796.1856865}},"http_req_tls_handshaking":{"type":"trend","contains":"time","values":{"p(90)":0,"p(95)":0,"p(99)":0,"avg":0,"min":0,"med":0,"max":0}},"assignment_detail_duration":{"type":"trend","contains":"time","values":{"p(99)":7396.171765700001,"avg":5959.676347062098,"min":23.610602,"med":6488.578812,"max":8192.184485,"p(90)":6966.017291,"p(95)":7123.2390715}},"iterations":{"type":"counter","contains":"default","values":{"count":21296,"rate":54.481104049863575}},"gradebook_duration":{"type":"trend","contains":"time","values":{"p(90)":6873.480453,"p(95)":7029.0175094999995,"p(99)":7291.4705494,"avg":5810.545868280003,"min":21.775329,"med":6391.687504,"max":8364.064028}},"http_req_failed":{"thresholds":{"rate<0.10":{"ok":true}},"type":"rate","contains":"default","values":{"rate":0,"passes":0,"fails":25461}},"http_req_sending":{"contains":"time","values":{"p(99)":0.14807560000000108,"avg":0.05180097144652621,"min":0.008613,"med":0.039587,"max":31.999854,"p(90)":0.063127,"p(95)":0.079141},"type":"trend"},"http_req_duration{expected_response:true}":{"type":"trend","contains":"time","values":{"avg":6086.000345712398,"min":21.775329,"med":6615.767247,"max":9111.735185,"p(90)":7227.546304,"p(95)":7397.820413,"p(99)":7736.579075800001}},"errors":{"values":{"rate":0,"passes":0,"fails":0},"thresholds":{"rate<0.10":{"ok":true}},"type":"rate","contains":"default"},"http_req_connecting":{"type":"trend","contains":"time","values":{"p(90)":0,"p(95)":0,"p(99)":0.21864720000000057,"avg":0.008016165036722823,"min":0,"med":0,"max":49.780868}},"http_req_receiving":{"type":"trend","contains":"time","values":{"p(99)":0.9010754000000016,"avg":0.19547597722006216,"min":0.027606,"med":0.142153,"max":49.690251,"p(90)":0.275398,"p(95)":0.397967}},"vus_max":{"type":"gauge","contains":"default","values":{"value":500,"min":500,"max":500}},"iteration_duration":{"type":"trend","contains":"time","values":{"p(99)":15546.04599785,"avg":8174.568543405999,"min":335.847608,"med":7605.7041845,"max":16855.748988,"p(90)":14353.748750499999,"p(95)":14870.540891249999}},"http_reqs":{"type":"counter","contains":"default","values":{"count":25461,"rate":65.1363350025158}},"data_sent":{"type":"counter","contains":"data","values":{"count":4827991,"rate":12351.346732851469}},"submit_quiz_duration":{"type":"trend","contains":"time","values":{"p(99)":7905.29567948,"avg":6323.262060540209,"min":52.672667,"med":6841.183219,"max":8767.479331,"p(90)":7430.9070984,"p(95)":7595.915286399999}},"submit_assignment_duration":{"type":"trend","contains":"time","values":{"min":39.782494,"med":6727.140274,"max":8689.270387,"p(90)":7277.316143,"p(95)":7442.690735,"p(99)":7753.670509219998,"avg":6150.896365136918}},"http_req_duration":{"type":"trend","contains":"time","values":{"min":21.775329,"med":6615.767247,"max":9111.735185,"p(90)":7227.546304,"p(95)":7397.820413,"p(99)":7736.579075800001,"avg":6086.000345712398},"thresholds":{"p(95)<3000":{"ok":false}}},"http_req_blocked":{"values":{"p(99)":0.33580460000000023,"avg":0.024096540238010868,"min":0.00294,"med":0.010869,"max":49.905856,"p(90)":0.018427,"p(95)":0.027034},"type":"trend","contains":"time"},"data_received":{"type":"counter","contains":"data","values":{"count":95538982,"rate":244415.34650450991}}},"root_group":{"name":"","path":"","id":"d41d8cd98f00b204e9800998ecf8427e","groups":[],"checks":[{"id":"e710e6c64d866e8aa495eeee12857a96","passes":4171,"fails":0,"name":"[assignment-detail] status 200","path":"::[assignment-detail] status 200"},{"id":"2eca0bd45992b6c1691069c6af81d1ee","passes":4171,"fails":0,"name":"[assignment-detail] success","path":"::[assignment-detail] success"},{"name":"[quiz-attempt] start 201","path":"::[quiz-attempt] start 201","id":"18f54229dcbc1aba2aecf8a61f0db771","passes":4165,"fails":6},{"name":"[submit-assignment] status 201 or 400","path":"::[submit-assignment] status 201 or 400","id":"c6b8e5b4b95e1cad4532c36b70154d08","passes":6427,"fails":0},{"name":"[quiz-attempt] submit 200","path":"::[quiz-attempt] submit 200","id":"3aac290b0fb83ec96bbf8f19a1813a81","passes":4165,"fails":0},{"passes":4165,"fails":0,"name":"[quiz-attempt] success","path":"::[quiz-attempt] success","id":"6398ec5c83f0a8abdc14be5794d5070f"},{"path":"::[gradebook] status 200","id":"9186de991ebaa0ed414ff11baa5503d0","passes":4411,"fails":0,"name":"[gradebook] status 200"},{"name":"[gradebook] success","path":"::[gradebook] success","id":"a15a69867e50cddaa06c049f7cde480d","passes":4411,"fails":0},{"path":"::[grade-submission] status 200","id":"0b00b1c9fc4243dfcbcade089d53f4c1","passes":2116,"fails":0,"name":"[grade-submission] status 200"},{"passes":2116,"fails":0,"name":"[grade-submission] success","path":"::[grade-submission] success","id":"dc7c3576ea1686ed510a59cbde26957e"}]},"options":{"summaryTrendStats":["avg","min","med","max","p(90)","p(95)","p(99)"],"summaryTimeUnit":"","noColor":false},"state":{"isStdOutTTY":false,"isStdErrTTY":false,"testRunDurationMs":390887.820124}}