{"metrics":{"grade_update_duration":{"contains":"time","values":{"avg":8737.22805473616,"min":15.448371,"med":9499.314646,"max":11376.147847,"p(90)":10243.1119996,"p(95)":10411.0177508,"p(99)":10759.17027484},"type":"trend"},"iterations":{"type":"counter","contains":"default","values":{"count":21383,"rate":54.68909511186164}},"http_reqs":{"type":"counter","contains":"default","values":{"rate":67.01926990184832,"count":26204}},"data_received":{"type":"counter","contains":"data","values":{"rate":4294561.8197524715,"count":1679139419}},"grade_submission_duration":{"type":"trend","contains":"time","values":{"avg":8913.95285118045,"min":39.440792,"med":9718.556511499999,"max":11535.139986,"p(90)":10541.1664568,"p(95)":10752.3555028,"p(99)":11247.454961739997}},"http_req_duration{expected_response:true}":{"type":"trend","contains":"time","values":{"avg":9330.655608386818,"min":19.984823,"med":9779.643664,"max":20623.838116,"p(90)":11005.595121999997,"p(95)":14177.137447399995,"p(99)":16531.36728076}},"http_req_tls_handshaking":{"type":"trend","contains":"time","values":{"p(95)":0,"p(99)":0,"avg":0,"min":0,"med":0,"max":0,"p(90)":0}},"vus":{"type":"gauge","contains":"default","values":{"value":4,"min":4,"max":750}},"errors":{"contains":"default","values":{"passes":1036,"fails":0,"rate":1},"type":"rate"},"vus_max":{"type":"gauge","contains":"default","values":{"min":750,"max":750,"value":750}},"gradebook_duration":{"type":"trend","contains":"time","values":{"avg":13737.33524494627,"min":259.142874,"med":14339.230104,"max":20623.838116,"p(90)":16627.8857072,"p(95)":17109.4850504,"p(99)":17949.81352019999}},"cascade_read_duration":{"type":"trend","contains":"time","values":{"avg":8913.969840474072,"min":34.186311,"med":9763.86337,"max":11629.642082,"p(90)":10576.3031211,"p(95)":10769.09720135,"p(99)":11162.370912529994}},"read_activity_duration":{"type":"trend","contains":"time","values":{"min":25.216891,"med":9625.9277945,"max":11290.175408,"p(90)":10452.4687116,"p(95)":10629.5483702,"p(99)":10868.75579225,"avg":8750.983158941382}},"http_req_waiting":{"type":"trend","contains":"time","values":{"max":19227.900288,"p(90)":10863.9253311,"p(95)":13806.957524349995,"p(99)":16369.183474030002,"avg":9275.912454678823,"min":15.318523,"med":9738.184632}},"course_structure_duration":{"values":{"p(99)":11114.934502130001,"avg":8959.123829410675,"min":34.926096,"med":9791.9035615,"max":11581.428611,"p(90)":10597.623349899999,"p(95)":10821.1372847},"type":"trend","contains":"time"},"submit_quiz_duration":{"contains":"time","values":{"min":61.704847,"med":9992.903553,"max":12006.852862,"p(90)":10849.2099644,"p(95)":11066.1930388,"p(99)":11472.211808479997,"avg":9125.614321821282},"type":"trend"},"data_sent":{"contains":"data","values":{"count":5803374,"rate":14842.691514553848},"type":"counter"},"user_grades_duration":{"type":"trend","contains":"time","values":{"p(99)":11337.106309719999,"avg":8873.412420638751,"min":23.778356,"med":9685.683311,"max":11948.496746,"p(90)":10579.6984226,"p(95)":10831.571086699998}},"http_req_sending":{"type":"trend","contains":"time","values":{"p(90)":0.0412493,"p(95)":0.05535034999999996,"p(99)":0.13791907000000003,"avg":0.03270402339337487,"min":0.004847,"med":0.0273715,"max":23.133451}},"http_req_duration":{"type":"trend","contains":"time","values":{"avg":9280.057994074277,"min":15.448371,"med":9738.7334415,"max":20623.838116,"p(90)":10865.399154300001,"p(95)":13841.396284699997,"p(99)":16420.466910770007}},"http_req_failed{ef:1}":{"type":"rate","contains":"default","values":{"rate":1,"passes":2055,"fails":0},"thresholds":{"rate<1.01":{"ok":true}}},"iteration_duration":{"type":"trend","contains":"time","values":{"p(90)":20719.345053,"p(95)":22309.798421199983,"p(99)":31091.925508700002,"avg":12271.108495677616,"min":337.418041,"med":10816.23163,"max":32904.610828}},"material_download_duration":{"values":{"max":11269.400943,"p(90)":10338.503644800001,"p(95)":10514.7648786,"p(99)":10968.061464840002,"avg":8691.245005734716,"min":25.515165,"med":9555.106957},"type":"trend","contains":"time"},"http_req_connecting":{"type":"trend","contains":"time","values":{"avg":0.2933549909937417,"min":0,"med":0,"max":1023.372907,"p(90)":0,"p(95)":0,"p(99)":1.541962870000001}},"http_req_receiving":{"type":"trend","contains":"time","values":{"max":1839.192448,"p(90)":3.3784505000000014,"p(95)":22.677823099999998,"p(99)":77.48502886000007,"avg":4.112835371966112,"min":0.013781,"med":0.10303100000000001}},"checks":{"type":"rate","contains":"default","values":{"rate":0.9604640512898794,"passes":25168,"fails":1036}},"http_req_blocked":{"values":{"p(95)":0.013328649999999987,"p(99)":1.630219140000001,"avg":0.3028025715921226,"min":0.001221,"med":0.0066955,"max":1023.469564,"p(90)":0.009211300000000006},"type":"trend","contains":"time"},"marker_grade_duration":{"values":{"p(95)":10668.1564236,"p(99)":10917.158497729997,"avg":8877.978578359565,"min":54.3529,"med":9696.525643500001,"max":11240.903188,"p(90)":10469.4420689},"type":"trend","contains":"time"},"submit_assignment_duration":{"type":"trend","contains":"time","values":{"p(99)":10959.127352439997,"avg":8835.897535344751,"min":29.961696,"med":9652.9218225,"max":11408.776544,"p(90)":10442.23197,"p(95)":10643.3873267}},"http_req_failed":{"values":{"rate":0.11795909021523432,"passes":3091,"fails":23113},"thresholds":{"rate<0.15":{"ok":true}},"type":"rate","contains":"default"}},"root_group":{"groups":[],"checks":[{"name":"[wh-structure] status 200","path":"::[wh-structure] status 200","id":"9f2134ec9c516bc3787570bcbc5bc9e6","passes":2138,"fails":0},{"name":"[wh-grade-update] status 200","path":"::[wh-grade-update] status 200","id":"e1c3184baa8417c6f8c9c7cd82501965","passes":1074,"fails":0},{"fails":0,"name":"[wh-activity] status 200","path":"::[wh-activity] status 200","id":"aed3f8824d0bcca89ac7d3b2bf25119a","passes":1092},{"path":"::[wh-grade-unauth] status 403","id":"b9f37e7e4ff322953440a920c2825184","passes":1040,"fails":0,"name":"[wh-grade-unauth] status 403"},{"name":"[wh-submit] status 201","path":"::[wh-submit] status 201","id":"49f223985d533388331178bd3e8d6a64","passes":3862,"fails":382},{"name":"[wh-cascade-pre] status 200","path":"::[wh-cascade-pre] status 200","id":"6cf217efe14ab595b837401653c393f9","passes":1118,"fails":0},{"name":"[wh-cascade-write] status 200","path":"::[wh-cascade-write] status 200","id":"9791881937dbec10111f5684ec5d2a68","passes":1118,"fails":0},{"id":"2eaa088a823153fd8e84cbe4e79e632d","passes":1118,"fails":0,"name":"[wh-cascade-post] status 200","path":"::[wh-cascade-post] status 200"},{"name":"[wh-user-grades] status 200","path":"::[wh-user-grades] status 200","id":"827cabf91007e26e21b96eb0eaac2825","passes":1099,"fails":0},{"name":"[wh-material-dl] status 200","path":"::[wh-material-dl] status 200","id":"182e87b5d3b46cf8a10f81893f31e347","passes":965,"fails":0},{"id":"6a9d912d2aeb5ec6cb64307cca9056b8","passes":764,"fails":0,"name":"[wh-cf-non-enrolled] status 403","path":"::[wh-cf-non-enrolled] status 403"},{"name":"[wh-gradebook] status 200","path":"::[wh-gradebook] status 200","id":"04f91da34414db0af1a48a98d41fa661","passes":2177,"fails":0},{"fails":0,"name":"[wh-grade] status 200","path":"::[wh-grade] status 200","id":"747a63480c5228e4182e0b619fd4205c","passes":1064},{"passes":2585,"fails":654,"name":"[wh-quiz] start 201","path":"::[wh-quiz] start 201","id":"bc382dfba4db61bcda740eb7d13cbecd"},{"id":"4963f6adfea6303590e8a8e9c12d47a1","passes":2585,"fails":0,"name":"[wh-quiz] submit 200","path":"::[wh-quiz] submit 200"},{"passes":1118,"fails":0,"name":"[wh-marker-grade] status 200","path":"::[wh-marker-grade] status 200","id":"549ffdbc72b97a1cd0f05b844dbb0567"},{"name":"[wh-cf-locked-grade] status 403","path":"::[wh-cf-locked-grade] status 403","id":"a0d2cffa4f26fbeb7022bec9298a706e","passes":251,"fails":0}],"name":"","path":"","id":"d41d8cd98f00b204e9800998ecf8427e"},"options":{"summaryTrendStats":["avg","min","med","max","p(90)","p(95)","p(99)"],"summaryTimeUnit":"",