{"state":{"isStdOutTTY":false,"isStdErrTTY":false,"testRunDurationMs":390995.356186},"metrics":{"assignment_detail_duration":{"type":"trend","contains":"time","values":{"p(99)":11410.48336807,"avg":9447.087601277519,"min":26.676446,"med":10353.864550999999,"max":12439.467605,"p(90)":10935.7389483,"p(95)":11107.041712}},"iteration_duration":{"values":{"avg":12444.119566116322,"min":410.439436,"med":11499.4226605,"max":25322.468015,"p(90)":22093.5831569,"p(95)":22684.96513005,"p(99)":23468.380779459996},"type":"trend","contains":"time"},"http_req_waiting":{"type":"trend","contains":"time","values":{"avg":9610.477555169162,"min":25.727121,"med":10486.8298665,"max":13527.681247,"p(90)":11156.2554496,"p(95)":11347.7815551,"p(99)":11720.14896969}},"http_req_duration{expected_response:true}":{"type":"trend","contains":"time","values":{"p(99)":11720.304690519999,"avg":9610.729917370421,"min":26.003208,"med":10487.056506,"max":13527.831382,"p(90)":11156.510027,"p(95)":11348.0328725}},"http_req_tls_handshaking":{"type":"trend","contains":"time","values":{"avg":0,"min":0,"med":0,"max":0,"p(90)":0,"p(95)":0,"p(99)":0}},"checks":{"values":{"rate":0.9998255625607416,"passes":40122,"fails":7},"type":"rate","contains":"default"},"gradebook_duration":{"type":"trend","contains":"time","values":{"p(90)":10852.7823976,"p(95)":11025.74280255,"p(99)":11298.514572559998,"avg":9335.422240031385,"min":26.003208,"med":10276.038918499999,"max":11996.535988}},"http_req_failed":{"type":"rate","contains":"default","values":{"rate":0,"passes":0,"fails":25314},"thresholds":{"rate<0.10":{"ok":true}}},"http_req_sending":{"contains":"time","values":{"p(90)":0.06409790000000001,"p(95)":0.08485269999999999,"p(99)":0.1564272899999999,"avg":0.049465706289009974,"min":0.009155,"med":0.039713,"max":22.432365},"type":"trend"},"errors":{"type":"rate","contains":"default","values":{"rate":0,"passes":0,"fails":0},"thresholds":{"rate<0.10":{"ok":true}}},"submit_quiz_duration":{"type":"trend","contains":"time","values":{"p(99)":11904.55308278,"avg":9839.087630425138,"min":46.630756,"med":10709.964807,"max":13527.831382,"p(90)":11367.4261267,"p(95)":11557.359708599999}},"vus":{"type":"gauge","contains":"default","values":{"value":7,"min":5,"max":750}},"http_req_blocked":{"type":"trend","contains":"time","values":{"avg":0.031053775262700898,"min":0.003318,"med":0.0109755,"max":32.097436,"p(90)":0.020585,"p(95)":0.03066719999999998,"p(99)":0.3698663299999999}},"data_sent":{"contains":"data","values":{"count":4802886,"rate":12283.741799008028},"type":"counter"},"iterations":{"type":"counter","contains":"default","values":{"count":21080,"rate":53.91368379825988}},"http_req_duration":{"type":"trend","contains":"time","values":{"max":13527.831382,"p(90)":11156.510027,"p(95)":11348.0328725,"p(99)":11720.304690519999,"avg":9610.729917370421,"min":26.003208,"med":10487.056506},"thresholds":{"p(95)<3000":{"ok":false}}},"vus_max":{"values":{"min":750,"max":750,"value":750},"type":"gauge","contains":"default"},"http_reqs":{"type":"counter","contains":"default","values":{"count":25314,"rate":64.74245691030127}},"submit_assignment_duration":{"type":"trend","contains":"time","values":{"p(99)":11759.23927593,"avg":9707.528298088235,"min":48.564486,"med":10601.0415605,"max":12627.357959,"p(90)":11220.0586234,"p(95)":11418.5425314}},"data_received":{"type":"counter","contains":"data","values":{"count":96174461,"rate":245973.4098587323}},"http_req_connecting":{"type":"trend","contains":"time","values":{"avg":0.013466646598720072,"min":0,"med":0,"max":31.950689,"p(90)":0,"p(95)":0,"p(99)":0.24372131}},"grade_submission_duration":{"type":"trend","contains":"time","values":{"max":13419.065681,"p(90)":11333.9848438,"p(95)":11533.4049096,"p(99)":11904.13277628,"avg":9830.366130118238,"min":48.993477,"med":10690.1078}},"http_req_receiving":{"type":"trend","contains":"time","values":{"avg":0.20289649486449993,"min":0.029618,"med":0.143897,"max":40.78738,"p(90)":0.2742885,"p(95)":0.3991187999999999,"p(99)":0.8735876299999938}}},"root_group":{"name":"","path":"","id":"d41d8cd98f00b204e9800998ecf8427e","groups":[],"checks":[{"id":"18f54229dcbc1aba2aecf8a61f0db771","passes":4234,"fails":7,"name":"[quiz-attempt] start 201","path":"::[quiz-attempt] start 201"},{"id":"e710e6c64d866e8aa495eeee12857a96","passes":4252,"fails":0,"name":"[assignment-detail] status 200","path":"::[assignment-detail] status 200"},{"id":"2eca0bd45992b6c1691069c6af81d1ee","passes":4252,"fails":0,"name":"[assignment-detail] success","path":"::[assignment-detail] success"},{"name":"[quiz-attempt] submit 200","path":"::[quiz-attempt] submit 200","id":"3aac290b0fb83ec96bbf8f19a1813a81","passes":4234,"fails":0},{"fails":0,"name":"[quiz-attempt] success","path":"::[quiz-attempt] success","id":"6398ec5c83f0a8abdc14be5794d5070f","passes":4234},{"name":"[submit-assignment] status 201 or 400","path":"::[submit-assignment] status 201 or 400","id":"c6b8e5b4b95e1cad4532c36b70154d08","passes":6258,"fails":0},{"fails":0,"name":"[grade-submission] status 200","path":"::[grade-submission] status 200","id":"0b00b1c9fc4243dfcbcade089d53f4c1","passes":2089},{"passes":2089,"fails":0,"name":"[grade-submission] success","path":"::[grade-submission] success","id":"dc7c3576ea1686ed510a59cbde26957e"},{"id":"9186de991ebaa0ed414ff11baa5503d0","passes":4240,"fails":0,"name":"[gradebook] status 200","path":"::[gradebook] status 200"},{"fails":0,"name":"[gradebook] success","path":"::[gradebook] success","id":"a15a69867e50cddaa06c049f7cde480d","passes":4240}]},"options":{"summaryTrendStats":["avg","min","med","max","p(90)","p(95)","p(99)"],"summaryTimeUnit":"","noColor":false}}