{"state":{"isStdOutTTY":false,"isStdErrTTY":false,"testRunDurationMs":391139.968607},"metrics":{"errors":{"thresholds":{"rate<0.10":{"ok":true}},"type":"rate","contains":"default","values":{"rate":0,"passes":0,"fails":0}},"http_req_duration":{"type":"trend","contains":"time","values":{"p(90)":337.9073939,"p(95)":402.0787091499997,"p(99)":539.6689950300004,"avg":165.52694493690632,"min":17.369386,"med":132.75509599999998,"max":1021.845975},"thresholds":{"p(95)<2000":{"ok":true}}},"http_reqs":{"type":"counter","contains":"default","values":{"count":24408,"rate":62.40221393616787}},"http_req_tls_handshaking":{"type":"trend","contains":"time","values":{"med":0,"max":0,"p(90)":0,"p(95)":0,"p(99)":0,"avg":0,"min":0}},"data_received":{"type":"counter","contains":"data","values":{"count":157142967,"rate":401756.3522327994}},"iterations":{"contains":"default","values":{"count":24408,"rate":62.40221393616787},"type":"counter"},"data_sent":{"type":"counter","contains":"data","values":{"rate":8168.137384113967,"count":3194885}},"http_req_duration{expected_response:true}":{"type":"trend","contains":"time","values":{"p(95)":402.0787091499997,"p(99)":539.6689950300004,"avg":165.52694493690632,"min":17.369386,"med":132.75509599999998,"max":1021.845975,"p(90)":337.9073939}},"http_req_connecting":{"type":"trend","contains":"time","values":{"p(90)":0,"p(95)":0,"p(99)":0,"avg":0.001918040232710586,"min":0,"med":0,"max":6.715336}},"http_req_sending":{"contains":"time","values":{"min":0.007733,"med":0.034417,"max":26.469646,"p(90)":0.05587199999999999,"p(95)":0.06712059999999999,"p(99)":0.1803210500000007,"avg":0.045303970747296},"type":"trend"},"vus_max":{"values":{"value":100,"min":100,"max":100},"type":"gauge","contains":"default"},"gradebook_duration":{"type":"trend","contains":"time","values":{"med":106.07996449999999,"max":1021.845975,"p(90)":279.09305240000003,"p(95)":331.74208160000006,"p(99)":460.8072213599995,"avg":135.8450574742331,"min":17.369386}},"material_detail_duration":{"type":"trend","contains":"time","values":{"med":122.697836,"max":901.148544,"p(90)":305.826718,"p(95)":362.1216415,"p(99)":487.6308847000001,"avg":150.0303223724065,"min":20.857393}},"checks":{"type":"rate","contains":"default","values":{"rate":1,"passes":43880,"fails":0}},"http_req_blocked":{"type":"trend","contains":"time","values":{"p(95)":0.023521649999999998,"p(99)":0.05413120000000013,"avg":0.017080927646673304,"min":0.003361,"med":0.010672,"max":20.312729,"p(90)":0.017342}},"vus":{"type":"gauge","contains":"default","values":{"value":1,"min":1,"max":100}},"http_req_receiving":{"type":"trend","contains":"time","values":{"max":51.560022,"p(90)":0.3253446,"p(95)":0.4509744499999994,"p(99)":1.1240750700000002,"avg":0.22067999356768167,"min":0.02675,"med":0.1445805}},"start_attempt_duration":{"type":"trend","contains":"time","values":{"avg":178.54370830274524,"min":27.243436,"med":147.052687,"max":894.026998,"p(90)":355.197823,"p(95)":414.393306,"p(99)":549.0989513999999}},"materials_list_duration":{"type":"trend","contains":"time","values":{"med":122.935777,"max":818.639089,"p(90)":317.7374324000001,"p(95)":370.80395445,"p(99)":511.7141613799999,"avg":155.29716267839507,"min":20.757772}},"http_req_failed":{"values":{"rate":0,"passes":0,"fails":24408},"thresholds":{"rate<0.10":{"ok":true}},"type":"rate","contains":"default"},"http_req_waiting":{"type":"trend","contains":"time","values":{"min":16.90481,"med":132.4833355,"max":1021.611931,"p(90)":337.38088799999997,"p(95)":401.9216485499998,"p(99)":539.5092032600004,"avg":165.2609609725901}},"quiz_detail_duration":{"type":"trend","contains":"time","values":{"p(90)":365.646857,"p(95)":433.410112,"p(99)":563.0124275999999,"avg":182.05556958842104,"min":22.016116,"med":149.712915,"max":1009.641055}},"submit_assignment_duration":{"type":"trend","contains":"time","values":{"p(99)":622.09875406,"avg":214.1207948965933,"min":32.694724,"med":179.823486,"max":762.57603,"p(90)":416.25861119999996,"p(95)":483.5639424999999}},"iteration_duration":{"values":{"p(95)":2104.65003725,"p(99)":2289.96715795,"avg":1417.0020745553431,"min":528.176892,"med":1421.7983225,"max":2802.591748,"p(90)":2012.5764832},"type":"trend","contains":"time"}},"root_group":{"id":"d41d8cd98f00b204e9800998ecf8427e","groups":[],"checks":[{"id":"a12462dd78c876a1d31a53eadf87e378","passes":3711,"fails":0,"name":"[material-detail] status 200","path":"::[material-detail] status 200"},{"path":"::[material-detail] success","id":"3632f96ad89cbc27cd995a000cbd8596","passes":3711,"fails":0,"name":"[material-detail] success"},{"passes":2441,"fails":0,"name":"[start-attempt] status 201 or 400","path":"::[start-attempt] status 201 or 400","id":"33680026b6a14104cfefb4ee3b4b083d"},{"name":"[quiz-detail] status 200","path":"::[quiz-detail] status 200","id":"917c623bb77fd0f4c30b55655ab512f2","passes":6011,"fails":0},{"name":"[quiz-detail] success","path":"::[quiz-detail] success","id":"6719d54de0da0cfb59497b1755be95e9","passes":6011,"fails":0},{"name":"[gradebook] status 200","path":"::[gradebook] status 200","id":"9186de991ebaa0ed414ff11baa5503d0","passes":4890,"fails":0},{"passes":4890,"fails":0,"name":"[gradebook] success","path":"::[gradebook] success","id":"a15a69867e50cddaa06c049f7cde480d"},{"fails":0,"name":"[materials-list] status 200","path":"::[materials-list] status 200","id":"463a16ce0b1d8abee844a574ea056361","passes":4860},{"name":"[materials-list] success","path":"::[materials-list] success","id":"664e43a5933df86e3bab167b84d274ca","passes":4860,"fails":0},{"fails":0,"name":"[submit-assignment] status 201 or 400","path":"::[submit-assignment] status 201 or 400","id":"c6b8e5b4b95e1cad4532c36b70154d08","passes":2495}],"name":"","path":""},"options":{"summaryTrendStats":["avg","min","med","max","p(90)","p(95)","p(99)"],"summaryTimeUnit":"","noColor":false}}