{"options":{"summaryTrendStats":["avg","min","med","max","p(90)","p(95)","p(99)"],"summaryTimeUnit":"","noColor":false},"state":{"testRunDurationMs":396015.072282,"isStdOutTTY":false,"isStdErrTTY":false},"metrics":{"http_req_connecting":{"type":"trend","contains":"time","values":{"p(95)":0.3984845999999998,"p(99)":1.5179341900000023,"avg":0.2606351139043391,"min":0,"med":0.2089205,"max":58.045998,"p(90)":0.3022644000000001}},"http_req_failed":{"values":{"rate":0.0018909899888765295,"passes":51,"fails":26919},"thresholds":{"rate<0.10":{"ok":true}},"type":"rate","contains":"default"},"vus":{"type":"gauge","contains":"default","values":{"value":1,"min":0,"max":1500}},"http_req_duration":{"values":{"p(99)":21428.398138560002,"avg":18409.6750223618,"min":0,"med":20321.318567000002,"max":23270.263488,"p(90)":21004.1389314,"p(95)":21146.40528715},"thresholds":{"p(95)<2000":{"ok":false}},"type":"trend","contains":"time"},"http_reqs":{"values":{"rate":68.10346849827681,"count":26970},"type":"counter","contains":"default"},"http_req_waiting":{"type":"trend","contains":"time","values":{"p(99)":21428.120745790002,"avg":18409.341649642905,"min":0,"med":20320.949097999997,"max":23269.445488,"p(90)":21003.7764419,"p(95)":21145.97502165}},"checks":{"values":{"rate":0.9981053585403024,"passes":48466,"fails":92},"type":"rate","contains":"default"},"http_req_sending":{"type":"trend","contains":"time","values":{"avg":0.09076102925472672,"min":0,"med":0.0692995,"max":44.133512,"p(90)":0.11150330000000001,"p(95)":0.13158565,"p(99)":0.26768900000000023}},"gradebook_duration":{"values":{"avg":18238.81717568589,"min":0,"med":20189.993659,"max":22259.041245,"p(90)":20839.14748,"p(95)":20951.3473198,"p(99)":21167.486208809998},"type":"trend","contains":"time"},"iterations":{"type":"counter","contains":"default","values":{"count":26970,"rate":68.10346849827681}},"materials_list_duration":{"type":"trend","contains":"time","values":{"max":22429.421786,"p(90)":20938.2521857,"p(95)":21057.98819515,"p(99)":21279.77667064,"avg":18406.135802922363,"min":0,"med":20275.5895495}},"start_attempt_duration":{"type":"trend","contains":"time","values":{"p(90)":21072.3520486,"p(95)":21197.270753,"p(99)":21386.072829920002,"avg":18466.83082921436,"min":0.229758,"med":20391.84204,"max":23083.820706}},"data_sent":{"type":"counter","contains":"data","values":{"rate":8906.762006998291,"count":3527212}},"vus_max":{"type":"gauge","contains":"default","values":{"value":1500,"min":1418,"max":1500}},"quiz_detail_duration":{"type":"trend","contains":"time","values":{"p(99)":21494.04945967,"avg":18458.99732352292,"min":0,"med":20405.246084,"max":22881.786881,"p(90)":21090.1245644,"p(95)":21233.3895398}},"http_req_blocked":{"type":"trend","contains":"time","values":{"max":58.125839,"p(90)":0.42497070000000026,"p(95)":0.5395298499999999,"p(99)":1.8126334300000018,"avg":0.3490032563218398,"min":0.004282,"med":0.2968575}},"submit_assignment_duration":{"type":"trend","contains":"time","values":{"avg":18682.629697732948,"min":0.954249,"med":20513.371047,"max":23270.263488,"p(90)":21204.6538932,"p(95)":21343.378930799998,"p(99)":21613.491119199996}},"http_req_duration{expected_response:true}":{"type":"trend","contains":"time","values":{"p(95)":21146.511702,"p(99)":21428.59901532,"avg":18444.537578490235,"min":34.78371,"med":20323.129838,"max":23270.263488,"p(90)":21004.5434168}},"http_req_tls_handshaking":{"type":"trend","contains":"time","values":{"avg":0,"min":0,"med":0,"max":0,"p(90)":0,"p(95)":0,"p(99)":0}},"http_req_receiving":{"values":{"max":47.810606,"p(90)":0.3369652,"p(95)":0.48681895,"p(99)":1.2149835000000024,"avg":0.2426116898034847,"min":0,"med":0.16203250000000002},"type":"trend","contains":"time"},"iteration_duration":{"contains":"time","values":{"max":24880.682097,"p(90)":22482.4551835,"p(95)":22702.08934055,"p(99)":23049.18721938,"avg":19667.124155953665,"min":559.753102,"med":21511.526966999998},"type":"trend"},"material_detail_duration":{"type":"trend","contains":"time","values":{"p(99)":21292.551654559997,"avg":18340.493287715453,"min":0.437299,"med":20239.5868725,"max":22042.437078,"p(90)":20912.9629663,"p(95)":21021.3660641}},"data_received":{"contains":"data","values":{"count":173335997,"rate":437700.50468323706},"type":"counter"},"errors":{"contains":"default","values":{"rate":1,"passes":51,"fails":0},"thresholds":{"rate<0.10":{"ok":false}},"type":"rate"}},"root_group":{"groups":[],"checks":[{"name":"[material-detail] status 200","path":"::[material-detail] status 200","id":"a12462dd78c876a1d31a53eadf87e378","passes":4039,"fails":9},{"name":"[material-detail] success","path":"::[material-detail] success","id":"3632f96ad89cbc27cd995a000cbd8596","passes":4039,"fails":9},{"name":"[quiz-detail] status 200","path":"::[quiz-detail] status 200","id":"917c623bb77fd0f4c30b55655ab512f2","passes":6716,"fails":14},{"passes":6716,"fails":14,"name":"[quiz-detail] success","path":"::[quiz-detail] success","id":"6719d54de0da0cfb59497b1755be95e9"},{"path":"::[gradebook] status 200","id":"9186de991ebaa0ed414ff11baa5503d0","passes":5446,"fails":4,"name":"[gradebook] status 200"},{"passes":5446,"fails":4,"name":"[gradebook] success","path":"::[gradebook] success","id":"a15a69867e50cddaa06c049f7cde480d"},{"name":"[materials-list] status 200","path":"::[materials-list] status 200","id":"463a16ce0b1d8abee844a574ea056361","passes":5346,"fails":14},{"fails":14,"name":"[materials-list] success","path":"::[materials-list] success","id":"664e43a5933df86e3bab167b84d274ca","passes":5346},{"name":"[start-attempt] status 201 or 400","path":"::[start-attempt] status 201 or 400","id":"33680026b6a14104cfefb4ee3b4b083d","passes":2637,"fails":8},{"name":"[submit-assignment] status 201 or 400","path":"::[submit-assignment] status 201 or 400","id":"c6b8e5b4b95e1cad4532c36b70154d08","passes":2735,"fails":2}],"name":"","path":"","id":"d41d8cd98f00b204e9800998ecf8427e"}}