{"options":{"summaryTrendStats":["avg","min","med","max","p(90)","p(95)","p(99)"],"summaryTimeUnit":"","noColor":false},"state":{"isStdOutTTY":false,"isStdErrTTY":false,"testRunDurationMs":391517.103186},"metrics":{"http_req_connecting":{"type":"trend","contains":"time","values":{"p(90)":0,"p(95)":0,"p(99)":0.22406641000000008,"avg":0.008078787599299848,"min":0,"med":0,"max":20.138928}},"http_req_receiving":{"values":{"max":61.409866,"p(90)":0.31031179999999997,"p(95)":0.41920104999999996,"p(99)":1.0077377200000004,"avg":0.21024659738117546,"min":0.029915,"med":0.140623},"type":"trend","contains":"time"},"vus":{"type":"gauge","contains":"default","values":{"max":750,"value":2,"min":2}},"submit_assignment_duration":{"type":"trend","contains":"time","values":{"max":9886.975751,"p(90)":8893.5695519,"p(95)":9035.8128072,"p(99)":9276.444717549999,"avg":7743.378238444755,"min":45.521554,"med":8454.739615999999}},"iterations":{"type":"counter","contains":"default","values":{"count":29708,"rate":75.87918831195088}},"gradebook_duration":{"type":"trend","contains":"time","values":{"max":9850.646483,"p(90)":8577.5275944,"p(95)":8699.324418,"p(99)":8915.821719999998,"avg":7434.165733417636,"min":21.32631,"med":8163.997637}},"iteration_duration":{"contains":"time","values":{"med":9438.992481000001,"max":11842.761842,"p(90)":10255.6371476,"p(95)":10437.57124025,"p(99)":10751.264659030001,"avg":8787.817902948611,"min":567.682017},"type":"trend"},"http_req_blocked":{"type":"trend","contains":"time","values":{"p(99)":0.34194020000000025,"avg":0.025457102665948472,"min":0.003319,"med":0.010793,"max":45.462609,"p(90)":0.017463399999999973,"p(95)":0.026920299999999994}},"http_req_duration":{"type":"trend","contains":"time","values":{"p(90)":8727.4919414,"p(95)":8854.6951223,"p(99)":9110.738837379999,"avg":7538.791527873065,"min":21.32631,"med":8266.9481205,"max":10934.367081},"thresholds":{"p(95)<2000":{"ok":false}}},"vus_max":{"type":"gauge","contains":"default","values":{"max":750,"value":750,"min":750}},"http_req_failed":{"contains":"default","values":{"rate":0,"passes":0,"fails":29708},"thresholds":{"rate<0.10":{"ok":true}},"type":"rate"},"checks":{"contains":"default","values":{"rate":1,"passes":53458,"fails":0},"type":"rate"},"data_sent":{"type":"counter","contains":"data","values":{"count":3883273,"rate":9918.527104945282}},"start_attempt_duration":{"type":"trend","contains":"time","values":{"max":10088.664296,"p(90)":8744.2081304,"p(95)":8865.31041865,"p(99)":9166.18377828,"avg":7560.240953234788,"min":36.098965,"med":8304.687184}},"data_received":{"values":{"count":194635648,"rate":497131.9168846973},"type":"counter","contains":"data"},"errors":{"contains":"default","values":{"fails":0,"rate":0,"passes":0},"thresholds":{"rate<0.10":{"ok":true}},"type":"rate"},"http_req_duration{expected_response:true}":{"type":"trend","contains":"time","values":{"p(99)":9110.738837379999,"avg":7538.791527873065,"min":21.32631,"med":8266.9481205,"max":10934.367081,"p(90)":8727.4919414,"p(95)":8854.6951223}},"http_req_waiting":{"type":"trend","contains":"time","values":{"avg":7538.536714313687,"min":21.113751,"med":8266.6823215,"max":10933.917347,"p(90)":8727.262763800001,"p(95)":8854.436116449999,"p(99)":9110.57046191}},"material_detail_duration":{"type":"trend","contains":"time","values":{"p(95)":8742.9715044,"p(99)":8980.22648542,"avg":7449.566280510894,"min":28.140809,"med":8203.376467,"max":10753.157969,"p(90)":8619.185259000002}},"http_req_tls_handshaking":{"type":"trend","contains":"time","values":{"min":0,"med":0,"max":0,"p(90)":0,"p(95)":0,"p(99)":0,"avg":0}},"quiz_detail_duration":{"type":"trend","contains":"time","values":{"avg":7642.695133511792,"min":27.964483,"med":8358.174415,"max":10934.367081,"p(90)":8798.7226537,"p(95)":8928.5676735,"p(99)":9153.018921930001}},"http_reqs":{"type":"counter","contains":"default","values":{"count":29708,"rate":75.87918831195088}},"materials_list_duration":{"type":"trend","contains":"time","values":{"p(95)":8796.898245499999,"p(99)":9012.484205670002,"avg":7468.692617910474,"min":26.004407,"med":8240.599737,"max":9938.789832,"p(90)":8669.7536198}},"http_req_sending":{"type":"trend","contains":"time","values":{"avg":0.04456696192944654,"min":0.008489,"med":0.0328895,"max":16.538513,"p(90)":0.053383799999999995,"p(95)":0.06861165000000001,"p(99)":0.13139441000000004}}},"root_group":{"path":"","id":"d41d8cd98f00b204e9800998ecf8427e","groups":[],"checks":[{"fails":0,"name":"[quiz-detail] status 200","path":"::[quiz-detail] status 200","id":"917c623bb77fd0f4c30b55655ab512f2","passes":7380},{"passes":7380,"fails":0,"name":"[quiz-detail] success","path":"::[quiz-detail] success","id":"6719d54de0da0cfb59497b1755be95e9"},{"name":"[materials-list] status 200","path":"::[materials-list] status 200","id":"463a16ce0b1d8abee844a574ea056361","passes":6008,"fails":0},{"name":"[materials-list] success","path":"::[materials-list] success","id":"664e43a5933df86e3bab167b84d274ca","passes":6008,"fails":0},{"path":"::[gradebook] status 200","id":"9186de991ebaa0ed414ff11baa5503d0","passes":6003,"fails":0,"name":"[gradebook] status 200"},{"name":"[gradebook] success","path":"::[gradebook] success","id":"a15a69867e50cddaa06c049f7cde480d","passes":6003,"fails":0},{"passes":4359,"fails":0,"name":"[material-detail] status 200","path":"::[material-detail] status 200","id":"a12462dd78c876a1d31a53eadf87e378"},{"name":"[material-detail] success","path":"::[material-detail] success","id":"3632f96ad89cbc27cd995a000cbd8596","passes":4359,"fails":0},{"passes":2968,"fails":0,"name":"[submit-assignment] status 201 or 400","path":"::[submit-assignment] status 201 or 400","id":"c6b8e5b4b95e1cad4532c36b70154d08"},{"name":"[start-attempt] status 201 or 400","path":"::[start-attempt] status 201 or 400","id":"33680026b6a14104cfefb4ee3b4b083d","passes":2990,"fails":0}],"name":""}}