{"state":{"isStdOutTTY":false,"isStdErrTTY":false,"testRunDurationMs":395337.595359},"metrics":{"http_req_tls_handshaking":{"type":"trend","contains":"time","values":{"p(99)":0,"avg":0,"min":0,"med":0,"max":0,"p(90)":0,"p(95)":0}},"http_reqs":{"values":{"count":23643,"rate":59.80458291230855},"type":"counter","contains":"default"},"data_received":{"type":"counter","contains":"data","values":{"count":87510158,"rate":221355.51748002457}},"errors":{"thresholds":{"rate<0.10":{"ok":true}},"type":"rate","contains":"default","values":{"passes":0,"fails":0,"rate":0}},"http_req_duration{expected_response:true}":{"type":"trend","contains":"time","values":{"p(95)":16395.5945076,"p(99)":16712.202551479997,"avg":14189.661723559884,"min":27.285961,"med":15627.848065,"max":18241.102802,"p(90)":16227.9148236}},"data_sent":{"type":"counter","contains":"data","values":{"count":4489512,"rate":11356.14738568727}},"assignment_detail_duration":{"type":"trend","contains":"time","values":{"max":17549.866012,"p(90)":16076.0452406,"p(95)":16226.4707102,"p(99)":16543.82885524,"avg":14127.144608677794,"min":27.285961,"med":15521.472059}},"vus":{"contains":"default","values":{"value":4,"min":2,"max":1000},"type":"gauge"},"http_req_duration":{"type":"trend","contains":"time","values":{"p(90)":16227.9148236,"p(95)":16395.5945076,"p(99)":16712.202551479997,"avg":14189.661723559884,"min":27.285961,"med":15627.848065,"max":18241.102802},"thresholds":{"p(95)<3000":{"ok":false}}},"http_req_failed":{"values":{"rate":0,"passes":0,"fails":23643},"thresholds":{"rate<0.10":{"ok":true}},"type":"rate","contains":"default"},"http_req_sending":{"type":"trend","contains":"time","values":{"min":0.007731,"med":0.041131,"max":29.641075,"p(90)":0.06847679999999999,"p(95)":0.09681559999999986,"p(99)":0.19095671999999755,"avg":0.05663956046187033}},"http_req_waiting":{"type":"trend","contains":"time","values":{"min":27.023641,"med":15627.655664,"max":18240.775262,"p(90)":16227.5664798,"p(95)":16395.376192999996,"p(99)":16712.01838144,"avg":14189.381874871413}},"gradebook_duration":{"type":"trend","contains":"time","values":{"max":18241.102802,"p(90)":16317.0637429,"p(95)":16472.05796975,"p(99)":16760.67937613,"avg":14354.070812728607,"min":45.087593,"med":15731.030265500001}},"submit_quiz_duration":{"type":"trend","contains":"time","values":{"avg":14230.39196121692,"min":47.404134,"med":15753.622762,"max":18003.626854,"p(90)":16373.4759296,"p(95)":16531.0912786,"p(99)":16841.313617519998}},"iteration_duration":{"type":"trend","contains":"time","values":{"p(95)":32717.483364,"p(99)":33383.7315194,"avg":17918.935056058457,"min":358.083895,"med":16663.12618,"max":35697.802976,"p(90)":32172.923012}},"http_req_receiving":{"type":"trend","contains":"time","values":{"med":0.145043,"max":68.261254,"p(90)":0.293558,"p(95)":0.42983969999999894,"p(99)":1.0971308399999995,"avg":0.22320912786025482,"min":0.028887}},"http_req_blocked":{"values":{"p(99)":0.41372148,"avg":0.038590513090554994,"min":0.003303,"med":0.011195,"max":27.627756,"p(90)":0.022232799999999997,"p(95)":0.04483939999999914},"type":"trend","contains":"time"},"checks":{"type":"rate","contains":"default","values":{"fails":5,"rate":0.9998665278556366,"passes":37456}},"iterations":{"type":"counter","contains":"default","values":{"count":19716,"rate":49.87130045675571}},"http_req_connecting":{"type":"trend","contains":"time","values":{"p(99)":0.2701724799999997,"avg":0.018658948906653126,"min":0,"med":0,"max":27.518715,"p(90)":0,"p(95)":0}},"vus_max":{"type":"gauge","contains":"default","values":{"value":1000,"min":1000,"max":1000}},"submit_assignment_duration":{"type":"trend","contains":"time","values":{"med":15631.973897,"max":17757.066615,"p(90)":16205.426446399999,"p(95)":16364.4030188,"p(99)":16654.34890032,"avg":14237.928583926503,"min":32.315378}},"grade_submission_duration":{"type":"trend","contains":"time","values":{"p(99)":16752.343472350003,"avg":14224.022629987721,"min":71.270703,"med":15685.007926,"max":17601.603137,"p(90)":16299.4510635,"p(95)":16455.90237325}}},"root_group":{"name":"","path":"","id":"d41d8cd98f00b204e9800998ecf8427e","groups":[],"checks":[{"name":"[gradebook] status 200","path":"::[gradebook] status 200","id":"9186de991ebaa0ed414ff11baa5503d0","passes":3990,"fails":0},{"name":"[gradebook] success","path":"::[gradebook] success","id":"a15a69867e50cddaa06c049f7cde480d","passes":3990,"fails":0},{"fails":0,"name":"[assignment-detail] status 200","path":"::[assignment-detail] status 200","id":"e710e6c64d866e8aa495eeee12857a96","passes":3945},{"id":"2eca0bd45992b6c1691069c6af81d1ee","passes":3945,"fails":0,"name":"[assignment-detail] success","path":"::[assignment-detail] success"},{"name":"[submit-assignment] status 201 or 400","path":"::[submit-assignment] status 201 or 400","id":"c6b8e5b4b95e1cad4532c36b70154d08","passes":5893,"fails":0},{"id":"18f54229dcbc1aba2aecf8a61f0db771","passes":3927,"fails":5,"name":"[quiz-attempt] start 201","path":"::[quiz-attempt] start 201"},{"name":"[quiz-attempt] submit 200","path":"::[quiz-attempt] submit 200","id":"3aac290b0fb83ec96bbf8f19a1813a81","passes":3927,"fails":0},{"fails":0,"name":"[quiz-attempt] success","path":"::[quiz-attempt] success","id":"6398ec5c83f0a8abdc14be5794d5070f","passes":3927},{"path":"::[grade-submission] status 200","id":"0b00b1c9fc4243dfcbcade089d53f4c1","passes":1956,"fails":0,"name":"[grade-submission] status 200"},{"name":"[grade-submission] success","path":"::[grade-submission] success","id":"dc7c3576ea1686ed510a59cbde26957e","passes":1956,"fails":0}]},"options":{"summaryTimeUnit":"","noColor":false,"summaryTrendStats":["avg","min","med","max","p(90)","p(95)","p(99)"]}}