{"metrics":{"http_req_failed":{"thresholds":{"rate<0.10":{"ok":true}},"type":"rate","contains":"default","values":{"rate":0,"passes":0,"fails":21550}},"http_reqs":{"values":{"count":21550,"rate":55.07599046091209},"type":"counter","contains":"default"},"data_sent":{"values":{"count":4068928,"rate":10399.083049379959},"type":"counter","contains":"data"},"data_received":{"type":"counter","contains":"data","values":{"rate":212927.26513817333,"count":83313664}},"http_req_duration{expected_response:true}":{"type":"trend","contains":"time","values":{"med":869.6421795,"max":3428.729418,"p(90)":1337.518705,"p(95)":1482.7168912999998,"p(99)":1859.7820851699996,"avg":847.95213509299,"min":26.983299}},"http_req_waiting":{"type":"trend","contains":"time","values":{"max":3428.509229,"p(90)":1337.2771035,"p(95)":1482.4993953499998,"p(99)":1859.6094235699995,"avg":847.6645686799576,"min":26.81183,"med":869.3879735}},"gradebook_duration":{"type":"trend","contains":"time","values":{"avg":929.46773905906,"min":40.706703,"med":973.536495,"max":3007.059557,"p(90)":1420.590007,"p(95)":1556.3405417999995,"p(99)":1902.2673806399944}},"assignment_detail_duration":{"type":"trend","contains":"time","values":{"min":26.983299,"med":762.031928,"max":3428.729418,"p(90)":1126.2703290000002,"p(95)":1243.0744591999992,"p(99)":1617.3461125200001,"avg":723.26408542102}},"vus":{"type":"gauge","contains":"default","values":{"value":1,"min":1,"max":100}},"grade_submission_duration":{"type":"trend","contains":"time","values":{"avg":931.2547806124119,"min":39.157491,"med":968.982092,"max":2874.093379,"p(90)":1406.1333774,"p(95)":1606.434806,"p(99)":2033.183606559999}},"checks":{"values":{"rate":0.9997954830981389,"passes":34220,"fails":7},"type":"rate","contains":"default"},"http_req_blocked":{"type":"trend","contains":"time","values":{"avg":0.017526711136890864,"min":0.003103,"med":0.011342,"max":21.838349,"p(90)":0.017794700000000038,"p(95)":0.02588084999999998,"p(99)":0.05914121999999997}},"iterations":{"type":"counter","contains":"default","values":{"count":18088,"rate":46.22805176134468}},"vus_max":{"type":"gauge","contains":"default","values":{"value":100,"min":100,"max":100}},"http_req_sending":{"type":"trend","contains":"time","values":{"p(99)":0.18914767999999862,"avg":0.05914499225057983,"min":0.006814,"med":0.04103,"max":34.26863,"p(90)":0.06403110000000002,"p(95)":0.07660439999999999}},"http_req_duration":{"type":"trend","contains":"time","values":{"avg":847.95213509299,"min":26.983299,"med":869.6421795,"max":3428.729418,"p(90)":1337.518705,"p(95)":1482.7168912999998,"p(99)":1859.7820851699996},"thresholds":{"p(95)<3000":{"ok":true}}},"submit_assignment_duration":{"contains":"time","values":{"min":34.715288,"med":874.182107,"max":3212.812214,"p(90)":1297.2453618,"p(95)":1433.3287986999997,"p(99)":1779.093136870002,"avg":836.9546969076606},"type":"trend"},"submit_quiz_duration":{"type":"trend","contains":"time","values":{"avg":982.3233201054285,"min":45.19739,"med":1034.1043020000002,"max":3120.380211,"p(90)":1482.7926474,"p(95)":1636.5970079999995,"p(99)":1990.2168490999989}},"http_req_receiving":{"type":"trend","contains":"time","values":{"min":0.031437,"med":0.151123,"max":66.058983,"p(90)":0.2986348000000001,"p(95)":0.43996579999999974,"p(99)":1.0969359499999936,"avg":0.22842142078886288}},"errors":{"thresholds":{"rate<0.10":{"ok":true}},"type":"rate","contains":"default","values":{"rate":0,"passes":0,"fails":0}},"http_req_connecting":{"type":"trend","contains":"time","values":{"p(90)":0,"p(95)":0,"p(99)":0,"avg":0.0016667415313225055,"min":0,"med":0,"max":2.125136}},"http_req_tls_handshaking":{"type":"trend","contains":"time","values":{"p(90)":0,"p(95)":0,"p(99)":0,"avg":0,"min":0,"med":0,"max":0}},"iteration_duration":{"type":"trend","contains":"time","values":{"p(99)":3731.6610916000027,"avg":1912.2750755121494,"min":336.43334,"med":1865.6957605,"max":5572.568836,"p(90)":2781.8244742,"p(95)":3124.2074523}}},"root_group":{"name":"","path":"","id":"d41d8cd98f00b204e9800998ecf8427e","groups":[],"checks":[{"fails":0,"name":"[gradebook] status 200","path":"::[gradebook] status 200","id":"9186de991ebaa0ed414ff11baa5503d0","passes":3725},{"fails":0,"name":"[gradebook] success","path":"::[gradebook] success","id":"a15a69867e50cddaa06c049f7cde480d","passes":3725},{"name":"[assignment-detail] status 200","path":"::[assignment-detail] status 200","id":"e710e6c64d866e8aa495eeee12857a96","passes":3653,"fails":0},{"name":"[assignment-detail] success","path":"::[assignment-detail] success","id":"2eca0bd45992b6c1691069c6af81d1ee","passes":3653,"fails":0},{"name":"[quiz-attempt] start 201","path":"::[quiz-attempt] start 201","id":"18f54229dcbc1aba2aecf8a61f0db771","passes":3462,"fails":7},{"name":"[submit-assignment] status 201 or 400","path":"::[submit-assignment] status 201 or 400","id":"c6b8e5b4b95e1cad4532c36b70154d08","passes":5404,"fails":0},{"id":"3aac290b0fb83ec96bbf8f19a1813a81","passes":3462,"fails":0,"name":"[quiz-attempt] submit 200","path":"::[quiz-attempt] submit 200"},{"passes":3462,"fails":0,"name":"[quiz-attempt] success","path":"::[quiz-attempt] success","id":"6398ec5c83f0a8abdc14be5794d5070f"},{"id":"0b00b1c9fc4243dfcbcade089d53f4c1","passes":1837,"fails":0,"name":"[grade-submission] status 200","path":"::[grade-submission] status 200"},{"name":"[grade-submission] success","path":"::[grade-submission] success","id":"dc7c3576ea1686ed510a59cbde26957e","passes":1837,"fails":0}]},"options":{"summaryTrendStats":["avg","min","med","max","p(90)","p(95)","p(99)"],"summaryTimeUnit":"","noColor":false},"state":{"isStdOutTTY":false,"isStdErrTTY":false,"testRunDurationMs":391277.575213}}