{"options":{"noColor":false,"summaryTrendStats":["avg","min","med","max","p(90)","p(95)","p(99)"],"summaryTimeUnit":""},"state":{"isStdOutTTY":false,"isStdErrTTY":false,"testRunDurationMs":403067.126041},"metrics":{"http_req_sending":{"type":"trend","contains":"time","values":{"med":0.0712565,"max":78.839699,"p(90)":0.113645,"p(95)":0.13339475,"p(99)":0.2426123499999999,"avg":0.09297180866263856,"min":0}},"data_sent":{"type":"counter","contains":"data","values":{"count":4646655,"rate":11528.24107894957}},"data_received":{"type":"counter","contains":"data","values":{"count":91180339,"rate":226216.26302196903}},"submit_assignment_duration":{"type":"trend","contains":"time","values":{"max":26416.672853,"p(90)":24708.6710816,"p(95)":24882.034917200002,"p(99)":25193.73798672,"avg":21155.799375390332,"min":0.191076,"med":23945.795974}},"submit_quiz_duration":{"type":"trend","contains":"time","values":{"med":24080.07548,"max":26446.076795,"p(90)":24882.8386008,"p(95)":25055.3569632,"p(99)":25356.052969840002,"avg":21458.272616958908,"min":0.144841}},"grade_submission_duration":{"contains":"time","values":{"med":24045.847586,"max":25675.292373,"p(90)":24845.5662056,"p(95)":25032.4460114,"p(99)":25291.096928919997,"avg":21090.045722197607,"min":0},"type":"trend"},"vus_max":{"type":"gauge","contains":"default","values":{"value":1500,"min":1500,"max":1500}},"assignment_detail_duration":{"type":"trend","contains":"time","values":{"avg":20940.717249124467,"min":0.186702,"med":23796.4143445,"max":25678.999125,"p(90)":24580.9657955,"p(95)":24750.71252,"p(99)":25002.548911250004}},"iterations":{"type":"counter","contains":"default","values":{"count":20452,"rate":50.7409279463779}},"http_reqs":{"type":"counter","contains":"default","values":{"rate":60.77399623383889,"count":24496}},"gradebook_duration":{"values":{"p(99)":25357.477871399995,"avg":21158.48105537104,"min":0.230552,"med":24021.909596999998,"max":27006.159588,"p(90)":24859.8037669,"p(95)":25042.3954381},"type":"trend","contains":"time"},"http_req_waiting":{"values":{"max":27005.615044,"p(90)":24740.661501000002,"p(95)":24925.259453749997,"p(99)":25243.1315338,"avg":21126.093348175797,"min":0,"med":23932.8528225},"type":"trend","contains":"time"},"iteration_duration":{"type":"trend","contains":"time","values":{"max":52597.895606,"p(90)":48745.4267404,"p(95)":49494.4486764,"p(99)":50375.06911794,"avg":26140.930776967532,"min":307.090947,"med":25000.2465695}},"http_req_failed":{"type":"rate","contains":"default","values":{"fails":24106,"rate":0.01592096668843893,"passes":390},"thresholds":{"rate<0.10":{"ok":true}}},"vus":{"values":{"value":1,"min":1,"max":1500},"type":"gauge","contains":"default"},"http_req_duration{expected_response:true}":{"contains":"time","values":{"max":27006.159588,"p(90)":24745.8237325,"p(95)":24930.3964275,"p(99)":25246.662590300002,"avg":21468.107651045946,"min":30.896872,"med":23950.631209},"type":"trend"},"http_req_connecting":{"values":{"p(95)":0.37001249999999997,"p(99)":1.042231999999996,"avg":0.24008241414924927,"min":0,"med":0.206466,"max":97.984306,"p(90)":0.293708},"type":"trend","contains":"time"},"http_req_tls_handshaking":{"type":"trend","contains":"time","values":{"p(99)":0,"avg":0,"min":0,"med":0,"max":0,"p(90)":0,"p(95)":0}},"http_req_receiving":{"type":"trend","contains":"time","values":{"avg":0.20568178861855044,"min":0,"med":0.145791,"max":55.089204,"p(90)":0.2715645,"p(95)":0.385011,"p(99)":1.005955899999995}},"checks":{"contains":"default","values":{"rate":0.98406837430283,"passes":38111,"fails":617},"type":"rate"},"errors":{"type":"rate","contains":"default","values":{"passes":315,"fails":0,"rate":1},"thresholds":{"rate<0.10":{"ok":false}}},"http_req_blocked":{"type":"trend","contains":"time","values":{"max":98.034335,"p(90)":0.413997,"p(95)":0.5079549999999999,"p(99)":1.3002917999999963,"avg":0.3249302698399747,"min":0.00386,"med":0.2911045}},"http_req_duration":{"thresholds":{"p(95)<3000":{"ok":false}},"type":"trend","contains":"time","values":{"avg":21126.392001772856,"min":0,"med":23933.164952,"max":27006.159588,"p(90)":24740.913244000003,"p(95)":24925.60550275,"p(99)":25243.44345495}}},"root_group":{"path":"","id":"d41d8cd98f00b204e9800998ecf8427e","groups":[],"checks":[{"passes":4071,"fails":75,"name":"[assignment-detail] status 200","path":"::[assignment-detail] status 200","id":"e710e6c64d866e8aa495eeee12857a96"},{"name":"[assignment-detail] success","path":"::[assignment-detail] success","id":"2eca0bd45992b6c1691069c6af81d1ee","passes":4071,"fails":75},{"id":"c6b8e5b4b95e1cad4532c36b70154d08","passes":6046,"fails":97,"name":"[submit-assignment] status 201 or 400","path":"::[submit-assignment] status 201 or 400"},{"name":"[grade-submission] status 200","path":"::[grade-submission] status 200","id":"0b00b1c9fc4243dfcbcade089d53f4c1","passes":1955,"fails":34},{"name":"[grade-submission] success","path":"::[grade-submission] success","id":"dc7c3576ea1686ed510a59cbde26957e","passes":1955,"fails":34},{"name":"[gradebook] status 200","path":"::[gradebook] status 200","id":"9186de991ebaa0ed414ff11baa5503d0","passes":4054,"fails":56},{"passes":4054,"fails":56,"name":"[gradebook] success","path":"::[gradebook] success","id":"a15a69867e50cddaa06c049f7cde480d"},{"name":"[quiz-attempt] start 201","path":"::[quiz-attempt] start 201","id":"18f54229dcbc1aba2aecf8a61f0db771","passes":4037,"fails":84},{"passes":3934,"fails":53,"name":"[quiz-attempt] submit 200","path":"::[quiz-attempt] submit 200","id":"3aac290b0fb83ec96bbf8f19a1813a81"},{"name":"[quiz-attempt] success","path":"::[quiz-attempt] success","id":"6398ec5c83f0a8abdc14be5794d5070f","passes":3934,"fails":53}],"name":""}}