{"options":{"summaryTrendStats":["avg","min","med","max","p(90)","p(95)","p(99)"],"summaryTimeUnit":"","noColor":false},"state":{"isStdOutTTY":false,"isStdErrTTY":false,"testRunDurationMs":411777.685308},"metrics":{"vus_max":{"type":"gauge","contains":"default","values":{"value":2000,"min":1141,"max":2000}},"errors":{"type":"rate","contains":"default","values":{"rate":1,"passes":16511,"fails":0},"thresholds":{"rate<0.10":{"ok":false}}},"http_req_connecting":{"contains":"time","values":{"p(95)":0.5223475,"p(99)":1.56753475,"avg":0.31389072102153537,"min":0,"med":0.2172075,"max":57.601486,"p(90)":0.3199535},"type":"trend"},"http_req_waiting":{"contains":"time","values":{"p(95)":30004.82685225,"p(99)":30017.421303000003,"avg":27109.336313791846,"min":0.070189,"med":30000.2499845,"max":30070.392881,"p(90)":30000.966333999997},"type":"trend"},"grade_submission_duration":{"type":"trend","contains":"time","values":{"p(90)":30000.9936737,"p(95)":30003.734746150003,"p(99)":30017.34993787,"avg":27604.23100574878,"min":0.807517,"med":30000.35772,"max":30049.083417}},"vus":{"contains":"default","values":{"min":0,"max":2000,"value":5},"type":"gauge"},"data_sent":{"type":"counter","contains":"data","values":{"count":4354728,"rate":10575.434646835625}},"http_reqs":{"type":"counter","contains":"default","values":{"count":25726,"rate":62.47545925359593}},"submit_quiz_duration":{"values":{"avg":18238.121735203546,"min":0.255921,"med":23065.507653499997,"max":27435.652966,"p(90)":26149.902218,"p(95)":26514.27611265,"p(99)":26839.38422279},"type":"trend","contains":"time"},"iterations":{"type":"counter","contains":"default","values":{"count":24825,"rate":60.28738536774154}},"http_req_duration":{"type":"trend","contains":"time","values":{"avg":27109.468248436857,"min":0.142307,"med":30000.3312765,"max":30070.467974,"p(90)":30001.037083,"p(95)":30004.90219175,"p(99)":30017.49651725},"thresholds":{"p(95)<3000":{"ok":false}}},"http_req_failed":{"values":{"rate":0.8001243877789007,"passes":20584,"fails":5142},"thresholds":{"rate<0.10":{"ok":false}},"type":"rate","contains":"default"},"http_req_duration{expected_response:true}":{"type":"trend","contains":"time","values":{"p(99)":29686.61705548,"avg":15597.557744714319,"min":35.936091,"med":16063.7150755,"max":29986.842602,"p(90)":26716.548770800007,"p(95)":28421.618040449997}},"checks":{"type":"rate","contains":"default","values":{"rate":0.2082788000102651,"passes":8116,"fails":30851}},"iteration_duration":{"type":"trend","contains":"time","values":{"p(99)":46949.23040815997,"avg":28934.152735332806,"min":348.223256,"med":30812.928425,"max":56094.56169,"p(90)":31390.4889214,"p(95)":31462.2590682}},"http_req_receiving":{"contains":"time","values":{"med":0,"max":31.670548,"p(90)":0.14985300000000001,"p(95)":0.18748550000000003,"p(99)":0.435637,"avg":0.04218508547772677,"min":0},"type":"trend"},"data_received":{"values":{"count":19244574,"rate":46735.3494048749},"type":"counter","contains":"data"},"http_req_sending":{"type":"trend","contains":"time","values":{"med":0.07429,"max":50.878086,"p(90)":0.1136895,"p(95)":0.13535675,"p(99)":0.232266,"avg":0.08974955978387644,"min":0.010568}},"assignment_detail_duration":{"type":"trend","contains":"time","values":{"p(95)":30005.935724400002,"p(99)":30018.80055076,"avg":27446.832827700695,"min":1.056605,"med":30000.3677,"max":30070.467974,"p(90)":30001.041976200002}},"http_req_tls_handshaking":{"type":"trend","contains":"time","values":{"p(99)":0,"avg":0,"min":0,"med":0,"max":0,"p(90)":0,"p(95)":0}},"submit_assignment_duration":{"values":{"max":30069.813839,"p(90)":30001.039186,"p(95)":30004.716359,"p(99)":30017.4985148,"avg":27350.024608922795,"min":0.142307,"med":30000.353614},"type":"trend","contains":"time"},"gradebook_duration":{"type":"trend","contains":"time","values":{"max":30055.70584,"p(90)":30001.090302999997,"p(95)":30005.73273775,"p(99)":30016.818978249998,"avg":27373.445870379826,"min":101.871629,"med":30000.3644375}},"http_req_blocked":{"values":{"max":73.87435,"p(90)":0.451382,"p(95)":0.6509655,"p(99)":1.82723125,"avg":0.41029085640985397,"min":0.003856,"med":0.30287949999999997},"type":"trend","contains":"time"}},"root_group":{"id":"d41d8cd98f00b204e9800998ecf8427e","groups":[],"checks":[{"path":"::[assignment-detail] status 200","id":"e710e6c64d866e8aa495eeee12857a96","passes":856,"fails":4139,"name":"[assignment-detail] status 200"},{"name":"[assignment-detail] success","path":"::[assignment-detail] success","id":"2eca0bd45992b6c1691069c6af81d1ee","passes":856,"fails":4139},{"name":"[quiz-attempt] start 201","path":"::[quiz-attempt] start 201","id":"18f54229dcbc1aba2aecf8a61f0db771","passes":850,"fails":4074},{"name":"[submit-assignment] status 201 or 400","path":"::[submit-assignment] status 201 or 400","id":"c6b8e5b4b95e1cad4532c36b70154d08","passes":1316,"fails":6245},{"name":"[gradebook] status 200","path":"::[gradebook] status 200","id":"9186de991ebaa0ed414ff11baa5503d0","passes":839,"fails":4037},{"name":"[gradebook] success","path":"::[gradebook] success","id":"a15a69867e50cddaa06c049f7cde480d","passes":839,"fails":4037},{"fails":2088,"name":"[grade-submission] status 200","path":"::[grade-submission] status 200","id":"0b00b1c9fc4243dfcbcade089d53f4c1","passes":432},{"name":"[grade-submission] success","path":"::[grade-submission] success","id":"dc7c3576ea1686ed510a59cbde26957e","passes":432,"fails":2088},{"name":"[quiz-attempt] submit 200","path":"::[quiz-attempt] submit 200","id":"3aac290b0fb83ec96bbf8f19a1813a81","passes":848,"fails":2},{"name":"[quiz-attempt] success","path":"::[quiz-attempt] success","id":"6398ec5c83f0a8abdc14be5794d5070f","passes":848,"fails":2}],"name":"","path":""}}