{"metrics":{"errors":{"contains":"default","values":{"passes":0,"fails":0,"rate":0},"thresholds":{"rate<0.10":{"ok":true}},"type":"rate"},"http_req_blocked":{"type":"trend","contains":"time","values":{"med":0.011206,"max":42.078217,"p(90)":0.020194,"p(95)":0.028875849999999998,"p(99)":0.3773433499999994,"avg":0.031764488616307526,"min":0.002921}},"http_req_connecting":{"type":"trend","contains":"time","values":{"med":0,"max":36.412495,"p(90)":0,"p(95)":0,"p(99)":0.24364898999999987,"avg":0.01080673142428521,"min":0}},"gradebook_duration":{"type":"trend","contains":"time","values":{"med":7630.713931,"max":9637.873016,"p(90)":8279.123652,"p(95)":8464.00878475,"p(99)":8870.1557669,"avg":7010.567734805538,"min":46.108463}},"data_sent":{"type":"counter","contains":"data","values":{"count":4311974,"rate":11025.860910836022}},"http_req_duration":{"contains":"time","values":{"p(90)":8205.9600053,"p(95)":8402.01226435,"p(99)":8787.898578639999,"avg":6931.407747523117,"min":24.985443,"med":7537.575185,"max":11034.713025},"thresholds":{"p(95)<3000":{"ok":false}},"type":"trend"},"iterations":{"type":"counter","contains":"default","values":{"rate":48.29468707904081,"count":18887}},"http_req_failed":{"type":"rate","contains":"default","values":{"rate":0,"passes":0,"fails":22664},"thresholds":{"rate<0.10":{"ok":true}}},"http_reqs":{"type":"counter","contains":"default","values":{"count":22664,"rate":57.95260168154715}},"http_req_duration{expected_response:true}":{"type":"trend","contains":"time","values":{"avg":6931.407747523117,"min":24.985443,"med":7537.575185,"max":11034.713025,"p(90)":8205.9600053,"p(95)":8402.01226435,"p(99)":8787.898578639999}},"checks":{"type":"rate","contains":"default","values":{"rate":0.9997772766502409,"passes":35911,"fails":8}},"vus":{"type":"gauge","contains":"default","values":{"value":6,"min":3,"max":500}},"submit_assignment_duration":{"type":"trend","contains":"time","values":{"p(90)":8195.963289099998,"p(95)":8384.9173719,"p(99)":8754.030706149999,"avg":6953.837990829318,"min":34.834204,"med":7539.906611,"max":10416.331725}},"assignment_detail_duration":{"type":"trend","contains":"time","values":{"p(95)":8187.471756800001,"p(99)":8496.028673820001,"avg":6803.378293429625,"min":24.985443,"med":7417.001249,"max":9284.158483,"p(90)":8025.6914405}},"http_req_waiting":{"type":"trend","contains":"time","values":{"p(99)":8787.72578053,"avg":6931.117703987249,"min":24.755601,"med":7537.242568,"max":11034.501616,"p(90)":8205.5843517,"p(95)":8401.79411245}},"vus_max":{"contains":"default","values":{"value":500,"min":500,"max":500},"type":"gauge"},"submit_quiz_duration":{"type":"trend","contains":"time","values":{"min":47.918225,"med":7674.908222,"max":11034.713025,"p(90)":8377.3410872,"p(95)":8569.432947599998,"p(99)":8942.013891759996,"avg":7057.701754350264}},"http_req_sending":{"type":"trend","contains":"time","values":{"min":0.009629,"med":0.0409785,"max":36.597948,"p(90)":0.0655945,"p(95)":0.08599274999999998,"p(99)":0.19463717999999927,"avg":0.0553449388898701}},"http_req_receiving":{"type":"trend","contains":"time","values":{"p(99)":1.0816936899999998,"avg":0.23469859698199633,"min":0.029791,"med":0.150832,"max":47.263408,"p(90)":0.2931878000000001,"p(95)":0.4369994999999998}},"grade_submission_duration":{"type":"trend","contains":"time","values":{"p(90)":8278.3614813,"p(95)":8470.61871615,"p(99)":8920.09304652,"avg":6980.832780266264,"min":48.24078,"med":7618.9180955,"max":9846.748484}},"http_req_tls_handshaking":{"type":"trend","contains":"time","values":{"p(90)":0,"p(95)":0,"p(99)":0,"avg":0,"min":0,"med":0,"max":0}},"data_received":{"type":"counter","contains":"data","values":{"count":82738941,"rate":211566.22358480544}},"iteration_duration":{"type":"trend","contains":"time","values":{"min":364.967383,"med":8590.594077,"max":19698.720193,"p(90)":16056.598689600001,"p(95)":16618.5154115,"p(99)":17377.878531619997,"avg":9219.41191576845}}},"root_group":{"checks":[{"name":"[quiz-attempt] start 201","path":"::[quiz-attempt] start 201","id":"18f54229dcbc1aba2aecf8a61f0db771","passes":3777,"fails":8},{"name":"[submit-assignment] status 201 or 400","path":"::[submit-assignment] status 201 or 400","id":"c6b8e5b4b95e1cad4532c36b70154d08","passes":5624,"fails":0},{"path":"::[quiz-attempt] submit 200","id":"3aac290b0fb83ec96bbf8f19a1813a81","passes":3777,"fails":0,"name":"[quiz-attempt] submit 200"},{"fails":0,"name":"[quiz-attempt] success","path":"::[quiz-attempt] success","id":"6398ec5c83f0a8abdc14be5794d5070f","passes":3777},{"name":"[gradebook] status 200","path":"::[gradebook] status 200","id":"9186de991ebaa0ed414ff11baa5503d0","passes":3816,"fails":0},{"name":"[gradebook] success","path":"::[gradebook] success","id":"a15a69867e50cddaa06c049f7cde480d","passes":3816,"fails":0},{"path":"::[assignment-detail] status 200","id":"e710e6c64d866e8aa495eeee12857a96","passes":3694,"fails":0,"name":"[assignment-detail] status 200"},{"name":"[assignment-detail] success","path":"::[assignment-detail] success","id":"2eca0bd45992b6c1691069c6af81d1ee","passes":3694,"fails":0},{"path":"::[grade-submission] status 200","id":"0b00b1c9fc4243dfcbcade089d53f4c1","passes":1968,"fails":0,"name":"[grade-submission] status 200"},{"fails":0,"name":"[grade-submission] success","path":"::[grade-submission] success","id":"dc7c3576ea1686ed510a59cbde26957e","passes":1968}],"name":"","path":"","id":"d41d8cd98f00b204e9800998ecf8427e","groups":[]},"options":{"summaryTimeUnit":"","noColor":false,"summaryTrendStats":["avg","min","med","max","p(90)","p(95)","p(99)"]},"state":{"isStdOutTTY":false,"isStdErrTTY":false,"testRunDurationMs":391078.214651}}