{"state":{"isStdOutTTY":false,"isStdErrTTY":false,"testRunDurationMs":391201.903534},"metrics":{"http_req_failed{ef:1}":{"type":"rate","contains":"default","values":{"rate":1,"passes":2064,"fails":0},"thresholds":{"rate<1.01":{"ok":true}}},"http_req_tls_handshaking":{"type":"trend","contains":"time","values":{"med":0,"max":0,"p(90)":0,"p(95)":0,"p(99)":0,"avg":0,"min":0}},"read_activity_duration":{"values":{"avg":5658.165994427063,"min":24.043221,"med":6192.3377495,"max":8467.134729,"p(90)":7192.0386773,"p(95)":7387.961400449999,"p(99)":7894.773276149996},"type":"trend","contains":"time"},"vus_max":{"type":"gauge","contains":"default","values":{"value":500,"min":500,"max":500}},"checks":{"type":"rate","contains":"default","values":{"rate":0.9606681248757208,"passes":24156,"fails":989}},"cascade_read_duration":{"type":"trend","contains":"time","values":{"p(90)":7275.9649953,"p(95)":7480.7795062,"p(99)":8062.70600939,"avg":5846.473406409434,"min":33.851614,"med":6292.594300999999,"max":8674.579723}},"http_req_blocked":{"type":"trend","contains":"time","values":{"avg":0.43267855633326396,"min":0.001162,"med":0.00672,"max":1025.202573,"p(90)":0.009084,"p(95)":0.011537799999999999,"p(99)":1.2959270000000032}},"grade_submission_duration":{"type":"trend","contains":"time","values":{"max":8400.058794,"p(90)":7128.1605064,"p(95)":7441.7716581999985,"p(99)":7861.38222168,"avg":5753.904869890381,"min":43.7934,"med":6263.356496}},"errors":{"type":"rate","contains":"default","values":{"rate":1,"passes":989,"fails":0}},"http_req_receiving":{"type":"trend","contains":"time","values":{"min":0.015294,"med":0.101254,"max":1533.22775,"p(90)":5.2373126000001164,"p(95)":31.147446999999993,"p(99)":112.0505743600003,"avg":5.504235203539473}},"submit_assignment_duration":{"contains":"time","values":{"max":8394.652307,"p(90)":7103.392825399999,"p(95)":7351.9605292,"p(99)":7783.601452680001,"avg":5724.109345015679,"min":25.792944,"med":6152.433888},"type":"trend"},"iteration_duration":{"values":{"max":24354.18753,"p(90)":14189.7483558,"p(95)":16032.056228799982,"p(99)":21327.388189640005,"avg":8430.049411820974,"min":369.993513,"med":7371.4092144999995},"type":"trend","contains":"time"},"grade_update_duration":{"type":"trend","contains":"time","values":{"avg":5511.789994040868,"min":14.773198,"med":6001.142419,"max":8015.638632,"p(90)":6882.2078706,"p(95)":7135.537083399999,"p(99)":7581.507989119997}},"user_grades_duration":{"type":"trend","contains":"time","values":{"med":6173.210733,"max":9022.346681,"p(90)":7178.330661,"p(95)":7545.67570075,"p(99)":8058.865345390001,"avg":5777.135563996941,"min":18.670728}},"iterations":{"type":"counter","contains":"default","values":{"count":20654,"rate":52.79626661684924}},"submit_quiz_duration":{"type":"trend","contains":"time","values":{"p(95)":7864.545796799999,"p(99)":8395.60602574,"avg":6088.951687469151,"min":64.053425,"med":6563.375071,"max":8985.297342,"p(90)":7587.2731994}},"http_req_waiting":{"values":{"p(90)":7641.191109200001,"p(95)":10662.706076800001,"p(99)":13451.02391428,"avg":6180.775525368619,"min":14.666315,"med":6279.229162,"max":17275.933446},"type":"trend","contains":"time"},"http_req_duration{expected_response:true}":{"type":"trend","contains":"time","values":{"med":6326.4912635,"max":17372.155186,"p(90)":7826.066547400001,"p(95)":11116.8939957,"p(99)":13646.13287243,"avg":6262.849924133286,"min":18.670728}},"http_req_connecting":{"values":{"avg":0.4231308168621993,"min":0,"med":0,"max":1025.147618,"p(90)":0,"p(95)":0,"p(99)":1.2003483600000056},"type":"trend","contains":"time"},"vus":{"values":{"value":2,"min":2,"max":500},"type":"gauge","contains":"default"},"http_req_sending":{"contains":"time","values":{"med":0.027511,"max":19.154894,"p(90)":0.040872,"p(95)":0.050344999999999994,"p(99)":0.13564696000000076,"avg":0.03182157629747441,"min":0.004377},"type":"trend"},"http_reqs":{"type":"counter","contains":"default","values":{"count":25145,"rate":64.2762721061622}},"data_sent":{"type":"counter","contains":"data","values":{"count":5553106,"rate":14194.98716605138}},"http_req_duration":{"type":"trend","contains":"time","values":{"med":6280.302366,"max":17372.155186,"p(90)":7646.182941200001,"p(95)":10708.231766599998,"p(99)":13510.030127560012,"avg":6186.311582148458,"min":14.773198}},"marker_grade_duration":{"type":"trend","contains":"time","values":{"p(99)":7777.699784920004,"avg":5633.582989236258,"min":38.438442,"med":6177.06057,"max":8498.316782,"p(90)":7135.5817218,"p(95)":7388.948498799998}},"data_received":{"type":"counter","contains":"data","values":{"rate":4087941.839119937,"count":1599210629}},"material_download_duration":{"contains":"time","values":{"avg":5768.777970191346,"min":27.987453,"med":6212.6769305,"max":8024.95614,"p(90)":7080.7550498,"p(95)":7261.15648015,"p(99)":7697.450971059999},"type":"trend"},"http_req_failed":{"values":{"rate":0.1214157884271227,"passes":3053,"fails":22092},"thresholds":{"rate<0.15":{"ok":true}},"type":"rate","contains":"default"},"course_structure_duration":{"type":"trend","contains":"time","values":{"med":6340.0385675,"max":8687.186625,"p(90)":7299.2613686,"p(95)":7564.987454749999,"p(99)":8032.098855680001,"avg":5860.402894289327,"min":32.475912}},"gradebook_duration":{"contains":"time","values":{"med":11290.6316,"max":17372.155186,"p(90)":13729.1703154,"p(95)":14312.530733,"p(99)":15232.51450748,"avg":10976.970305646659,"min":253.706816},"type":"trend"}},"root_group":{"name":"","path":"","id":"d41d8cd98f00b204e9800998ecf8427e","groups":[],"checks":[{"name":"[wh-grade] status 200","path":"::[wh-grade] status 200","id":"747a63480c5228e4182e0b619fd4205c","passes":1049,"fails":0},{"name":"[wh-user-grades] status 200","path":"::[wh-user-grades] status 200","id":"827cabf91007e26e21b96eb0eaac2825","passes":978,"fails":0},{"name":"[wh-marker-grade] status 200","path":"::[wh-marker-grade] status 200","id":"549ffdbc72b97a1cd0f05b844dbb0567","passes":1037,"fails":0},{"fails":0,"name":"[wh-grade-update] status 200","path":"::[wh-grade-update] status 200","id":"e1c3184baa8417c6f8c9c7cd82501965","passes":1053},{"fails":0,"name":"[wh-grade-unauth] status 403","path":"::[wh-grade-unauth] status 403","id":"b9f37e7e4ff322953440a920c2825184","passes":1005},{"name":"[wh-quiz] start 201","path":"::[wh-quiz] start 201","id":"bc382dfba4db61bcda740eb7d13cbecd","passes":2415,"fails":582},{"path":"::[wh-quiz] submit 200","id":"4963f6adfea6303590e8a8e9c12d47a1","passes":2415,"fails":0,"name":"[wh-quiz] submit 200"},{"path":"::[wh-cascade-pre] status 200","id":"6cf217efe14ab595b837401653c393f9","passes":1038,"fails":0,"name":"[wh-cascade-pre] status 200"},{"passes":1038,"fails":0,"name":"[wh-cascade-write] status 200","path":"::[wh-cascade-write] status 200","id":"9791881937dbec10111f5684ec5d2a68"},{"name":"[wh-activity] status 200","path":"::[wh-activity] status 200","id":"aed3f8824d0bcca89ac7d3b2bf25119a","passes":1042,"fails":0},{"name":"[wh-gradebook] status 200","path":"::[wh-gradebook] status 200","id":"04f91da34414db0af1a48a98d41fa661","passes":2049,"fails":0},{"passes":1038,"fails":0,"name":"[wh-cascade-post] status 200","path":"::[wh-cascade-post] status 200","id":"2eaa088a823153fd8e84cbe4e79e632d"},{"fails":407,"name":"[wh-submit] status 201","path":"::[wh-submit] status 201","id":"49f223985d533388331178bd3e8d6a64","passes":3802},{"name":"[wh-structure] status 200","path":"::[wh-structure] status 200","id":"9f2134ec9c516bc3787570bcbc5bc9e6","passes":2098,"fails":0},{"name":"[wh-material-dl] status 200","path":"::[wh-material-dl] status 200","id":"182e87b5d3b46cf8a10f81893f31e347","passes":1040,"fails":0},{"name":"[wh-cf-non-enrolled] status 403","path":"::[wh-cf-non-enrolled] status 403","id":"6a9d912d2aeb5ec6cb64307cca9056b8","passes":792,"fails":0},{"name":"[wh-cf-locked-grade] status 403","path":"::[wh-cf-locked-grade] status 403","id":"a0d2cffa4f26fbeb7022bec9298a706e","passes":267,"fails":0}]},"options":{"summaryTrendStats":["avg","min","med","max","p(90)","p(95)","p(99)"],