{"metrics":{"grade_update_duration":{"type":"trend","contains":"time","values":{"p(99)":12007.956590679994,"avg":9072.778632898906,"min":21.918741,"med":9771.925583,"max":12894.945256,"p(90)":10857.795168600001,"p(95)":11257.1617307}},"iterations":{"contains":"default","values":{"count":20714,"rate":52.87627271794954},"type":"counter"},"grade_submission_duration":{"type":"trend","contains":"time","values":{"med":9917.8113845,"max":12466.522532,"p(90)":11123.937886400001,"p(95)":11591.757696649998,"p(99)":12228.72660351,"avg":9175.869031083328,"min":33.662239}},"course_structure_duration":{"type":"trend","contains":"time","values":{"max":12842.404022,"p(90)":11223.582775,"p(95)":11669.85395,"p(99)":12398.8714911,"avg":9366.452093103879,"min":40.161859,"med":10062.780179}},"checks":{"type":"rate","contains":"default","values":{"passes":24263,"fails":1027,"rate":0.9593910636615263}},"data_received":{"type":"counter","contains":"data","values":{"count":1616294083,"rate":4125886.19895318}},"vus":{"values":{"value":1,"min":1,"max":750},"type":"gauge","contains":"default"},"user_grades_duration":{"type":"trend","contains":"time","values":{"avg":9096.833411514226,"min":26.622398,"med":9857.966956,"max":13117.992449,"p(90)":11173.1845372,"p(95)":11607.378314200001,"p(99)":12322.084875139999}},"marker_grade_duration":{"type":"trend","contains":"time","values":{"p(95)":11389.6751395,"p(99)":12225.427293300001,"avg":9100.75240775364,"min":38.864284,"med":9920.402448,"max":12477.222662,"p(90)":11036.559872}},"material_download_duration":{"values":{"med":9903.386453,"max":12473.920979,"p(90)":11036.6164324,"p(95)":11484.2164479,"p(99)":12101.24492847,"avg":9203.093908841603,"min":40.680377},"type":"trend","contains":"time"},"http_reqs":{"type":"counter","contains":"default","values":{"count":25290,"rate":64.55734947556937}},"errors":{"contains":"default","values":{"fails":0,"rate":1,"passes":1027},"type":"rate"},"http_req_tls_handshaking":{"type":"trend","contains":"time","values":{"min":0,"med":0,"max":0,"p(90)":0,"p(95)":0,"p(99)":0,"avg":0}},"http_req_duration":{"type":"trend","contains":"time","values":{"p(99)":17096.86162903,"avg":9656.837328087628,"min":21.918741,"med":10009.743752499999,"max":20815.272369,"p(90)":11894.194432200002,"p(95)":14574.183676899998}},"http_req_connecting":{"values":{"p(95)":0,"p(99)":1.935080950000006,"avg":0.36389868299723227,"min":0,"med":0,"max":1017.726925,"p(90)":0},"type":"trend","contains":"time"},"http_req_duration{expected_response:true}":{"type":"trend","contains":"time","values":{"p(95)":14922.132221299997,"p(99)":17222.153720249997,"avg":9720.799422428461,"min":23.674102,"med":10049.795967999999,"max":20815.272369,"p(90)":12094.6604532}},"read_activity_duration":{"contains":"time","values":{"p(99)":12182.104201720002,"avg":9144.343212050926,"min":46.447002,"med":9910.7258255,"max":12461.719766,"p(90)":11052.880998,"p(95)":11401.1606435},"type":"trend"},"cascade_read_duration":{"type":"trend","contains":"time","values":{"p(99)":12395.05549635,"avg":9346.952046303051,"min":33.825697,"med":10008.287994,"max":12754.280625,"p(90)":11181.743624499999,"p(95)":11659.55731575}},"submit_quiz_duration":{"type":"trend","contains":"time","values":{"avg":9395.841020975027,"min":71.338184,"med":10230.649869,"max":13119.750571,"p(90)":11468.395764500001,"p(95)":11945.3073646,"p(99)":12705.72285649}},"http_req_failed{ef:1}":{"type":"rate","contains":"default","values":{"rate":1,"passes":2035,"fails":0},"thresholds":{"rate<1.01":{"ok":true}}},"data_sent":{"type":"counter","contains":"data","values":{"count":5603633,"rate":14304.297900902855}},"http_req_sending":{"type":"trend","contains":"time","values":{"p(95)":0.058924099999999986,"p(99)":0.14812720000000001,"avg":0.037049917240015835,"min":0.004597,"med":0.028053,"max":106.946205,"p(90)":0.0424251}},"submit_assignment_duration":{"type":"trend","contains":"time","values":{"min":35.894035,"med":9889.52686,"max":13442.202777,"p(90)":11012.317317000001,"p(95)":11489.11724775,"p(99)":12199.715979609999,"avg":9238.763133102591}},"http_req_failed":{"contains":"default","values":{"rate":0.12107552392249901,"passes":3062,"fails":22228},"thresholds":{"rate<0.15":{"ok":true}},"type":"rate"},"http_req_receiving":{"contains":"time","values":{"p(90)":3.693593200000046,"p(95)":25.599017399999976,"p(99)":81.6364815000002,"avg":4.1487432398971995,"min":0.016204,"med":0.101888,"max":668.902562},"type":"trend"},"gradebook_duration":{"type":"trend","contains":"time","values":{"p(99)":19326.640588199993,"avg":14521.770775526154,"min":368.118544,"med":15091.191607,"max":20815.272369,"p(90)":17265.520517,"p(95)":17903.1973062}},"vus_max":{"values":{"value":750,"min":750,"max":750},"type":"gauge","contains":"default"},"iteration_duration":{"type":"trend","contains":"time","values":{"avg":12691.909154842377,"min":377.311773,"med":11144.7051255,"max":37215.443975,"p(90)":21180.0532394,"p(95)":24339.503957449957,"p(99)":32139.653703929987}},"http_req_waiting":{"contains":"time","values":{"avg":9652.651534930494,"min":21.72691,"med":10008.8822635,"max":20793.994212,"p(90)":11893.140337800001,"p(95)":14533.202166899999,"p(99)":17063.5784495},"type":"trend"},"http_req_blocked":{"type":"trend","contains":"time","values":{"avg":0.3735707681296949,"min":0.001282,"med":0.00671,"max":1017.799014,"p(90)":0.009153,"p(95)":0.013771899999999988,"p(99)":2.016225570000003}}},"root_group":{"name":"","path":"","id":"d41d8cd98f00b204e9800998ecf8427e","groups":[],"checks":[{"name":"[wh-grade] status 200","path":"::[wh-grade] status 200","id":"747a63480c5228e4182e0b619fd4205c","passes":1042,"fails":2},{"path":"::[wh-cf-locked-grade] status 403","id":"a0d2cffa4f26fbeb7022bec9298a706e","passes":243,"fails":0,"name":"[wh-cf-locked-grade] status 403"},{"path":"::[wh-cascade-pre] status 200","id":"6cf217efe14ab595b837401653c393f9","passes":1046,"fails":0,"name":"[wh-cascade-pre] status 200"},{"name":"[wh-cascade-write] status 200","path":"::[wh-cascade-write] status 200","id":"9791881937dbec10111f5684ec5d2a68","passes":1046,"fails":0},{"name":"[wh-cascade-post] status 200","path":"::[wh-cascade-post] status 200","id":"2eaa088a823153fd8e84cbe4e79e632d","passes":1046,"fails":0},{"name":"[wh-submit] status 201","path":"::[wh-submit] status 201","id":"49f223985d533388331178bd3e8d6a64","passes":3745,"fails":407},{"name":"[wh-grade-unauth] status 403","path":"::[wh-grade-unauth] status 403","id":"b9f37e7e4ff322953440a920c2825184","passes":991,"fails":0},{"name":"[wh-material-dl] status 200","path":"::[wh-material-dl] status 200","id":"182e87b5d3b46cf8a10f81893f31e347","passes":1048,"fails":0},{"name":"[wh-grade-update] status 200","path":"::[wh-grade-update] status 200","id":"e1c3184baa8417c6f8c9c7cd82501965","passes":1041,"fails":0},{"path":"::[wh-gradebook] status 200","id":"04f91da34414db0af1a48a98d41fa661","passes":2085,"fails":0,"name":"[wh-gradebook] status 200"},{"name":"[wh-marker-grade] status 200","path":"::[wh-marker-grade] status 200","id":"549ffdbc72b97a1cd0f05b844dbb0567","passes":1031,"fails":0},{"name":"[wh-quiz] start 201","path":"::[wh-quiz] start 201","id":"bc382dfba4db61bcda740eb7d13cbecd","passes":2484,"fails":618},{"name":"[wh-structure] status 200","path":"::[wh-structure] status 200","id":"9f2134ec9c516bc3787570bcbc5bc9e6","passes":2031,"fails":0},{"name":"[wh-quiz] submit 200","path":"::[wh-quiz] submit 200","id":"4963f6adfea6303590e8a8e9c12d47a1","passes":2484,"fails":0},{"name":"[wh-activity] status 200","path":"::[wh-activity] status 200","id":"aed3f8824d0bcca89ac7d3b2bf25119a","passes":1080,"fails":0},{"name":"[wh-user-grades] status 200","path":"::[wh-user-grades] status 200","id":"827cabf91007e26e21b96eb0eaac2825","passes":1019,"fails":0},{"path":"::[wh-cf-non-enrolled] status 403","id":"6a9d912d2aeb5ec6cb64307cca9056b8","passes":801,"fails":0,"name":"[wh-cf-non-enrolled] status 403"}]},"options":{"summaryTrendStats":["avg","min","med","max","p(90)","p(95)","p(99)"],"summaryTimeUnit":"","noColor":false},