{"metrics":{"http_req_tls_handshaking":{"type":"trend","contains":"time","values":{"min":0,"med":0,"max":0,"p(90)":0,"p(95)":0,"p(99)":0,"avg":0}},"start_attempt_duration":{"type":"trend","contains":"time","values":{"max":20582.525031,"p(90)":19375.1800065,"p(95)":19557.587976149996,"p(99)":19880.89030177,"avg":16955.584700461586,"min":0.293611,"med":18742.963754}},"http_req_duration{expected_response:true}":{"type":"trend","contains":"time","values":{"p(99)":19863.22584208,"avg":16978.509727127992,"min":26.1388,"med":18693.579297,"max":21699.645584,"p(90)":19348.1857972,"p(95)":19526.5703322}},"gradebook_duration":{"type":"trend","contains":"time","values":{"avg":16773.560794240973,"min":0,"med":18565.583761,"max":20419.995496,"p(90)":19155.169366000002,"p(95)":19324.470684,"p(99)":19628.81525844}},"data_received":{"type":"counter","contains":"data","values":{"count":185339284,"rate":470236.67263609177}},"vus":{"values":{"min":0,"max":1500,"value":3},"type":"gauge","contains":"default"},"http_req_waiting":{"type":"trend","contains":"time","values":{"avg":16958.296956492795,"min":0,"med":18692.35371,"max":21699.418257,"p(90)":19347.5932272,"p(95)":19526.0205293,"p(99)":19862.757681}},"http_req_blocked":{"type":"trend","contains":"time","values":{"min":0.004187,"med":0.285843,"max":122.36663,"p(90)":0.42546180000000006,"p(95)":0.5405685,"p(99)":1.6894497599999978,"avg":0.33009742652984}},"checks":{"values":{"rate":0.998949017809371,"passes":52277,"fails":55},"type":"rate","contains":"default"},"iterations":{"type":"counter","contains":"default","values":{"count":29039,"rate":73.67678584902416}},"http_req_connecting":{"type":"trend","contains":"time","values":{"max":122.232378,"p(90)":0.301458,"p(95)":0.3893183,"p(99)":1.4217066199999986,"avg":0.2499556472674684,"min":0,"med":0.201436}},"http_req_receiving":{"type":"trend","contains":"time","values":{"p(90)":0.3512888,"p(95)":0.5204967999999994,"p(99)":1.4212525399999993,"avg":0.25591434067977764,"min":0,"med":0.162574,"max":38.430574}},"data_sent":{"values":{"count":3789984,"rate":9615.821465588622},"type":"counter","contains":"data"},"iteration_duration":{"type":"trend","contains":"time","values":{"avg":18210.988415574102,"min":557.335125,"med":19868.538131,"max":23395.571253,"p(90)":20818.694808800003,"p(95)":21050.2585551,"p(99)":21461.38920406}},"errors":{"type":"rate","contains":"default","values":{"passes":34,"fails":0,"rate":1},"thresholds":{"rate<0.10":{"ok":false}}},"materials_list_duration":{"type":"trend","contains":"time","values":{"min":1.5168,"med":18663.662506499997,"max":21073.551776,"p(90)":19261.577119499998,"p(95)":19438.1858035,"p(99)":19787.013663949998,"avg":16929.045131446415}},"http_req_duration":{"type":"trend","contains":"time","values":{"p(90)":19347.9278804,"p(95)":19526.2313979,"p(99)":19863.06727526,"avg":16958.639025442313,"min":0,"med":18692.764504,"max":21699.645584},"thresholds":{"p(95)<2000":{"ok":false}}},"http_req_sending":{"type":"trend","contains":"time","values":{"p(90)":0.110316,"p(95)":0.13170979999999996,"p(99)":0.2960438399999993,"avg":0.08615460883639285,"min":0,"med":0.066784,"max":46.393249}},"quiz_detail_duration":{"type":"trend","contains":"time","values":{"p(99)":19942.49176148,"avg":17054.036698535438,"min":0.984616,"med":18800.808874,"max":21340.629699,"p(90)":19442.472833800002,"p(95)":19611.399917400002}},"http_req_failed":{"type":"rate","contains":"default","values":{"rate":0.0011708392162264542,"passes":34,"fails":29005},"thresholds":{"rate<0.10":{"ok":true}}},"vus_max":{"type":"gauge","contains":"default","values":{"max":1500,"value":1500,"min":1461}},"material_detail_duration":{"type":"trend","contains":"time","values":{"avg":16940.345043806086,"min":2.869204,"med":18614.235806,"max":20294.580453,"p(90)":19225.7870036,"p(95)":19412.7628541,"p(99)":19775.018160720003}},"submit_assignment_duration":{"contains":"time","values":{"p(95)":19728.254886,"p(99)":20037.16698485,"avg":17180.529224369748,"min":0.292476,"med":18906.999949999998,"max":21699.645584,"p(90)":19561.687661},"type":"trend"},"http_reqs":{"type":"counter","contains":"default","values":{"count":29039,"rate":73.67678584902416}}},"root_group":{"name":"","path":"","id":"d41d8cd98f00b204e9800998ecf8427e","groups":[],"checks":[{"path":"::[materials-list] status 200","id":"463a16ce0b1d8abee844a574ea056361","passes":5803,"fails":3,"name":"[materials-list] status 200"},{"name":"[materials-list] success","path":"::[materials-list] success","id":"664e43a5933df86e3bab167b84d274ca","passes":5803,"fails":3},{"fails":7,"name":"[quiz-detail] status 200","path":"::[quiz-detail] status 200","id":"917c623bb77fd0f4c30b55655ab512f2","passes":7320},{"name":"[quiz-detail] success","path":"::[quiz-detail] success","id":"6719d54de0da0cfb59497b1755be95e9","passes":7320,"fails":7},{"name":"[submit-assignment] status 201 or 400","path":"::[submit-assignment] status 201 or 400","id":"c6b8e5b4b95e1cad4532c36b70154d08","passes":2849,"fails":7},{"passes":2884,"fails":6,"name":"[start-attempt] status 201 or 400","path":"::[start-attempt] status 201 or 400","id":"33680026b6a14104cfefb4ee3b4b083d"},{"passes":5787,"fails":6,"name":"[gradebook] status 200","path":"::[gradebook] status 200","id":"9186de991ebaa0ed414ff11baa5503d0"},{"passes":5787,"fails":6,"name":"[gradebook] success","path":"::[gradebook] success","id":"a15a69867e50cddaa06c049f7cde480d"},{"name":"[material-detail] status 200","path":"::[material-detail] status 200","id":"a12462dd78c876a1d31a53eadf87e378","passes":4362,"fails":5},{"path":"::[material-detail] success","id":"3632f96ad89cbc27cd995a000cbd8596","passes":4362,"fails":5,"name":"[material-detail] success"}]},"options":{"summaryTrendStats":["avg","min","med","max","p(90)","p(95)","p(99)"],"summaryTimeUnit":"","noColor":false},"state":{"isStdOutTTY":false,"isStdErrTTY":false,"testRunDurationMs":394140.429246}}