{"metrics":{"quiz_detail_duration":{"type":"trend","contains":"time","values":{"avg":26898.84185387196,"min":65.539913,"med":29998.913523000003,"max":30060.147635,"p(90)":29999.921586599998,"p(95)":30000.1691524,"p(99)":30002.721164130002}},"course_structure_duration":{"values":{"min":0.802785,"med":29998.856154,"max":30107.637894,"p(90)":29999.9131749,"p(95)":30000.14939825,"p(99)":30003.86941748,"avg":26685.711931029073},"type":"trend","contains":"time"},"material_detail_duration":{"type":"trend","contains":"time","values":{"p(90)":29999.950948,"p(95)":30000.1461,"p(99)":30011.150461600002,"avg":26913.967942653442,"min":0.814303,"med":29998.898212,"max":30068.644258}},"http_req_duration":{"type":"trend","contains":"time","values":{"avg":26967.58804657403,"min":0.599676,"med":29998.879847,"max":30236.305728,"p(90)":29999.9281874,"p(95)":30000.1646657,"p(99)":30004.95911608}},"vus":{"type":"gauge","contains":"default","values":{"value":3,"min":3,"max":2000}},"submit_assignment_duration":{"type":"trend","contains":"time","values":{"avg":26603.664520595332,"min":0.599676,"med":29998.813851,"max":30189.555654,"p(90)":29999.9126449,"p(95)":30000.1588096,"p(99)":30002.000703690002}},"http_req_tls_handshaking":{"values":{"p(90)":0,"p(95)":0,"p(99)":0,"avg":0,"min":0,"med":0,"max":0},"type":"trend","contains":"time"},"iterations":{"type":"counter","contains":"default","values":{"count":25447,"rate":61.337430434966876}},"vus_max":{"type":"gauge","contains":"default","values":{"max":2000,"value":2000,"min":2000}},"http_reqs":{"contains":"default","values":{"rate":61.52062078011787,"count":25523},"type":"counter"},"http_req_sending":{"type":"trend","contains":"time","values":{"p(90)":0.101243,"p(95)":0.12558709999999992,"p(99)":0.24280141999999996,"avg":0.10087941903381221,"min":0.007221,"med":0.058881,"max":512.285327}},"checks":{"contains":"default","values":{"fails":26388,"rate":0.1874364896073903,"passes":6087},"type":"rate"},"http_req_failed":{"type":"rate","contains":"default","values":{"passes":21113,"fails":4410,"rate":0.8272146691219684},"thresholds":{"rate<0.05":{"ok":false}}},"http_req_blocked":{"type":"trend","contains":"time","values":{"p(90)":18.14068259999999,"p(95)":38.19204539999992,"p(99)":243.62440467999937,"avg":14.340078980449167,"min":0.002984,"med":1.410353,"max":2028.289324}},"material_list_duration":{"type":"trend","contains":"time","values":{"avg":27106.81937825771,"min":0.992004,"med":29998.8512785,"max":30058.193443,"p(90)":29999.9138913,"p(95)":30000.16775765,"p(99)":30004.70198252}},"http_req_receiving":{"type":"trend","contains":"time","values":{"med":0,"max":913.961523,"p(90)":0.24462379999999995,"p(95)":1.1554476999999959,"p(99)":33.85277997999994,"avg":1.291684644908515,"min":0}},"data_sent":{"type":"counter","contains":"data","values":{"count":4122284,"rate":9936.350378558454}},"course_completion_duration":{"type":"trend","contains":"time","values":{"p(90)":29999.8942804,"p(95)":30000.090014049998,"p(99)":30000.82533404,"avg":26376.21450640614,"min":2.665749,"med":29998.943738,"max":30006.035497}},"http_req_connecting":{"type":"trend","contains":"time","values":{"min":0,"med":1.342269,"max":2028.209192,"p(90)":18.027572799999998,"p(95)":38.118963999999934,"p(99)":243.57702931999935,"avg":14.276289332876122}},"quiz_attempt_result_duration":{"type":"trend","contains":"time","values":{"p(95)":30000.1480504,"p(99)":30000.88624408,"avg":26875.402064722006,"min":0.853133,"med":29998.835146,"max":30236.305728,"p(90)":29999.9183828}},"start_attempt_duration":{"contains":"time","values":{"med":29998.878176,"max":30074.202893,"p(90)":29999.911485,"p(95)":30000.1443611,"p(99)":30005.220105059998,"avg":27100.251488069935,"min":0.872192},"type":"trend"},"data_received":{"type":"counter","contains":"data","values":{"count":388912589,"rate":937434.6238484051}},"assignment_detail_duration":{"type":"trend","contains":"time","values":{"max":30086.555462,"p(90)":29999.903938,"p(95)":30000.1495034,"p(99)":30006.38935024,"avg":26913.01794778432,"min":0.865321,"med":29998.8108}},"user_grades_duration":{"type":"trend","contains":"time","values":{"p(90)":29999.938912,"p(95)":30000.160239999997,"p(99)":30006.2233178,"avg":27233.98622058093,"min":0.849628,"med":29998.940277,"max":30041.677125}},"errors":{"type":"rate","contains":"default","values":{"rate":1,"passes":20797,"fails":0}},"iteration_duration":{"type":"trend","contains":"time","values":{"p(90)":31823.5086596,"p(95)":31912.8752929,"p(99)":31985.40634848,"avg":28224.92959707279,"min":528.228548,"med":31076.712356,"max":32036.952261}},"gradebook_duration":{"type":"trend","contains":"time","values":{"p(99)":30007.10850245,"avg":27763.445664390176,"min":0.750586,"med":29998.956264,"max":30231.483415,"p(90)":30000.0034798,"p(95)":30000.22488595}},"http_req_duration{expected_response:true}":{"type":"trend","contains":"time","values":{"min":27.014399,"med":14205.4548425,"max":29995.732391,"p(90)":26729.4873084,"p(95)":28472.396401700003,"p(99)":29720.92734634,"avg":14390.54102091566}},"http_req_waiting":{"type":"trend","contains":"time","values":{"avg":26966.19548251014,"min":0.570541,"med":29998.808374,"max":30236.229031,"p(90)":29999.869227799998,"p(95)":30000.110241500002,"p(99)":30004.8951857}}},"root_group":{"id":"d41d8cd98f00b204e9800998ecf8427e","groups":[],"checks":[{"path":"::[course-structure] status 200","id":"45076dc5505a2dec22a1285b97bafbe7","passes":1250,"fails":5148,"name":"[course-structure] status 200"},{"id":"577857fc8e49dd358e9f4a98d4384892","passes":1250,"fails":5148,"name":"[course-structure] has sections","path":"::[course-structure] has sections"},{"fails":909,"name":"[cf-non-enrolled] status 403","path":"::[cf-non-enrolled] status 403","id":"74e7493c763b9162227e2b80a7db0818","passes":213},{"name":"[cf-prereq-locked] status 404","path":"::[cf-prereq-locked] status 404","id":"02fa3bab31e2635b75b34d82dfe5a24b","passes":103,"fails":582},{"name":"[course-completion] status 200","path":"::[course-completion] status 200","id":"6021218ae7a89652ba95b72dd11a3df7","passes":111,"fails":443},{"name":"[course-completion] has progress","path":"::[course-completion] has progress","id":"31c5713011250a32de1229068e09d491","passes":111,"fails":443},{"passes":140,"fails":637,"name":"[quiz-attempt-result] status 200","path":"::[quiz-attempt-result] status 200","id":"70625d2eb6b822427844d89e9447d306"},{"name":"[submit-assignment] status 201","path":"::[submit-assignment] status 201","id":"ecafa50a3856224eba5597445d73435f","passes":494,"fails":2066},{"name":"[start-attempt] status 201","path":"::[start-attempt] status 201","id":"f990128b664d9d14e0bb6193e32639b6","passes":450,"fails":2154},{"path":"::[gradebook] status 200","id":"9186de991ebaa0ed414ff11baa5503d0","passes":499,"fails":2505,"name":"[gradebook] status 200"},{"id":"63f4ad05017bb4331bea0b8e36102285","passes":466,"fails":1995,"name":"[material] status 200","path":"::[material] status 200"},{"id":"e710e6c64d866e8aa495eeee12857a96","passes":383,"fails":1666,"name":"[assignment-detail] status 200","path":"::[assignment-detail] status 200"},{"name":"[quiz-detail] status 200","path":"::[quiz-detail] status 200","id":"917c623bb77fd0f4c30b55655ab512f2","passes":262,"fails":1042},{"passes":226,"fails":1065,"name":"[user-grades] status 200","path":"::[user-grades] status 200","id":"9f3f9ad7deda827f2720eebbc1dd73e8"},{"id":"0c8f8d2cbff40a8ee4a03aac96a829f5","passes":129,"fails":585,"name":"[material-list] status 200","path":"::[material-list] status 200"}],"name":"","path":""},"options":{"summaryTrendStats":["avg","min","med","max","p(90)","p(95)","p(99)"],"summaryTimeUnit":"","noColor":false},"state":{"isStdOutTTY":false,"isStdErrTTY":false,"testRunDurationMs":414869.025643}}