{"state":{"isStdOutTTY":false,"isStdErrTTY":false,"testRunDurationMs":392485.570946},"metrics":{"http_req_failed":{"type":"rate","contains":"default","values":{"rate":0.08686440677966102,"passes":1886,"fails":19826},"thresholds":{"rate<0.05":{"ok":false}}},"gradebook_duration":{"type":"trend","contains":"time","values":{"avg":14938.851901261018,"min":222.205683,"med":15506.098836500001,"max":23079.394407,"p(90)":18128.772801,"p(95)":18804.70641975,"p(99)":20088.68764845}},"material_detail_duration":{"type":"trend","contains":"time","values":{"avg":10159.893527039087,"min":27.451988,"med":10751.52193,"max":14245.43025,"p(90)":12366.982462799999,"p(95)":12987.9870249,"p(99)":13675.983061620002}},"material_list_duration":{"type":"trend","contains":"time","values":{"min":48.327662,"med":10962.011754,"max":14296.495396,"p(90)":12685.5020314,"p(95)":13188.8169336,"p(99)":13846.93336692,"avg":10383.0652548528}},"data_received":{"type":"counter","contains":"data","values":{"count":2095889557,"rate":5340042.3153093755}},"http_req_receiving":{"type":"trend","contains":"time","values":{"p(99)":105.46268048999995,"avg":7.030784079357027,"min":0.014842,"med":0.3949365,"max":1624.12531,"p(90)":19.692919100000044,"p(95)":39.69541645}},"checks":{"type":"rate","contains":"default","values":{"rate":0.9857401375316684,"passes":27236,"fails":394}},"data_sent":{"type":"counter","contains":"data","values":{"count":3494346,"rate":8903.119652469386}},"vus":{"type":"gauge","contains":"default","values":{"value":15,"min":10,"max":750}},"user_grades_duration":{"type":"trend","contains":"time","values":{"p(99)":14097.87081778,"avg":10455.087911068473,"min":38.477015,"med":11029.9664075,"max":14943.015305,"p(90)":12809.6621213,"p(95)":13354.04606435}},"http_reqs":{"type":"counter","contains":"default","values":{"count":21712,"rate":55.319231093433594}},"http_req_blocked":{"contains":"time","values":{"p(99)":3.2987010499999863,"avg":0.5197150151068541,"min":0.002233,"med":0.007401,"max":1062.663502,"p(90)":0.009865,"p(95)":0.01765105000000001},"type":"trend"},"http_req_waiting":{"type":"trend","contains":"time","values":{"min":23.928698,"med":11067.9161175,"max":23056.558863,"p(90)":13984.6226831,"p(95)":15992.050668150001,"p(99)":18319.480407319996,"avg":10838.09450300524}},"http_req_connecting":{"contains":"time","values":{"max":1062.601768,"p(90)":0,"p(95)":0,"p(99)":3.1734577399999595,"avg":0.5061603025515846,"min":0,"med":0},"type":"trend"},"http_req_sending":{"type":"trend","contains":"time","values":{"avg":0.03533126584377309,"min":0.005228,"med":0.027902,"max":35.767427,"p(90)":0.041681000000000044,"p(95)":0.061703000000000015,"p(99)":0.14430350999999997}},"http_req_duration{expected_response:true}":{"contains":"time","values":{"p(90)":14283.132509,"p(95)":16225.9121885,"p(99)":18431.04492675,"avg":10910.430876601411,"min":27.451988,"med":11113.735159,"max":23079.394407},"type":"trend"},"submit_assignment_duration":{"type":"trend","contains":"time","values":{"max":14454.313452,"p(90)":12556.0857764,"p(95)":13099.445285150001,"p(99)":13847.738350680002,"avg":10260.79982335948,"min":37.080165,"med":10849.465507500001}},"iteration_duration":{"type":"trend","contains":"time","values":{"avg":12099.48366146145,"min":550.101582,"med":12340.957205499999,"max":24183.012505,"p(90)":15307.9398079,"p(95)":17310.685640650005,"p(99)":19695.988150249992}},"quiz_attempt_result_duration":{"type":"trend","contains":"time","values":{"p(90)":12852.996589200002,"p(95)":13357.2530104,"p(99)":13985.389082779993,"avg":10560.358094025789,"min":38.367968,"med":11112.97303,"max":14756.518395}},"http_req_tls_handshaking":{"type":"trend","contains":"time","values":{"max":0,"p(90)":0,"p(95)":0,"p(99)":0,"avg":0,"min":0,"med":0}},"errors":{"values":{"rate":1,"passes":394,"fails":0},"type":"rate","contains":"default"},"http_req_duration":{"type":"trend","contains":"time","values":{"max":23079.394407,"p(90)":14000.162898100007,"p(95)":16032.5370093,"p(99)":18363.80201868,"avg":10845.160618350426,"min":24.040167,"med":11070.887543}},"vus_max":{"type":"gauge","contains":"default","values":{"value":750,"min":750,"max":750}},"course_structure_duration":{"type":"trend","contains":"time","values":{"p(90)":12743.9858132,"p(95)":13264.2069888,"p(99)":13999.37798083,"avg":10393.897599007867,"min":34.738096,"med":11016.3485625,"max":15277.978759}},"assignment_detail_duration":{"type":"trend","contains":"time","values":{"avg":10025.127862637415,"min":42.753484,"med":10665.32401,"max":14147.26411,"p(90)":12412.5906266,"p(95)":12977.039492199998,"p(99)":13757.060703559999}},"iterations":{"contains":"default","values":{"count":21712,"rate":55.319231093433594},"type":"counter"},"course_completion_duration":{"type":"trend","contains":"time","values":{"max":14142.159194,"p(90)":12252.745133,"p(95)":12735.086612449999,"p(99)":13317.986077049998,"avg":9842.175649936082,"min":32.952583,"med":10652.650264}},"quiz_detail_duration":{"type":"trend","contains":"time","values":{"min":59.801132,"med":11052.3830395,"max":14765.055975,"p(90)":12727.918879300001,"p(95)":13295.78619905,"p(99)":13992.285993750002,"avg":10345.33331673008}},"start_attempt_duration":{"contains":"time","values":{"p(95)":13082.051171699999,"p(99)":13940.48325701,"avg":10215.460278342574,"min":35.649805,"med":10860.459759000001,"max":14434.19906,"p(90)":12588.251503899999},"type":"trend"}},"root_group":{"name":"","path":"","id":"d41d8cd98f00b204e9800998ecf8427e","groups":[],"checks":[{"name":"[cf-non-enrolled] status 403","path":"::[cf-non-enrolled] status 403","id":"74e7493c763b9162227e2b80a7db0818","passes":887,"fails":0},{"fails":0,"name":"[quiz-detail] status 200","path":"::[quiz-detail] status 200","id":"917c623bb77fd0f4c30b55655ab512f2","passes":1130},{"fails":0,"name":"[course-structure] status 200","path":"::[course-structure] status 200","id":"45076dc5505a2dec22a1285b97bafbe7","passes":5480},{"id":"577857fc8e49dd358e9f4a98d4384892","passes":5480,"fails":0,"name":"[course-structure] has sections","path":"::[course-structure] has sections"},{"id":"e710e6c64d866e8aa495eeee12857a96","passes":1743,"fails":0,"name":"[assignment-detail] status 200","path":"::[assignment-detail] status 200"},{"name":"[gradebook] status 200","path":"::[gradebook] status 200","id":"9186de991ebaa0ed414ff11baa5503d0","passes":2686,"fails":0},{"name":"[submit-assignment] status 201","path":"::[submit-assignment] status 201","id":"ecafa50a3856224eba5597445d73435f","passes":1997,"fails":81},{"passes":2123,"fails":0,"name":"[material] status 200","path":"::[material] status 200","id":"63f4ad05017bb4331bea0b8e36102285"},{"path":"::[user-grades] status 200","id":"9f3f9ad7deda827f2720eebbc1dd73e8","passes":1110,"fails":0,"name":"[user-grades] status 200"},{"passes":659,"fails":0,"name":"[quiz-attempt-result] status 200","path":"::[quiz-attempt-result] status 200","id":"70625d2eb6b822427844d89e9447d306"},{"name":"[start-attempt] status 201","path":"::[start-attempt] status 201","id":"f990128b664d9d14e0bb6193e32639b6","passes":1825,"fails":303},{"passes":625,"fails":0,"name":"[material-list] status 200","path":"::[material-list] status 200","id":"0c8f8d2cbff40a8ee4a03aac96a829f5"},{"name":"[cf-prereq-locked] status 404","path":"::[cf-prereq-locked] status 404","id":"02fa3bab31e2635b75b34d82dfe5a24b","passes":615,"fails":10},{"path":"::[course-completion] status 200","id":"6021218ae7a89652ba95b72dd11a3df7","passes":438,"fails":0,"name":"[course-completion] status 200"},{"name":"[course-completion] has progress","path":"::[course-completion] has progress","id":"31c5713011250a32de1229068e09d491","passes":438,"fails":0}]},"options":{"summaryTrendStats":["avg","min","med","max","p(90)","p(95)","p(99)"],"summaryTimeUnit":"","noColor":false}}