{"state":{"isStdErrTTY":false,"testRunDurationMs":391012.00916,"isStdOutTTY":false},"metrics":{"data_received":{"type":"counter","contains":"data","values":{"count":207243549,"rate":530018.373208576}},"http_req_connecting":{"type":"trend","contains":"time","values":{"p(90)":0,"p(95)":0,"p(99)":0.2350791199999997,"avg":0.009401676754176599,"min":0,"med":0,"max":31.338265}},"data_sent":{"type":"counter","contains":"data","values":{"count":4108607,"rate":10507.623560786289}},"http_req_duration":{"contains":"time","values":{"avg":7046.536167943889,"min":18.66343,"med":7634.16782,"max":9827.981404,"p(90)":8126.0157086,"p(95)":8325.8294062,"p(99)":8714.366583519999},"thresholds":{"p(95)<2000":{"ok":false}},"type":"trend"},"http_req_failed":{"thresholds":{"rate<0.10":{"ok":true}},"type":"rate","contains":"default","values":{"fails":31425,"rate":0,"passes":0}},"checks":{"contains":"default","values":{"rate":1,"passes":56577,"fails":0},"type":"rate"},"vus_max":{"type":"gauge","contains":"default","values":{"value":750,"min":750,"max":750}},"gradebook_duration":{"contains":"time","values":{"p(99)":8569.365887,"avg":6930.525992977214,"min":18.66343,"med":7522.914093,"max":9349.015573,"p(90)":7951.301603,"p(95)":8126.754160750001},"type":"trend"},"http_req_sending":{"type":"trend","contains":"time","values":{"p(90)":0.055616200000000025,"p(95)":0.07346239999999994,"p(99)":0.15115739999999978,"avg":0.04598570587112165,"min":0.008134,"med":0.033873,"max":41.213765}},"materials_list_duration":{"type":"trend","contains":"time","values":{"min":20.209034,"med":7595.40483,"max":9827.981404,"p(90)":8021.9300008,"p(95)":8198.9325248,"p(99)":8636.977253760002,"avg":6953.801082581846}},"quiz_detail_duration":{"type":"trend","contains":"time","values":{"p(90)":8208.2659518,"p(95)":8419.484322999999,"p(99)":8784.03349668,"avg":7141.712348760746,"min":23.426043,"med":7744.069397,"max":9467.439963}},"http_req_tls_handshaking":{"contains":"time","values":{"p(90)":0,"p(95)":0,"p(99)":0,"avg":0,"min":0,"med":0,"max":0},"type":"trend"},"vus":{"type":"gauge","contains":"default","values":{"value":10,"min":6,"max":750}},"errors":{"type":"rate","contains":"default","values":{"rate":0,"passes":0,"fails":0},"thresholds":{"rate<0.10":{"ok":true}}},"http_req_duration{expected_response:true}":{"type":"trend","contains":"time","values":{"avg":7046.536167943889,"min":18.66343,"med":7634.16782,"max":9827.981404,"p(90)":8126.0157086,"p(95)":8325.8294062,"p(99)":8714.366583519999}},"iterations":{"type":"counter","contains":"default","values":{"count":31425,"rate":80.36837555836057}},"http_req_waiting":{"type":"trend","contains":"time","values":{"min":18.211317,"med":7633.949924,"max":9825.566917,"p(90)":8125.8173142000005,"p(95)":8325.5609602,"p(99)":8713.91393876,"avg":7046.26845989638}},"http_req_receiving":{"type":"trend","contains":"time","values":{"p(95)":0.462498,"p(99)":1.1628933599999913,"avg":0.22172234167064336,"min":0.025625,"med":0.145189,"max":67.727265,"p(90)":0.3274286}},"start_attempt_duration":{"type":"trend","contains":"time","values":{"med":7687.285176,"max":9114.551774,"p(90)":8176.816631,"p(95)":8376.9916422,"p(99)":8728.702728680002,"avg":7111.151891896336,"min":33.455284}},"http_reqs":{"type":"counter","contains":"default","values":{"count":31425,"rate":80.36837555836057}},"material_detail_duration":{"type":"trend","contains":"time","values":{"avg":6951.06042416324,"min":21.645124,"med":7563.677383,"max":9388.950736,"p(90)":8008.0675623,"p(95)":8200.256259799999,"p(99)":8645.001551520001}},"iteration_duration":{"contains":"time","values":{"avg":8300.839350092183,"min":551.357319,"med":8829.659599,"max":11187.978388,"p(90)":9650.093080600001,"p(95)":9855.8633278,"p(99)":10283.283684039998},"type":"trend"},"submit_assignment_duration":{"type":"trend","contains":"time","values":{"med":7823.2943745,"max":9575.367286,"p(90)":8340.468691,"p(95)":8536.188534,"p(99)":8905.003049649999,"avg":7298.317137979731,"min":41.094402}},"http_req_blocked":{"type":"trend","contains":"time","values":{"p(99)":0.3531621599999999,"avg":0.026040511885441486,"min":0.003475,"med":0.011205,"max":31.421525,"p(90)":0.018748800000000027,"p(95)":0.02735659999999999}}},"root_group":{"path":"","id":"d41d8cd98f00b204e9800998ecf8427e","groups":[],"checks":[{"name":"[gradebook] status 200","path":"::[gradebook] status 200","id":"9186de991ebaa0ed414ff11baa5503d0","passes":6276,"fails":0},{"name":"[gradebook] success","path":"::[gradebook] success","id":"a15a69867e50cddaa06c049f7cde480d","passes":6276,"fails":0},{"path":"::[materials-list] status 200","id":"463a16ce0b1d8abee844a574ea056361","passes":6213,"fails":0,"name":"[materials-list] status 200"},{"name":"[materials-list] success","path":"::[materials-list] success","id":"664e43a5933df86e3bab167b84d274ca","passes":6213,"fails":0},{"passes":7909,"fails":0,"name":"[quiz-detail] status 200","path":"::[quiz-detail] status 200","id":"917c623bb77fd0f4c30b55655ab512f2"},{"path":"::[quiz-detail] success","id":"6719d54de0da0cfb59497b1755be95e9","passes":7909,"fails":0,"name":"[quiz-detail] success"},{"path":"::[material-detail] status 200","id":"a12462dd78c876a1d31a53eadf87e378","passes":4754,"fails":0,"name":"[material-detail] status 200"},{"path":"::[material-detail] success","id":"3632f96ad89cbc27cd995a000cbd8596","passes":4754,"fails":0,"name":"[material-detail] success"},{"fails":0,"name":"[start-attempt] status 201 or 400","path":"::[start-attempt] status 201 or 400","id":"33680026b6a14104cfefb4ee3b4b083d","passes":3067},{"name":"[submit-assignment] status 201 or 400","path":"::[submit-assignment] status 201 or 400","id":"c6b8e5b4b95e1cad4532c36b70154d08","passes":3206,"fails":0}],"name":""},"options":{"summaryTimeUnit":"","noColor":false,"summaryTrendStats":["avg","min","med","max","p(90)","p(95)","p(99)"]}}