{"metrics":{"http_reqs":{"type":"counter","contains":"default","values":{"count":25330,"rate":64.79297062133205}},"http_req_connecting":{"type":"trend","contains":"time","values":{"min":0,"med":0,"max":1022.53643,"p(90)":0,"p(95)":0,"p(99)":0,"avg":0.05807959976312671}},"submit_assignment_duration":{"values":{"min":17.244644,"med":260.005421,"max":947.101799,"p(90)":502.0082438000001,"p(95)":584.6009672999999,"p(99)":734.74556636,"avg":278.8435091893147},"type":"trend","contains":"time"},"http_req_sending":{"type":"trend","contains":"time","values":{"min":0.004868,"med":0.02622,"max":130.141495,"p(90)":0.038128,"p(95)":0.04298049999999999,"p(99)":0.10617548999999998,"avg":0.0340708017370707}},"material_download_duration":{"type":"trend","contains":"time","values":{"p(99)":676.8077123599999,"avg":239.33555240881765,"min":20.191835,"med":215.9358215,"max":817.483694,"p(90)":452.4731957000001,"p(95)":521.7430171999999}},"checks":{"type":"rate","contains":"default","values":{"rate":0.9598105013817607,"passes":24312,"fails":1018}},"submit_quiz_duration":{"type":"trend","contains":"time","values":{"avg":561.7709010104332,"min":48.114047,"med":569.4663694999999,"max":1556.958615,"p(90)":936.4679128,"p(95)":1016.4463263499998,"p(99)":1216.9918742200014}},"grade_submission_duration":{"contains":"time","values":{"med":309.048817,"max":982.509396,"p(90)":570.6554401999999,"p(95)":641.8632250999999,"p(99)":768.2819435,"avg":324.9273477643621,"min":28.581028},"type":"trend"},"http_req_duration{expected_response:true}":{"type":"trend","contains":"time","values":{"avg":693.5930264619676,"min":13.672942,"med":330.043701,"max":9050.89875,"p(90)":981.8683482,"p(95)":4060.5217291999998,"p(99)":6143.446772380002}},"gradebook_duration":{"type":"trend","contains":"time","values":{"avg":3985.104155863276,"min":165.491447,"med":4094.624288,"max":9050.89875,"p(90)":6164.581763,"p(95)":6583.4603787999995,"p(99)":7550.640650040008}},"http_req_failed":{"type":"rate","contains":"default","values":{"fails":22283,"rate":0.12029214370311883,"passes":3047},"thresholds":{"rate<0.15":{"ok":true}}},"data_sent":{"type":"counter","contains":"data","values":{"count":5603078,"rate":14332.414853653057}},"iteration_duration":{"contains":"time","values":{"p(95)":5093.46846375,"p(99)":7133.765992749998,"avg":1667.109462820311,"min":315.052118,"med":1332.1965854999999,"max":10147.032029,"p(90)":2666.5559385},"type":"trend"},"iterations":{"type":"counter","contains":"default","values":{"count":20746,"rate":53.06731024516995}},"errors":{"type":"rate","contains":"default","values":{"rate":1,"passes":1018,"fails":0}},"read_activity_duration":{"type":"trend","contains":"time","values":{"avg":284.4513825842054,"min":23.210635,"med":237.292727,"max":1222.784205,"p(90)":559.001993,"p(95)":666.7052464999999,"p(99)":916.267941}},"http_req_duration":{"type":"trend","contains":"time","values":{"max":9050.89875,"p(90)":874.1822392000012,"p(95)":3778.6389358999977,"p(99)":6012.513714989999,"avg":626.4359262387298,"min":12.01019,"med":295.386248}},"http_req_tls_handshaking":{"values":{"p(95)":0,"p(99)":0,"avg":0,"min":0,"med":0,"max":0,"p(90)":0},"type":"trend","contains":"time"},"vus_max":{"type":"gauge","contains":"default","values":{"value":100,"min":100,"max":100}},"http_req_blocked":{"type":"trend","contains":"time","values":{"avg":0.06512925748124701,"min":0.001212,"med":0.006249,"max":1022.605345,"p(90)":0.008333,"p(95)":0.009334549999999999,"p(99)":0.026712999999999824}},"user_grades_duration":{"values":{"avg":311.5033799288427,"min":13.672942,"med":197.48767650000002,"max":1745.700238,"p(90)":777.8016781000001,"p(95)":959.0012189499987,"p(99)":1351.3515682200004},"type":"trend","contains":"time"},"http_req_failed{ef:1}":{"type":"rate","contains":"default","values":{"rate":1,"passes":2029,"fails":0},"thresholds":{"rate<1.01":{"ok":true}}},"course_structure_duration":{"type":"trend","contains":"time","values":{"avg":399.5584912104509,"min":32.904844,"med":396.121839,"max":1213.983904,"p(90)":684.5970445,"p(95)":783.02674475,"p(99)":924.2733332000003}},"http_req_receiving":{"type":"trend","contains":"time","values":{"med":0.098355,"max":1688.177428,"p(90)":3.333461600000009,"p(95)":19.030407099999984,"p(99)":69.08334980999992,"avg":3.582232655625725,"min":0.012108}},"http_req_waiting":{"values":{"med":294.8177075,"max":9017.771216,"p(90)":873.2471555,"p(95)":3757.673437199999,"p(99)":5981.203138169999,"avg":622.819622781363,"min":11.912921},"type":"trend","contains":"time"},"data_received":{"contains":"data","values":{"count":1650122498,"rate":4220937.170726927},"type":"counter"},"cascade_read_duration":{"type":"trend","contains":"time","values":{"min":29.642043,"med":361.870764,"max":1238.927458,"p(90)":658.5546185000001,"p(95)":745.990023,"p(99)":900.8351023499999,"avg":374.3768903661566}},"vus":{"type":"gauge","contains":"default","values":{"value":1,"min":1,"max":100}},"grade_update_duration":{"type":"trend","contains":"time","values":{"avg":156.19231177408366,"min":12.770838,"med":125.403003,"max":808.622798,"p(90)":321.4796175,"p(95)":400.201432,"p(99)":541.5575006000016}},"marker_grade_duration":{"type":"trend","contains":"time","values":{"avg":330.96353558800377,"min":33.64334,"med":324.190094,"max":917.938244,"p(90)":562.914776,"p(95)":637.4302835999999,"p(99)":729.55280332}}},"root_group":{"groups":[],"checks":[{"passes":3692,"fails":407,"name":"[wh-submit] status 201","path":"::[wh-submit] status 201","id":"49f223985d533388331178bd3e8d6a64"},{"path":"::[wh-gradebook] status 200","id":"04f91da34414db0af1a48a98d41fa661","passes":2165,"fails":0,"name":"[wh-gradebook] status 200"},{"name":"[wh-activity] status 200","path":"::[wh-activity] status 200","id":"aed3f8824d0bcca89ac7d3b2bf25119a","passes":1051,"fails":0},{"passes":1026,"fails":1,"name":"[wh-grade] status 200","path":"::[wh-grade] status 200","id":"747a63480c5228e4182e0b619fd4205c"},{"name":"[wh-quiz] start 201","path":"::[wh-quiz] start 201","id":"bc382dfba4db61bcda740eb7d13cbecd","passes":2492,"fails":610},{"id":"4963f6adfea6303590e8a8e9c12d47a1","passes":2492,"fails":0,"name":"[wh-quiz] submit 200","path":"::[wh-quiz] submit 200"},{"path":"::[wh-cascade-pre] status 200","id":"6cf217efe14ab595b837401653c393f9","passes":1046,"fails":0,"name":"[wh-cascade-pre] status 200"},{"name":"[wh-cascade-write] status 200","path":"::[wh-cascade-write] status 200","id":"9791881937dbec10111f5684ec5d2a68","passes":1046,"fails":0},{"name":"[wh-cascade-post] status 200","path":"::[wh-cascade-post] status 200","id":"2eaa088a823153fd8e84cbe4e79e632d","passes":1046,"fails":0},{"name":"[wh-grade-update] status 200","path":"::[wh-grade-update] status 200","id":"e1c3184baa8417c6f8c9c7cd82501965","passes":1072,"fails":0},{"passes":2086,"fails":0,"name":"[wh-structure] status 200","path":"::[wh-structure] status 200","id":"9f2134ec9c516bc3787570bcbc5bc9e6"},{"name":"[wh-material-dl] status 200","path":"::[wh-material-dl] status 200","id":"182e87b5d3b46cf8a10f81893f31e347","passes":998,"fails":0},{"name":"[wh-cf-non-enrolled] status 403","path":"::[wh-cf-non-enrolled] status 403","id":"6a9d912d2aeb5ec6cb64307cca9056b8","passes":755,"fails":0},{"passes":1007,"fails":0,"name":"[wh-grade-unauth] status 403","path":"::[wh-grade-unauth] status 403","id":"b9f37e7e4ff322953440a920c2825184"},{"name":"[wh-marker-grade] status 200","path":"::[wh-marker-grade] status 200","id":"549ffdbc72b97a1cd0f05b844dbb0567","passes":1017,"fails":0},{"path":"::[wh-cf-locked-grade] status 403","id":"a0d2cffa4f26fbeb7022bec9298a706e","passes":267,"fails":0,"name":"[wh-cf-locked-grade] status 403"},{"name":"[wh-user-grades] status 200","path":"::[wh-user-grades] status 200","id":"827cabf91007e26e21b96eb0eaac2825","passes":1054,"fails":0}],"name":"","path":"","id":"d41d8cd98f00b204e9800998ecf8427e"},"options":{"summaryTrendStats":["avg","min","med","max","p(90)","p(95)","p(99)"],"summaryTimeUnit":"","noColor":false},"state":{"isStdOutTTY":false,"isStdErrTTY":false,