{"metrics":{"http_req_tls_handshaking":{"contains":"time","values":{"p(90)":0,"p(95)":0,"p(99)":0,"avg":0,"min":0,"med":0,"max":0},"type":"trend"},"vus":{"type":"gauge","contains":"default","values":{"value":25,"min":13,"max":1500}},"http_req_connecting":{"type":"trend","contains":"time","values":{"min":0,"med":0,"max":1023.535407,"p(90)":0,"p(95)":0.9378060999999993,"p(99)":6.684375820000084,"avg":0.6839627364635043}},"http_req_failed{ef:1}":{"contains":"default","values":{"rate":1,"passes":2137,"fails":0},"thresholds":{"rate<1.01":{"ok":true}},"type":"rate"},"http_req_blocked":{"type":"trend","contains":"time","values":{"p(90)":0.010357800000000007,"p(95)":1.0136849999999995,"p(99)":6.741193060000108,"avg":0.6956342543883641,"min":0.001192,"med":0.00665,"max":1023.682772}},"http_req_sending":{"type":"trend","contains":"time","values":{"max":31.339979,"p(90)":0.04668300000000001,"p(95)":0.07911189999999999,"p(99)":0.14449160000000033,"avg":0.036202533640877305,"min":0.005037,"med":0.028333}},"iterations":{"type":"counter","contains":"default","values":{"count":20890,"rate":51.82986811855786}},"course_structure_duration":{"type":"trend","contains":"time","values":{"max":24391.370284,"p(90)":23330.556592,"p(95)":23558.675880000003,"p(99)":23997.57399735,"avg":19796.766733545213,"min":63.671088,"med":22220.548594}},"read_activity_duration":{"type":"trend","contains":"time","values":{"p(95)":23475.474673,"p(99)":23896.5653502,"avg":19864.377492306285,"min":38.774372,"med":22049.553926,"max":24263.420159,"p(90)":23232.906641}},"gradebook_duration":{"type":"trend","contains":"time","values":{"p(95)":30000.3731323,"p(99)":30001.034174300003,"avg":24881.18966247099,"min":362.397143,"med":26968.873682,"max":30005.126948,"p(90)":29570.1468432}},"data_sent":{"type":"counter","contains":"data","values":{"rate":14080.609603102606,"count":5675182}},"submit_assignment_duration":{"type":"trend","contains":"time","values":{"avg":19956.0045064162,"min":32.654391,"med":22138.706051,"max":24174.823208,"p(90)":23174.489562,"p(95)":23445.578293,"p(99)":23854.9242899}},"http_req_duration":{"contains":"time","values":{"p(99)":29328.92838796002,"avg":20223.12976329346,"min":14.250353,"med":22237.213891,"max":30005.126948,"p(90)":23588.406550800002,"p(95)":26230.230847399995},"type":"trend"},"http_req_duration{expected_response:true}":{"type":"trend","contains":"time","values":{"avg":20181.209100309457,"min":23.464686,"med":22269.0094935,"max":29998.991299,"p(90)":23657.6488911,"p(95)":26369.54131595,"p(99)":28927.231172459993}},"submit_quiz_duration":{"type":"trend","contains":"time","values":{"max":24880.528517,"p(90)":23629.6089294,"p(95)":23909.8649494,"p(99)":24350.29066664,"avg":19959.043984241947,"min":86.569842,"med":22452.115138}},"cascade_read_duration":{"type":"trend","contains":"time","values":{"p(95)":23610.147097,"p(99)":23912.7743052,"avg":19744.46739704145,"min":42.954518,"med":22309.941866,"max":24444.515841,"p(90)":23398.40013}},"data_received":{"type":"counter","contains":"data","values":{"count":1460318012,"rate":3623173.28736786}},"vus_max":{"type":"gauge","contains":"default","values":{"value":1500,"min":1500,"max":1500}},"marker_grade_duration":{"values":{"avg":20082.51606993216,"min":51.764175,"med":22209.239387,"max":24366.131009,"p(90)":23289.3280735,"p(95)":23515.57401825,"p(99)":23934.268583999998},"type":"trend","contains":"time"},"errors":{"type":"rate","contains":"default","values":{"rate":1,"passes":1078,"fails":0}},"http_req_receiving":{"contains":"time","values":{"max":546.167377,"p(90)":2.011110600000002,"p(95)":19.567191399999988,"p(99)":69.15431274000001,"avg":3.3414775054145927,"min":0,"med":0.100183},"type":"trend"},"material_download_duration":{"type":"trend","contains":"time","values":{"p(95)":23299.5434962,"p(99)":23729.283221240003,"avg":19672.921294614927,"min":37.534874,"med":22046.315805,"max":24173.351236,"p(90)":23064.8153676}},"http_reqs":{"type":"counter","contains":"default","values":{"count":25579,"rate":63.46367623765398}},"http_req_failed":{"type":"rate","contains":"default","values":{"rate":0.12568904179209509,"passes":3215,"fails":22364},"thresholds":{"rate<0.15":{"ok":true}}},"iteration_duration":{"type":"trend","contains":"time","values":{"p(90)":45632.074187,"p(95)":47636.1748333,"p(99)":69195.04364158,"avg":25575.15516037034,"min":370.200668,"med":23355.95432,"max":71372.174539}},"user_grades_duration":{"type":"trend","contains":"time","values":{"min":23.464686,"med":22139.764547500003,"max":25835.350221,"p(90)":23331.1297594,"p(95)":23621.1770591,"p(99)":24213.162696220003,"avg":19811.529228500895}},"checks":{"type":"rate","contains":"default","values":{"rate":0.957856053794128,"passes":24501,"fails":1078}},"grade_submission_duration":{"type":"trend","contains":"time","values":{"min":31.567255,"med":22231.320409,"max":24450.413833,"p(90)":23269.905468,"p(95)":23511.298034,"p(99)":23889.2322114,"avg":20039.208302981377}},"grade_update_duration":{"contains":"time","values":{"max":24000.125718,"p(90)":23026.8433371,"p(95)":23250.1115396,"p(99)":23618.40415244,"avg":19595.423607130066,"min":14.250353,"med":22021.986578999997},"type":"trend"},"http_req_waiting":{"contains":"time","values":{"med":22236.568668,"max":30005.099407,"p(90)":23586.8040996,"p(95)":26188.8643539,"p(99)":29293.903104220004,"avg":20219.75208325446,"min":14.142308},"type":"trend"}},"root_group":{"path":"","id":"d41d8cd98f00b204e9800998ecf8427e","groups":[],"checks":[{"name":"[wh-grade] status 200","path":"::[wh-grade] status 200","id":"747a63480c5228e4182e0b619fd4205c","passes":1021,"fails":0},{"fails":0,"name":"[wh-grade-update] status 200","path":"::[wh-grade-update] status 200","id":"e1c3184baa8417c6f8c9c7cd82501965","passes":1041},{"path":"::[wh-submit] status 201","id":"49f223985d533388331178bd3e8d6a64","passes":3849,"fails":382,"name":"[wh-submit] status 201"},{"passes":2511,"fails":572,"name":"[wh-quiz] start 201","path":"::[wh-quiz] start 201","id":"bc382dfba4db61bcda740eb7d13cbecd"},{"name":"[wh-structure] status 200","path":"::[wh-structure] status 200","id":"9f2134ec9c516bc3787570bcbc5bc9e6","passes":2056,"fails":0},{"name":"[wh-quiz] submit 200","path":"::[wh-quiz] submit 200","id":"4963f6adfea6303590e8a8e9c12d47a1","passes":2497,"fails":0},{"name":"[wh-material-dl] status 200","path":"::[wh-material-dl] status 200","id":"182e87b5d3b46cf8a10f81893f31e347","passes":1018,"fails":0},{"name":"[wh-cascade-pre] status 200","path":"::[wh-cascade-pre] status 200","id":"6cf217efe14ab595b837401653c393f9","passes":1090,"fails":0},{"fails":0,"name":"[wh-cf-non-enrolled] status 403","path":"::[wh-cf-non-enrolled] status 403","id":"6a9d912d2aeb5ec6cb64307cca9056b8","passes":788},{"id":"9791881937dbec10111f5684ec5d2a68","passes":1076,"fails":0,"name":"[wh-cascade-write] status 200","path":"::[wh-cascade-write] status 200"},{"name":"[wh-gradebook] status 200","path":"::[wh-gradebook] status 200","id":"04f91da34414db0af1a48a98d41fa661","passes":1923,"fails":124},{"path":"::[wh-marker-grade] status 200","id":"549ffdbc72b97a1cd0f05b844dbb0567","passes":1076,"fails":0,"name":"[wh-marker-grade] status 200"},{"id":"2eaa088a823153fd8e84cbe4e79e632d","passes":1061,"fails":0,"name":"[wh-cascade-post] status 200","path":"::[wh-cascade-post] status 200"},{"id":"b9f37e7e4ff322953440a920c2825184","passes":1073,"fails":0,"name":"[wh-grade-unauth] status 403","path":"::[wh-grade-unauth] status 403"},{"name":"[wh-user-grades] status 200","path":"::[wh-user-grades] status 200","id":"827cabf91007e26e21b96eb0eaac2825","passes":1084,"fails":0},{"name":"[wh-activity] status 200","path":"::[wh-activity] status 200","id":"aed3f8824d0bcca89ac7d3b2bf25119a","passes":1061,"fails":0},{"path":"::[wh-cf-locked-grade] status 403","id":"a0d2cffa4f26fbeb7022bec9298a706e","passes":276,"fails":0,"name":"[wh-cf-locked-grade] status 403"}],"name":""},"options":{"summaryTrendStats":["avg","min","med","max","p(90)","p(95)","p(99)"],"summaryTimeUnit":"","noColor":false},