{"metrics":{"http_req_duration{expected_response:true}":{"type":"trend","contains":"time","values":{"avg":24801.977644887244,"min":23.19458,"med":28012.154673,"max":29999.744679,"p(90)":29418.1332564,"p(95)":29686.5049004,"p(99)":29930.73147948}},"marker_grade_duration":{"type":"trend","contains":"time","values":{"p(95)":29975.3321304,"p(99)":29999.9101444,"avg":25130.886375231737,"min":0.788721,"med":28123.207713,"max":30001.045746,"p(90)":29682.6808672}},"submit_quiz_duration":{"values":{"p(90)":29964.823502,"p(95)":30000.641567749997,"p(99)":30001.1200206,"avg":24484.936430757498,"min":0.091409,"med":28358.459356,"max":30044.97469},"type":"trend","contains":"time"},"grade_submission_duration":{"type":"trend","contains":"time","values":{"max":30023.382495,"p(90)":29603.1235065,"p(95)":29974.285775,"p(99)":30000.0565041,"avg":25277.082640941604,"min":0.769191,"med":28144.585242}},"http_req_waiting":{"type":"trend","contains":"time","values":{"max":30186.287346,"p(90)":29974.8242201,"p(95)":29999.4235457,"p(99)":30000.51438988,"avg":25300.76879280632,"min":0.07949,"med":28215.921019}},"cascade_read_duration":{"values":{"med":28262.99338,"max":30019.867824,"p(90)":29736.331882399998,"p(95)":29993.6175014,"p(99)":30001.04122832,"avg":24657.667639733914,"min":42.846145},"type":"trend","contains":"time"},"gradebook_duration":{"contains":"time","values":{"p(90)":30000.024168199998,"p(95)":30000.24644,"p(99)":30008.93490584,"avg":27517.450214839984,"min":0.743132,"med":29999.109915,"max":30186.341479},"type":"trend"},"http_req_failed":{"type":"rate","contains":"default","values":{"rate":0.2404159721718965,"passes":6635,"fails":20963},"thresholds":{"rate<0.15":{"ok":false}}},"read_activity_duration":{"type":"trend","contains":"time","values":{"avg":25184.31543801323,"min":0.700887,"med":28056.179777999998,"max":30003.031299,"p(90)":29467.492578,"p(95)":29853.6257107,"p(99)":29999.78505427}},"errors":{"type":"rate","contains":"default","values":{"rate":1,"passes":4337,"fails":0}},"user_grades_duration":{"type":"trend","contains":"time","values":{"avg":24972.83815302732,"min":0.852047,"med":27962.693678,"max":30018.479561,"p(90)":29628.163513,"p(95)":29939.7203925,"p(99)":29999.9615174}},"grade_update_duration":{"values":{"p(99)":29984.9433035,"avg":24911.24215468304,"min":0.17091,"med":27905.703185,"max":30035.150605,"p(90)":29367.4432835,"p(95)":29657.435896},"type":"trend","contains":"time"},"vus_max":{"type":"gauge","contains":"default","values":{"max":2000,"value":2000,"min":2000}},"http_req_blocked":{"type":"trend","contains":"time","values":{"p(99)":95.72034993999998,"avg":7.76817245735197,"min":0.001322,"med":1.072914,"max":1060.272808,"p(90)":10.288117299999994,"p(95)":24.348251199999975}},"http_req_duration":{"type":"trend","contains":"time","values":{"p(95)":29999.48370995,"p(99)":30000.54419819,"avg":25301.94331886814,"min":0.091409,"med":28217.5578275,"max":30186.341479,"p(90)":29975.344672199997}},"http_req_tls_handshaking":{"contains":"time","values":{"avg":0,"min":0,"med":0,"max":0,"p(90)":0,"p(95)":0,"p(99)":0},"type":"trend"},"submit_assignment_duration":{"values":{"p(95)":29815.4258132,"p(99)":29999.7287877,"avg":25215.664551984315,"min":0.653354,"med":28107.10895,"max":30020.672217,"p(90)":29529.55417},"type":"trend","contains":"time"},"data_sent":{"type":"counter","contains":"data","values":{"count":6137846,"rate":15021.851605923339}},"http_req_receiving":{"type":"trend","contains":"time","values":{"avg":1.072815427675907,"min":0,"med":0.089657,"max":285.663373,"p(90)":0.794113,"p(95)":1.2926796499999986,"p(99)":25.63186495999965}},"course_structure_duration":{"type":"trend","contains":"time","values":{"med":28239.350006,"max":30023.439692,"p(90)":29746.140364,"p(95)":29988.784062500003,"p(99)":29999.9098226,"avg":25649.596448196495,"min":0.817234}},"http_req_sending":{"type":"trend","contains":"time","values":{"max":219.097589,"p(90)":0.093583,"p(95)":0.11093815,"p(99)":0.21212259999999927,"avg":0.10171063435756204,"min":0.004898,"med":0.049801}},"iterations":{"type":"counter","contains":"default","values":{"count":22992,"rate":56.27094784121162}},"data_received":{"values":{"count":461273782,"rate":1128928.015285335},"type":"counter","contains":"data"},"http_req_failed{ef:1}":{"type":"rate","contains":"default","values":{"rate":1,"passes":2340,"fails":0},"thresholds":{"rate<1.01":{"ok":true}}},"vus":{"type":"gauge","contains":"default","values":{"value":7,"min":7,"max":2000}},"checks":{"values":{"rate":0.8428509312269005,"passes":23261,"fails":4337},"type":"rate","contains":"default"},"http_req_connecting":{"contains":"time","values":{"min":0,"med":1.0111745,"max":1060.167597,"p(90)":10.1444266,"p(95)":24.212373049999975,"p(99)":94.89828080999908,"avg":7.703790871548726},"type":"trend"},"iteration_duration":{"type":"trend","contains":"time","values":{"min":2.112166,"med":29443.932215,"max":89340.630466,"p(90)":56429.1549234,"p(95)":59046.59540125,"p(99)":86261.80469292,"avg":31034.56392270549}},"http_reqs":{"values":{"rate":67.54373775755734,"count":27598},"type":"counter","contains":"default"},"material_download_duration":{"type":"trend","contains":"time","values":{"avg":25119.532940849083,"min":0.780238,"med":28126.272868499997,"max":30000.294416,"p(90)":29481.834911500002,"p(95)":29783.796051999998,"p(99)":29999.4027576}}},"root_group":{"name":"","path":"","id":"d41d8cd98f00b204e9800998ecf8427e","groups":[],"checks":[{"name":"[wh-submit] status 201","path":"::[wh-submit] status 201","id":"49f223985d533388331178bd3e8d6a64","passes":4029,"fails":630},{"name":"[wh-grade] status 200","path":"::[wh-grade] status 200","id":"747a63480c5228e4182e0b619fd4205c","passes":1035,"fails":61},{"passes":1130,"fails":36,"name":"[wh-material-dl] status 200","path":"::[wh-material-dl] status 200","id":"182e87b5d3b46cf8a10f81893f31e347"},{"name":"[wh-cascade-pre] status 200","path":"::[wh-cascade-pre] status 200","id":"6cf217efe14ab595b837401653c393f9","passes":987,"fails":63},{"name":"[wh-cascade-write] status 200","path":"::[wh-cascade-write] status 200","id":"9791881937dbec10111f5684ec5d2a68","passes":932,"fails":26},{"fails":54,"name":"[wh-user-grades] status 200","path":"::[wh-user-grades] status 200","id":"827cabf91007e26e21b96eb0eaac2825","passes":1117},{"name":"[wh-grade-unauth] status 403","path":"::[wh-grade-unauth] status 403","id":"b9f37e7e4ff322953440a920c2825184","passes":1150,"fails":20},{"path":"::[wh-cascade-post] status 200","id":"2eaa088a823153fd8e84cbe4e79e632d","passes":845,"fails":42,"name":"[wh-cascade-post] status 200"},{"name":"[wh-quiz] start 201","path":"::[wh-quiz] start 201","id":"bc382dfba4db61bcda740eb7d13cbecd","passes":2674,"fails":916},{"name":"[wh-marker-grade] status 200","path":"::[wh-marker-grade] status 200","id":"549ffdbc72b97a1cd0f05b844dbb0567","passes":1047,"fails":62},{"name":"[wh-quiz] submit 200","path":"::[wh-quiz] submit 200","id":"4963f6adfea6303590e8a8e9c12d47a1","passes":2273,"fails":333},{"path":"::[wh-structure] status 200","id":"9f2134ec9c516bc3787570bcbc5bc9e6","passes":2187,"fails":144,"name":"[wh-structure] status 200"},{"path":"::[wh-grade-update] status 200","id":"e1c3184baa8417c6f8c9c7cd82501965","passes":1103,"fails":29,"name":"[wh-grade-update] status 200"},{"name":"[wh-gradebook] status 200","path":"::[wh-gradebook] status 200","id":"04f91da34414db0af1a48a98d41fa661","passes":513,"fails":1856},{"name":"[wh-cf-locked-grade] status 403","path":"::[wh-cf-locked-grade] status 403","id":"a0d2cffa4f26fbeb7022bec9298a706e","passes":291,"fails":3},{"name":"[wh-activity] status 200","path":"::[wh-activity] status 200","id":"aed3f8824d0bcca89ac7d3b2bf25119a","passes":1091,"fails":43},{"name":"[wh-cf-non-enrolled] status 403","path":"::[wh-cf-non-enrolled] status 403","id":"6a9d912d2aeb5ec6cb64307cca9056b8","passes":857,"fails":19}]},"options":{"summaryTimeUnit":"","noColor":false,"summaryTrendStats":["avg","min","med","max","p(90)","p(95)","p(99)"]},"state":{"isStdOutTTY":false,"isStdErrTTY":false,