{"options":{"summaryTrendStats":["avg","min","med","max","p(90)","p(95)","p(99)"],"summaryTimeUnit":"","noColor":false},"state":{"isStdOutTTY":false,"isStdErrTTY":false,"testRunDurationMs":390885.887015},"metrics":{"http_req_receiving":{"type":"trend","contains":"time","values":{"max":37.989022,"p(90)":0.262234,"p(95)":0.37655019999999984,"p(99)":0.8345261999999999,"avg":0.18447207737073382,"min":0.030456,"med":0.135729}},"iteration_duration":{"type":"trend","contains":"time","values":{"p(90)":7339.6313686,"p(95)":7794.632617900001,"p(99)":8363.71559804,"avg":4351.575314208012,"min":340.662767,"med":4095.407524,"max":9560.900635}},"data_received":{"type":"counter","contains":"data","values":{"count":90765891,"rate":232205.5976314052}},"checks":{"values":{"rate":0.9996568381595966,"passes":37870,"fails":13},"type":"rate","contains":"default"},"http_req_waiting":{"type":"trend","contains":"time","values":{"max":5143.915905,"p(90)":3608.064748,"p(95)":3749.3131492,"p(99)":4047.29541,"avg":2874.952845909403,"min":19.899172,"med":3121.748542}},"iterations":{"values":{"count":19907,"rate":50.92790674030163},"type":"counter","contains":"default"},"http_req_failed":{"values":{"rate":0,"passes":0,"fails":23885},"thresholds":{"rate<0.10":{"ok":true}},"type":"rate","contains":"default"},"http_req_tls_handshaking":{"type":"trend","contains":"time","values":{"p(99)":0,"avg":0,"min":0,"med":0,"max":0,"p(90)":0,"p(95)":0}},"http_req_connecting":{"values":{"p(95)":0,"p(99)":0.1583453599999998,"avg":0.004197328700020935,"min":0,"med":0,"max":23.883925,"p(90)":0},"type":"trend","contains":"time"},"submit_quiz_duration":{"contains":"time","values":{"p(90)":3796.4715048,"p(95)":3943.25011705,"p(99)":4203.8429522100005,"avg":3089.379471087235,"min":47.068309,"med":3355.422868,"max":5055.135024},"type":"trend"},"grade_submission_duration":{"type":"trend","contains":"time","values":{"max":4810.806139,"p(90)":3748.049386,"p(95)":3865.8939524999996,"p(99)":4136.389076000001,"avg":3019.80854479313,"min":44.369069,"med":3300.964701}},"http_req_duration":{"type":"trend","contains":"time","values":{"p(95)":3749.4769216,"p(99)":4047.45105816,"avg":2875.1846863377154,"min":20.041613,"med":3121.991707,"max":5144.111308,"p(90)":3608.2568994},"thresholds":{"p(95)<3000":{"ok":false}}},"http_req_blocked":{"type":"trend","contains":"time","values":{"p(95)":0.02359379999999996,"p(99)":0.2648615199999999,"avg":0.01931699920452156,"min":0.002912,"med":0.010192,"max":24.033219,"p(90)":0.015577200000000005}},"submit_assignment_duration":{"type":"trend","contains":"time","values":{"p(95)":3781.844799,"p(99)":4047.44428205,"avg":2952.9092172040455,"min":36.311514,"med":3237.4066395,"max":5144.111308,"p(90)":3655.476133}},"vus":{"type":"gauge","contains":"default","values":{"value":2,"min":2,"max":250}},"http_reqs":{"contains":"default","values":{"count":23885,"rate":61.1047898976292},"type":"counter"},"http_req_sending":{"type":"trend","contains":"time","values":{"p(99)":0.14403783999999997,"avg":0.04736835093154709,"min":0.00905,"med":0.037953,"max":20.450046,"p(90)":0.05862120000000002,"p(95)":0.07066659999999998}},"vus_max":{"contains":"default","values":{"max":250,"value":250,"min":250},"type":"gauge"},"assignment_detail_duration":{"type":"trend","contains":"time","values":{"min":21.698183,"med":2999.251011,"max":4694.140056,"p(90)":3354.5095532,"p(95)":3471.6245529,"p(99)":3697.4258147,"avg":2710.402163904937}},"http_req_duration{expected_response:true}":{"type":"trend","contains":"time","values":{"p(99)":4047.45105816,"avg":2875.1846863377154,"min":20.041613,"med":3121.991707,"max":5144.111308,"p(90)":3608.2568994,"p(95)":3749.4769216}},"data_sent":{"type":"counter","contains":"data","values":{"count":4535316,"rate":11602.659882744654}},"errors":{"type":"rate","contains":"default","values":{"fails":0,"rate":0,"passes":0},"thresholds":{"rate<0.10":{"ok":true}}},"gradebook_duration":{"type":"trend","contains":"time","values":{"avg":2672.258045977625,"min":20.041613,"med":2953.7711815000002,"max":4833.593259,"p(90)":3295.8996316000002,"p(95)":3413.2663761,"p(99)":3677.21110792}}},"root_group":{"id":"d41d8cd98f00b204e9800998ecf8427e","groups":[],"checks":[{"fails":0,"name":"[submit-assignment] status 201 or 400","path":"::[submit-assignment] status 201 or 400","id":"c6b8e5b4b95e1cad4532c36b70154d08","passes":5896},{"name":"[quiz-attempt] start 201","path":"::[quiz-attempt] start 201","id":"18f54229dcbc1aba2aecf8a61f0db771","passes":3978,"fails":13},{"name":"[quiz-attempt] submit 200","path":"::[quiz-attempt] submit 200","id":"3aac290b0fb83ec96bbf8f19a1813a81","passes":3978,"fails":0},{"path":"::[quiz-attempt] success","id":"6398ec5c83f0a8abdc14be5794d5070f","passes":3978,"fails":0,"name":"[quiz-attempt] success"},{"name":"[gradebook] status 200","path":"::[gradebook] status 200","id":"9186de991ebaa0ed414ff11baa5503d0","passes":4022,"fails":0},{"name":"[gradebook] success","path":"::[gradebook] success","id":"a15a69867e50cddaa06c049f7cde480d","passes":4022,"fails":0},{"name":"[grade-submission] status 200","path":"::[grade-submission] status 200","id":"0b00b1c9fc4243dfcbcade089d53f4c1","passes":2011,"fails":0},{"name":"[grade-submission] success","path":"::[grade-submission] success","id":"dc7c3576ea1686ed510a59cbde26957e","passes":2011,"fails":0},{"name":"[assignment-detail] status 200","path":"::[assignment-detail] status 200","id":"e710e6c64d866e8aa495eeee12857a96","passes":3987,"fails":0},{"id":"2eca0bd45992b6c1691069c6af81d1ee","passes":3987,"fails":0,"name":"[assignment-detail] success","path":"::[assignment-detail] success"}],"name":"","path":""}}