{"state":{"isStdOutTTY":false,"isStdErrTTY":false,"testRunDurationMs":390554.703114},"metrics":{"vus_max":{"type":"gauge","contains":"default","values":{"value":500,"min":500,"max":500}},"submit_quiz_duration":{"type":"trend","contains":"time","values":{"max":9406.685752,"p(90)":7827.1092675,"p(95)":7960.114676249999,"p(99)":8225.33180575,"avg":6659.429941457994,"min":47.112873,"med":7304.134339}},"errors":{"thresholds":{"rate<0.10":{"ok":true}},"type":"rate","contains":"default","values":{"rate":0,"passes":0,"fails":0}},"checks":{"type":"rate","contains":"default","values":{"rate":0.9997914168013766,"passes":38346,"fails":8}},"http_req_waiting":{"type":"trend","contains":"time","values":{"med":7067.288484,"max":9406.48292,"p(90)":7626.463141,"p(95)":7776.668524,"p(99)":8072.9893866,"avg":6447.311318200973,"min":21.837601}},"iteration_duration":{"type":"trend","contains":"time","values":{"p(99)":16363.119562919997,"avg":8617.212461341662,"min":391.879282,"med":8043.227823,"max":17731.76165,"p(90)":15207.561344200001,"p(95)":15742.280689199999}},"http_req_blocked":{"type":"trend","contains":"time","values":{"p(95)":0.02564,"p(99)":0.3256040000000004,"avg":0.02214598060460717,"min":0.003157,"med":0.010693,"max":23.511082,"p(90)":0.016165}},"assignment_detail_duration":{"values":{"min":27.314578,"med":6936.183101,"max":9056.384429,"p(90)":7379.778148,"p(95)":7489.233662000001,"p(99)":7716.2173033,"avg":6302.111248050365},"type":"trend","contains":"time"},"http_req_receiving":{"type":"trend","contains":"time","values":{"avg":0.18986068251933313,"min":0.029558,"med":0.137121,"max":36.553684,"p(90)":0.266932,"p(95)":0.385949,"p(99)":0.9131050000000009}},"grade_submission_duration":{"contains":"time","values":{"max":8928.279527,"p(90)":7777.1243762,"p(95)":7894.0483102,"p(99)":8175.49192344,"avg":6603.29392869305,"min":44.837147,"med":7249.002919},"type":"trend"},"http_req_duration":{"values":{"p(99)":8073.120144400001,"avg":6447.549059815091,"min":22.19051,"med":7067.477431,"max":9406.685752,"p(90)":7626.710443,"p(95)":7776.821224},"thresholds":{"p(95)<3000":{"ok":false}},"type":"trend","contains":"time"},"http_reqs":{"type":"counter","contains":"default","values":{"count":24181,"rate":61.91450213554783}},"http_req_failed":{"contains":"default","values":{"rate":0,"passes":0,"fails":24181},"thresholds":{"rate<0.10":{"ok":true}},"type":"rate"},"http_req_sending":{"contains":"time","values":{"p(99)":0.13925500000000027,"avg":0.047880931599189,"min":0.008547,"med":0.038278,"max":30.824024,"p(90)":0.059533,"p(95)":0.074115},"type":"trend"},"data_received":{"contains":"data","values":{"rate":228576.66874374385,"count":89271693},"type":"counter"},"iterations":{"type":"counter","contains":"default","values":{"count":20205,"rate":51.73411007190537}},"gradebook_duration":{"type":"trend","contains":"time","values":{"p(95)":7445.7847585,"p(99)":7737.8534849,"avg":6252.30753071485,"min":22.19051,"med":6877.39929,"max":8834.661271,"p(90)":7322.5719994}},"http_req_connecting":{"type":"trend","contains":"time","values":{"max":23.397827,"p(90)":0,"p(95)":0,"p(99)":0.21610160000000014,"avg":0.007962529051734836,"min":0,"med":0}},"vus":{"type":"gauge","contains":"default","values":{"value":17,"min":6,"max":500}},"data_sent":{"type":"counter","contains":"data","values":{"count":4587192,"rate":11745.32520905537}},"http_req_tls_handshaking":{"values":{"avg":0,"min":0,"med":0,"max":0,"p(90)":0,"p(95)":0,"p(99)":0},"type":"trend","contains":"time"},"submit_assignment_duration":{"type":"trend","contains":"time","values":{"p(95)":7813.52326525,"p(99)":8104.423521579999,"avg":6517.505258916345,"min":42.725052,"med":7180.959220000001,"max":9052.536699,"p(90)":7684.7760744}},"http_req_duration{expected_response:true}":{"contains":"time","values":{"p(95)":7776.821224,"p(99)":8073.120144400001,"avg":6447.549059815091,"min":22.19051,"med":7067.477431,"max":9406.685752,"p(90)":7626.710443},"type":"trend"}},"root_group":{"name":"","path":"","id":"d41d8cd98f00b204e9800998ecf8427e","groups":[],"checks":[{"fails":0,"name":"[assignment-detail] status 200","path":"::[assignment-detail] status 200","id":"e710e6c64d866e8aa495eeee12857a96","passes":4091},{"name":"[assignment-detail] success","path":"::[assignment-detail] success","id":"2eca0bd45992b6c1691069c6af81d1ee","passes":4091,"fails":0},{"fails":0,"name":"[submit-assignment] status 201 or 400","path":"::[submit-assignment] status 201 or 400","id":"c6b8e5b4b95e1cad4532c36b70154d08","passes":6024},{"name":"[quiz-attempt] start 201","path":"::[quiz-attempt] start 201","id":"18f54229dcbc1aba2aecf8a61f0db771","passes":3976,"fails":8},{"passes":3976,"fails":0,"name":"[quiz-attempt] submit 200","path":"::[quiz-attempt] submit 200","id":"3aac290b0fb83ec96bbf8f19a1813a81"},{"name":"[quiz-attempt] success","path":"::[quiz-attempt] success","id":"6398ec5c83f0a8abdc14be5794d5070f","passes":3976,"fails":0},{"name":"[grade-submission] status 200","path":"::[grade-submission] status 200","id":"0b00b1c9fc4243dfcbcade089d53f4c1","passes":2059,"fails":0},{"name":"[grade-submission] success","path":"::[grade-submission] success","id":"dc7c3576ea1686ed510a59cbde26957e","passes":2059,"fails":0},{"name":"[gradebook] status 200","path":"::[gradebook] status 200","id":"9186de991ebaa0ed414ff11baa5503d0","passes":4047,"fails":0},{"id":"a15a69867e50cddaa06c049f7cde480d","passes":4047,"fails":0,"name":"[gradebook] success","path":"::[gradebook] success"}]},"options":{"summaryTrendStats":["avg","min","med","max","p(90)","p(95)","p(99)"],"summaryTimeUnit":"","noColor":false}}