{"metrics":{"errors":{"type":"rate","contains":"default","values":{"passes":1091,"fails":0,"rate":1}},"http_req_connecting":{"contains":"time","values":{"avg":0.2881808182941907,"min":0,"med":0,"max":1020.982158,"p(90)":0,"p(95)":0,"p(99)":1.4661127600000001},"type":"trend"},"marker_grade_duration":{"type":"trend","contains":"time","values":{"p(95)":10609.7489735,"p(99)":10905.683516329998,"avg":8789.215073672327,"min":35.518341,"med":9459.774106500001,"max":11248.174412,"p(90)":10405.6564971}},"http_req_waiting":{"contains":"time","values":{"avg":9072.171047281705,"min":14.223195,"med":9472.368014,"max":18232.638513,"p(90)":10703.2870796,"p(95)":13470.211897599997,"p(99)":15944.39322588},"type":"trend"},"checks":{"type":"rate","contains":"default","values":{"rate":0.9591339850919579,"passes":25606,"fails":1091}},"data_received":{"type":"counter","contains":"data","values":{"count":1687547608,"rate":4314561.844909414}},"http_req_tls_handshaking":{"type":"trend","contains":"time","values":{"p(99)":0,"avg":0,"min":0,"med":0,"max":0,"p(90)":0,"p(95)":0}},"http_reqs":{"type":"counter","contains":"default","values":{"count":26697,"rate":68.25636031095996}},"http_req_sending":{"values":{"p(90)":0.04065600000000001,"p(95)":0.05400599999999994,"p(99)":0.12783700000000003,"avg":0.03406714975465432,"min":0.004767,"med":0.02697,"max":65.466049},"type":"trend","contains":"time"},"grade_update_duration":{"type":"trend","contains":"time","values":{"max":10942.609708,"p(90)":10106.838595500001,"p(95)":10315.567880699999,"p(99)":10543.91155212,"avg":8522.668250073935,"min":18.319338,"med":9230.918089}},"gradebook_duration":{"type":"trend","contains":"time","values":{"p(99)":17530.08627776,"avg":13326.105835954539,"min":241.710437,"med":13945.501348,"max":18333.861082,"p(90)":16158.0077084,"p(95)":16641.1925137}},"user_grades_duration":{"type":"trend","contains":"time","values":{"p(90)":10337.054988,"p(95)":10578.0690915,"p(99)":11027.659182600002,"avg":8749.094417336493,"min":18.532662,"med":9398.13873,"max":11756.542403}},"vus_max":{"values":{"value":750,"min":750,"max":750},"type":"gauge","contains":"default"},"cascade_read_duration":{"contains":"time","values":{"avg":8766.304364917263,"min":34.712735,"med":9486.798283,"max":11491.069618,"p(90)":10403.7875001,"p(95)":10687.182973,"p(99)":11046.688743379997},"type":"trend"},"vus":{"type":"gauge","contains":"default","values":{"value":1,"min":1,"max":750}},"material_download_duration":{"type":"trend","contains":"time","values":{"max":11164.442767,"p(90)":10151.7139712,"p(95)":10386.3086264,"p(99)":10758.221922179999,"avg":8410.587251487941,"min":32.347554,"med":9286.098435}},"http_req_receiving":{"type":"trend","contains":"time","values":{"min":0.014571,"med":0.099571,"max":455.806725,"p(90)":2.3392020000000104,"p(95)":20.299082399999854,"p(99)":71.37670624000016,"avg":3.445290708319275}},"http_req_failed{ef:1}":{"type":"rate","contains":"default","values":{"rate":1,"passes":2140,"fails":0},"thresholds":{"rate<1.01":{"ok":true}}},"course_structure_duration":{"type":"trend","contains":"time","values":{"max":11405.616197,"p(90)":10405.699799,"p(95)":10649.8416565,"p(99)":10986.399603,"avg":8763.030319379366,"min":33.013039,"med":9518.091904}},"read_activity_duration":{"values":{"p(90)":10308.0007401,"p(95)":10535.83028995,"p(99)":10883.04901764,"avg":8839.448568864562,"min":23.512411,"med":9390.9568885,"max":11222.22268},"type":"trend","contains":"time"},"data_sent":{"type":"counter","contains":"data","values":{"count":5917451,"rate":15129.178094109837}},"submit_quiz_duration":{"type":"trend","contains":"time","values":{"avg":8930.537258082419,"min":56.919208,"med":9742.925188000001,"max":11967.724321,"p(90)":10662.5790642,"p(95)":10917.8365038,"p(99)":11255.9689417}},"iterations":{"values":{"count":21913,"rate":56.0250823498545},"type":"counter","contains":"default"},"http_req_duration{expected_response:true}":{"type":"trend","contains":"time","values":{"avg":9135.111872518912,"min":18.532662,"med":9511.778789,"max":18333.861082,"p(90)":10829.430685,"p(95)":13819.410807,"p(99)":16089.736989199997}},"http_req_duration":{"type":"trend","contains":"time","values":{"p(90)":10707.3045968,"p(95)":13513.785262999994,"p(99)":15986.288485160001,"avg":9075.650405139886,"min":14.353142,"med":9473.1667,"max":18333.861082}},"http_req_failed":{"type":"rate","contains":"default","values":{"rate":0.12102483425103944,"passes":3231,"fails":23466},"thresholds":{"rate<0.15":{"ok":true}}},"iteration_duration":{"values":{"avg":11961.643931399176,"min":393.318509,"med":10563.482529,"max":32695.549643,"p(90)":20235.5435464,"p(95)":21709.571952199993,"p(99)":30401.969468720006},"type":"trend","contains":"time"},"grade_submission_duration":{"type":"trend","contains":"time","values":{"p(95)":10540.6642494,"p(99)":10784.503852979999,"avg":8701.478919245725,"min":31.633688,"med":9391.248937,"max":11216.069624,"p(90)":10331.6345738}},"http_req_blocked":{"values":{"p(99)":1.554699480000004,"avg":0.2979258641420391,"min":0.001082,"med":0.00642,"max":1021.064453,"p(90)":0.008874,"p(95)":0.013119399999999995},"type":"trend","contains":"time"},"submit_assignment_duration":{"type":"trend","contains":"time","values":{"max":11270.859504,"p(90)":10255.131446200001,"p(95)":10484.1751612,"p(99)":10808.26099072,"avg":8642.939470635067,"min":26.855277,"med":9385.969298}}},"root_group":{"name":"","path":"","id":"d41d8cd98f00b204e9800998ecf8427e","groups":[],"checks":[{"name":"[wh-submit] status 201","path":"::[wh-submit] status 201","id":"49f223985d533388331178bd3e8d6a64","passes":3994,"fails":423},{"name":"[wh-material-dl] status 200","path":"::[wh-material-dl] status 200","id":"182e87b5d3b46cf8a10f81893f31e347","passes":1119,"fails":0},{"name":"[wh-cascade-pre] status 200","path":"::[wh-cascade-pre] status 200","id":"6cf217efe14ab595b837401653c393f9","passes":1088,"fails":0},{"name":"[wh-cascade-write] status 200","path":"::[wh-cascade-write] status 200","id":"9791881937dbec10111f5684ec5d2a68","passes":1088,"fails":0},{"name":"[wh-cascade-post] status 200","path":"::[wh-cascade-post] status 200","id":"2eaa088a823153fd8e84cbe4e79e632d","passes":1088,"fails":0},{"name":"[wh-grade-unauth] status 403","path":"::[wh-grade-unauth] status 403","id":"b9f37e7e4ff322953440a920c2825184","passes":1054,"fails":0},{"id":"827cabf91007e26e21b96eb0eaac2825","passes":1055,"fails":0,"name":"[wh-user-grades] status 200","path":"::[wh-user-grades] status 200"},{"name":"[wh-marker-grade] status 200","path":"::[wh-marker-grade] status 200","id":"549ffdbc72b97a1cd0f05b844dbb0567","passes":1120,"fails":0},{"name":"[wh-grade-update] status 200","path":"::[wh-grade-update] status 200","id":"e1c3184baa8417c6f8c9c7cd82501965","passes":1056,"fails":0},{"name":"[wh-structure] status 200","path":"::[wh-structure] status 200","id":"9f2134ec9c516bc3787570bcbc5bc9e6","passes":2251,"fails":0},{"name":"[wh-quiz] start 201","path":"::[wh-quiz] start 201","id":"bc382dfba4db61bcda740eb7d13cbecd","passes":2608,"fails":667},{"name":"[wh-quiz] submit 200","path":"::[wh-quiz] submit 200","id":"4963f6adfea6303590e8a8e9c12d47a1","passes":2608,"fails":0},{"passes":1078,"fails":0,"name":"[wh-activity] status 200","path":"::[wh-activity] status 200","id":"aed3f8824d0bcca89ac7d3b2bf25119a"},{"name":"[wh-gradebook] status 200","path":"::[wh-gradebook] status 200","id":"04f91da34414db0af1a48a98d41fa661","passes":2199,"fails":0},{"id":"6a9d912d2aeb5ec6cb64307cca9056b8","passes":816,"fails":0,"name":"[wh-cf-non-enrolled] status 403","path":"::[wh-cf-non-enrolled] status 403"},{"path":"::[wh-grade] status 200","id":"747a63480c5228e4182e0b619fd4205c","passes":1114,"fails":1,"name":"[wh-grade] status 200"},{"path":"::[wh-cf-locked-grade] status 403","id":"a0d2cffa4f26fbeb7022bec9298a706e","passes":270,"fails":0,"name":"[wh-cf-locked-grade] status 403"}]},"options":{"summaryTrendStats":["avg","min","med","max","p(90)","p(95)","p(99)"],"summaryTimeUnit":"","noColor":false},"state":{"isStdOutTTY":false,