{"metrics":{"http_req_waiting":{"contains":"time","values":{"avg":22284.753636764086,"min":0,"med":25065.0015755,"max":28972.995852,"p(90)":26778.5739317,"p(95)":27153.50296075,"p(99)":27694.51507564},"type":"trend"},"submit_assignment_duration":{"type":"trend","contains":"time","values":{"med":25074.3243105,"max":28761.680843,"p(90)":26721.2980427,"p(95)":27145.22542725,"p(99)":27659.40559793,"avg":22200.83638376602,"min":0}},"http_req_blocked":{"type":"trend","contains":"time","values":{"min":0.00414,"med":0.306739,"max":142.389396,"p(90)":0.45500200000000013,"p(95)":0.59787695,"p(99)":2.4630406099999824,"avg":0.39831288580140706}},"iteration_duration":{"type":"trend","contains":"time","values":{"p(95)":52398.2692608,"p(99)":53986.67495464,"avg":27570.67470886696,"min":308.305515,"med":26231.739447,"max":56152.045357,"p(90)":51167.4543366}},"data_received":{"type":"counter","contains":"data","values":{"count":85263243,"rate":210983.5891297272}},"http_req_sending":{"type":"trend","contains":"time","values":{"p(95)":0.1457734,"p(99)":0.30426176999999743,"avg":0.09695623234839418,"min":0,"med":0.073904,"max":41.717239,"p(90)":0.12097350000000001}},"http_req_duration{expected_response:true}":{"values":{"max":28973.323957,"p(90)":26788.695842,"p(95)":27160.368703,"p(99)":27698.9382428,"avg":22687.405524522746,"min":41.146952,"med":25087.907481},"type":"trend","contains":"time"},"grade_submission_duration":{"type":"trend","contains":"time","values":{"max":28293.042483,"p(90)":26878.9359516,"p(95)":27273.9046718,"p(99)":27740.83514084,"avg":22248.911767722017,"min":0.648925,"med":25139.81619}},"data_sent":{"type":"counter","contains":"data","values":{"count":4416874,"rate":10929.53887824528}},"iterations":{"type":"counter","contains":"default","values":{"count":19397,"rate":47.99780696060691}},"submit_quiz_duration":{"type":"trend","contains":"time","values":{"p(99)":27939.14197423,"avg":22845.43615926339,"min":0.208672,"med":25244.717285,"max":28672.059838,"p(90)":27002.974541300002,"p(95)":27380.318011699997}},"http_reqs":{"type":"counter","contains":"default","values":{"count":23284,"rate":57.61617452548184}},"http_req_tls_handshaking":{"type":"trend","contains":"time","values":{"avg":0,"min":0,"med":0,"max":0,"p(90)":0,"p(95)":0,"p(99)":0}},"gradebook_duration":{"type":"trend","contains":"time","values":{"p(95)":27177.1200665,"p(99)":27699.91909672,"avg":22195.19856493492,"min":0,"med":25120.446878,"max":28973.323957,"p(90)":26812.3534362}},"assignment_detail_duration":{"type":"trend","contains":"time","values":{"med":24923.535907999998,"max":28842.388017,"p(90)":26694.3284776,"p(95)":26992.4181798,"p(99)":27488.03524167,"avg":22016.3440519054,"min":0}},"http_req_receiving":{"values":{"med":0.156046,"max":47.910573,"p(90)":0.3029070000000001,"p(95)":0.43909224999999985,"p(99)":1.2658915999999947,"avg":0.24372308211647745,"min":0},"type":"trend","contains":"time"},"vus_max":{"type":"gauge","contains":"default","values":{"value":1500,"min":1380,"max":1500}},"vus":{"type":"gauge","contains":"default","values":{"value":4,"min":0,"max":1500}},"http_req_connecting":{"type":"trend","contains":"time","values":{"max":142.29165,"p(90)":0.3207499000000001,"p(95)":0.4428985999999997,"p(99)":1.9180681599999494,"avg":0.3051747231575331,"min":0,"med":0.217899}},"checks":{"values":{"fails":641,"rate":0.9826051560379918,"passes":36209},"type":"rate","contains":"default"},"errors":{"type":"rate","contains":"default","values":{"fails":0,"rate":1,"passes":347},"thresholds":{"rate<0.10":{"ok":false}}},"http_req_duration":{"contains":"time","values":{"min":0,"med":25065.407384500002,"max":28973.323957,"p(90)":26778.8163779,"p(95)":27153.896099100002,"p(99)":27694.88870132,"avg":22285.09431607843},"thresholds":{"p(95)<3000":{"ok":false}},"type":"trend"},"http_req_failed":{"type":"rate","contains":"default","values":{"rate":0.017737502147397353,"passes":413,"fails":22871},"thresholds":{"rate<0.10":{"ok":true}}}},"root_group":{"name":"","path":"","id":"d41d8cd98f00b204e9800998ecf8427e","groups":[],"checks":[{"name":"[quiz-attempt] start 201","path":"::[quiz-attempt] start 201","id":"18f54229dcbc1aba2aecf8a61f0db771","passes":3878,"fails":72},{"fails":125,"name":"[submit-assignment] status 201 or 400","path":"::[submit-assignment] status 201 or 400","id":"c6b8e5b4b95e1cad4532c36b70154d08","passes":5643},{"id":"0b00b1c9fc4243dfcbcade089d53f4c1","passes":1813,"fails":36,"name":"[grade-submission] status 200","path":"::[grade-submission] status 200"},{"name":"[grade-submission] success","path":"::[grade-submission] success","id":"dc7c3576ea1686ed510a59cbde26957e","passes":1813,"fails":36},{"name":"[gradebook] status 200","path":"::[gradebook] status 200","id":"9186de991ebaa0ed414ff11baa5503d0","passes":3845,"fails":74},{"name":"[gradebook] success","path":"::[gradebook] success","id":"a15a69867e50cddaa06c049f7cde480d","passes":3845,"fails":74},{"name":"[quiz-attempt] submit 200","path":"::[quiz-attempt] submit 200","id":"3aac290b0fb83ec96bbf8f19a1813a81","passes":3782,"fails":42},{"name":"[quiz-attempt] success","path":"::[quiz-attempt] success","id":"6398ec5c83f0a8abdc14be5794d5070f","passes":3782,"fails":42},{"fails":70,"name":"[assignment-detail] status 200","path":"::[assignment-detail] status 200","id":"e710e6c64d866e8aa495eeee12857a96","passes":3904},{"passes":3904,"fails":70,"name":"[assignment-detail] success","path":"::[assignment-detail] success","id":"2eca0bd45992b6c1691069c6af81d1ee"}]},"options":{"summaryTrendStats":["avg","min","med","max","p(90)","p(95)","p(99)"],"summaryTimeUnit":"","noColor":false},"state":{"isStdOutTTY":false,"isStdErrTTY":false,"testRunDurationMs":404122.630351}}