{"metrics":{"submit_assignment_duration":{"type":"trend","contains":"time","values":{"med":30000.366332,"max":30083.899567,"p(90)":30001.129134400002,"p(95)":30005.3789741,"p(99)":30023.163289419997,"avg":27591.36379743331,"min":2.299863}},"http_req_receiving":{"contains":"time","values":{"max":20.922215,"p(90)":0.15466200000000002,"p(95)":0.19373525,"p(99)":0.4236363999999994,"avg":0.043715503937628034,"min":0,"med":0},"type":"trend"},"gradebook_duration":{"type":"trend","contains":"time","values":{"avg":27888.6012718722,"min":1.011685,"med":30000.363055499998,"max":30067.598604,"p(90)":30001.0574222,"p(95)":30004.191571749998,"p(99)":30020.86857675}},"http_req_duration":{"type":"trend","contains":"time","values":{"avg":27499.69630610427,"min":1.011685,"med":30000.343094000003,"max":30083.899567,"p(90)":30001.0760945,"p(95)":30004.77941,"p(99)":30020.45415795},"thresholds":{"p(95)<3000":{"ok":false}}},"http_req_blocked":{"type":"trend","contains":"time","values":{"med":0.3197565,"max":74.363199,"p(90)":0.5009995,"p(95)":0.74165525,"p(99)":2.3051654999999935,"avg":0.46782872487793753,"min":0.004223}},"data_received":{"type":"counter","contains":"data","values":{"rate":37703.82611365632,"count":15711606}},"http_req_failed":{"values":{"rate":0.8237911482123169,"passes":20921,"fails":4475},"thresholds":{"rate<0.10":{"ok":false}},"type":"rate","contains":"default"},"http_req_duration{expected_response:true}":{"type":"trend","contains":"time","values":{"avg":15885.179786139883,"min":57.684169,"med":15740.772673,"max":29995.250536,"p(90)":27839.5747618,"p(95)":28667.1358082,"p(99)":29487.75442672}},"http_req_sending":{"values":{"p(90)":0.1211555,"p(95)":0.14616875,"p(99)":0.30317229999999984,"avg":0.09786044829894477,"min":0.008971,"med":0.0768855,"max":55.129861},"type":"trend","contains":"time"},"iteration_duration":{"type":"trend","contains":"time","values":{"avg":29252.380596080893,"min":402.307968,"med":30827.950799,"max":59671.18911,"p(90)":31389.7111372,"p(95)":31459.2867522,"p(99)":48194.77505812001}},"iterations":{"contains":"default","values":{"count":24570,"rate":58.96170051696408},"type":"counter"},"submit_quiz_duration":{"type":"trend","contains":"time","values":{"p(90)":28866.2773418,"p(95)":29043.2624043,"p(99)":29389.39486442,"avg":19590.39747344691,"min":1.572033,"med":23525.191266,"max":30000.997399}},"data_sent":{"values":{"count":4276939,"rate":10263.55703896312},"type":"counter","contains":"data"},"http_req_waiting":{"type":"trend","contains":"time","values":{"med":30000.2580015,"max":30083.828912,"p(90)":30001.001361000002,"p(95)":30004.69964825,"p(99)":30020.395720999997,"avg":27499.554730151947,"min":0.946447}},"assignment_detail_duration":{"values":{"avg":27771.154963553527,"min":1.141175,"med":30000.356485,"max":30076.893231,"p(90)":30001.0892966,"p(95)":30005.2175184,"p(99)":30018.582989759998},"type":"trend","contains":"time"},"checks":{"values":{"rate":0.18251505749224312,"passes":7000,"fails":31353},"type":"rate","contains":"default"},"vus":{"type":"gauge","contains":"default","values":{"min":0,"max":2000,"value":2}},"http_req_connecting":{"type":"trend","contains":"time","values":{"p(99)":1.956892349999994,"avg":0.35824955969443956,"min":0,"med":0.228597,"max":55.275999,"p(90)":0.359836,"p(95)":0.610311}},"grade_submission_duration":{"type":"trend","contains":"time","values":{"p(95)":30007.343863,"p(99)":30021.7685632,"avg":28003.464657012784,"min":32.619181,"med":30000.394035,"max":30062.814593,"p(90)":30001.274385}},"errors":{"type":"rate","contains":"default","values":{"rate":1,"passes":16611,"fails":0},"thresholds":{"rate<0.10":{"ok":false}}},"vus_max":{"type":"gauge","contains":"default","values":{"value":2000,"min":1449,"max":2000}},"http_reqs":{"type":"counter","contains":"default","values":{"count":25396,"rate":60.9438887394717}},"http_req_tls_handshaking":{"type":"trend","contains":"time","values":{"p(95)":0,"p(99)":0,"avg":0,"min":0,"med":0,"max":0,"p(90)":0}}},"root_group":{"name":"","path":"","id":"d41d8cd98f00b204e9800998ecf8427e","groups":[],"checks":[{"name":"[assignment-detail] status 200","path":"::[assignment-detail] status 200","id":"e710e6c64d866e8aa495eeee12857a96","passes":751,"fails":4225},{"path":"::[assignment-detail] success","id":"2eca0bd45992b6c1691069c6af81d1ee","passes":751,"fails":4225,"name":"[assignment-detail] success"},{"passes":1183,"fails":6180,"name":"[submit-assignment] status 201 or 400","path":"::[submit-assignment] status 201 or 400","id":"c6b8e5b4b95e1cad4532c36b70154d08"},{"name":"[gradebook] status 200","path":"::[gradebook] status 200","id":"9186de991ebaa0ed414ff11baa5503d0","passes":679,"fails":4119},{"name":"[gradebook] success","path":"::[gradebook] success","id":"a15a69867e50cddaa06c049f7cde480d","passes":679,"fails":4119},{"path":"::[quiz-attempt] start 201","id":"18f54229dcbc1aba2aecf8a61f0db771","passes":763,"fails":4311,"name":"[quiz-attempt] start 201"},{"name":"[grade-submission] status 200","path":"::[grade-submission] status 200","id":"0b00b1c9fc4243dfcbcade089d53f4c1","passes":341,"fails":2080},{"name":"[grade-submission] success","path":"::[grade-submission] success","id":"dc7c3576ea1686ed510a59cbde26957e","passes":341,"fails":2080},{"name":"[quiz-attempt] submit 200","path":"::[quiz-attempt] submit 200","id":"3aac290b0fb83ec96bbf8f19a1813a81","passes":756,"fails":7},{"name":"[quiz-attempt] success","path":"::[quiz-attempt] success","id":"6398ec5c83f0a8abdc14be5794d5070f","passes":756,"fails":7}]},"options":{"summaryTrendStats":["avg","min","med","max","p(90)","p(95)","p(99)"],"summaryTimeUnit":"","noColor":false},"state":{"isStdOutTTY":false,"isStdErrTTY":false,"testRunDurationMs":416711.183439}}