{"state":{"isStdOutTTY":false,"isStdErrTTY":false,"testRunDurationMs":391001.554146},"metrics":{"gradebook_duration":{"type":"trend","contains":"time","values":{"med":7411.56843,"max":9608.917996,"p(90)":8081.5751286,"p(95)":8285.608350999999,"p(99)":8643.79171268,"avg":6856.9007176919,"min":40.71353}},"submit_quiz_duration":{"type":"trend","contains":"time","values":{"max":9511.960316,"p(90)":8126.7803522,"p(95)":8325.037090599999,"p(99)":8708.735287800002,"avg":6801.972158144659,"min":38.670029,"med":7435.915158}},"http_req_duration{expected_response:true}":{"type":"trend","contains":"time","values":{"med":7303.758351,"max":10328.973022,"p(90)":7976.7346158,"p(95)":8173.651809200001,"p(99)":8540.91163352,"avg":6701.549047854893,"min":26.833371}},"http_req_waiting":{"type":"trend","contains":"time","values":{"med":7303.433204,"max":10328.468851,"p(90)":7976.5206256,"p(95)":8173.3505064,"p(99)":8540.640475960001,"avg":6701.256668451463,"min":26.669753}},"assignment_detail_duration":{"type":"trend","contains":"time","values":{"max":9103.736265,"p(90)":7820.0851889,"p(95)":7978.943350099999,"p(99)":8334.57926494,"avg":6578.1870526266075,"min":27.307344,"med":7175.616624}},"vus_max":{"type":"gauge","contains":"default","values":{"max":500,"value":500,"min":500}},"errors":{"type":"rate","contains":"default","values":{"rate":0,"passes":0,"fails":0},"thresholds":{"rate<0.10":{"ok":true}}},"http_reqs":{"type":"counter","contains":"default","values":{"count":23389,"rate":59.818176557084854}},"checks":{"type":"rate","contains":"default","values":{"passes":36978,"fails":6,"rate":0.9998377676833226}},"grade_submission_duration":{"type":"trend","contains":"time","values":{"med":7373.590616,"max":10328.973022,"p(90)":8067.9230996,"p(95)":8222.9680957,"p(99)":8598.38709788,"avg":6731.7341950220725,"min":49.178084}},"vus":{"type":"gauge","contains":"default","values":{"value":4,"min":4,"max":500}},"data_sent":{"type":"counter","contains":"data","values":{"count":4447774,"rate":11375.335859507099}},"iteration_duration":{"type":"trend","contains":"time","values":{"max":18445.309272,"p(90)":15567.77938,"p(95)":16182.275598,"p(99)":16998.334403,"avg":8947.735718212474,"min":381.509802,"med":8354.423292}},"http_req_failed":{"contains":"default","values":{"rate":0,"passes":0,"fails":23389},"thresholds":{"rate<0.10":{"ok":true}},"type":"rate"},"http_req_blocked":{"type":"trend","contains":"time","values":{"p(90)":0.0184664,"p(95)":0.027720599999999984,"p(99)":0.3653432,"avg":0.026170325110094806,"min":0.003298,"med":0.010789,"max":58.311246}},"http_req_connecting":{"type":"trend","contains":"time","values":{"p(99)":0.24304063999999959,"avg":0.009924045961776904,"min":0,"med":0,"max":58.217053,"p(90)":0,"p(95)":0}},"http_req_sending":{"type":"trend","contains":"time","values":{"avg":0.0552461758518965,"min":0.00969,"med":0.03972,"max":23.302683,"p(90)":0.06410339999999999,"p(95)":0.0839397999999999,"p(99)":0.18034403999999973}},"http_req_duration":{"type":"trend","contains":"time","values":{"min":26.833371,"med":7303.758351,"max":10328.973022,"p(90)":7976.7346158,"p(95)":8173.651809200001,"p(99)":8540.91163352,"avg":6701.549047854893},"thresholds":{"p(95)<3000":{"ok":false}}},"http_req_tls_handshaking":{"type":"trend","contains":"time","values":{"p(99)":0,"avg":0,"min":0,"med":0,"max":0,"p(90)":0,"p(95)":0}},"http_req_receiving":{"type":"trend","contains":"time","values":{"p(90)":0.300423,"p(95)":0.45925139999999964,"p(99)":1.2830790399999994,"avg":0.23713322758561844,"min":0.026058,"med":0.144296,"max":74.376058}},"submit_assignment_duration":{"type":"trend","contains":"time","values":{"min":37.116211,"med":7303.916807,"max":9618.804548,"p(90)":7948.121810400001,"p(95)":8137.645807300001,"p(99)":8477.79118584,"avg":6701.381452733781}},"iterations":{"type":"counter","contains":"default","values":{"count":19476,"rate":49.81054370113235}},"data_received":{"type":"counter","contains":"data","values":{"count":87004557,"rate":222517.16413258167}}},"root_group":{"name":"","path":"","id":"d41d8cd98f00b204e9800998ecf8427e","groups":[],"checks":[{"fails":0,"name":"[submit-assignment] status 201 or 400","path":"::[submit-assignment] status 201 or 400","id":"c6b8e5b4b95e1cad4532c36b70154d08","passes":5875},{"name":"[assignment-detail] status 200","path":"::[assignment-detail] status 200","id":"e710e6c64d866e8aa495eeee12857a96","passes":3910,"fails":0},{"id":"2eca0bd45992b6c1691069c6af81d1ee","passes":3910,"fails":0,"name":"[assignment-detail] success","path":"::[assignment-detail] success"},{"id":"9186de991ebaa0ed414ff11baa5503d0","passes":3869,"fails":0,"name":"[gradebook] status 200","path":"::[gradebook] status 200"},{"id":"a15a69867e50cddaa06c049f7cde480d","passes":3869,"fails":0,"name":"[gradebook] success","path":"::[gradebook] success"},{"name":"[quiz-attempt] start 201","path":"::[quiz-attempt] start 201","id":"18f54229dcbc1aba2aecf8a61f0db771","passes":3913,"fails":6},{"name":"[quiz-attempt] submit 200","path":"::[quiz-attempt] submit 200","id":"3aac290b0fb83ec96bbf8f19a1813a81","passes":3913,"fails":0},{"id":"6398ec5c83f0a8abdc14be5794d5070f","passes":3913,"fails":0,"name":"[quiz-attempt] success","path":"::[quiz-attempt] success"},{"name":"[grade-submission] status 200","path":"::[grade-submission] status 200","id":"0b00b1c9fc4243dfcbcade089d53f4c1","passes":1903,"fails":0},{"name":"[grade-submission] success","path":"::[grade-submission] success","id":"dc7c3576ea1686ed510a59cbde26957e","passes":1903,"fails":0}]},"options":{"summaryTimeUnit":"","noColor":false,"summaryTrendStats":["avg","min","med","max","p(90)","p(95)","p(99)"]}}