{"options":{"summaryTimeUnit":"","noColor":false,"summaryTrendStats":["avg","min","med","max","p(90)","p(95)","p(99)"]},"state":{"isStdOutTTY":false,"isStdErrTTY":false,"testRunDurationMs":411430.039311},"metrics":{"submit_assignment_duration":{"type":"trend","contains":"time","values":{"min":51.977981,"med":10981.6131255,"max":30008.396157,"p(90)":11552.370125899999,"p(95)":11736.690159200001,"p(99)":30001.16106885,"avg":10650.542478391004}},"material_detail_duration":{"type":"trend","contains":"time","values":{"min":27.022399,"med":10730.344778,"max":30011.097809,"p(90)":11235.855804,"p(95)":11412.7834852,"p(99)":30000.78452876,"avg":10313.590333056933}},"data_sent":{"type":"counter","contains":"data","values":{"count":4048568,"rate":9840.234336753636}},"data_received":{"type":"counter","contains":"data","values":{"count":198411167,"rate":482247.6436875359}},"http_req_duration{expected_response:true}":{"values":{"max":13466.469579,"p(90)":11302.911164500001,"p(95)":11450.2962365,"p(99)":11725.05830625,"avg":10026.65663946991,"min":19.891466,"med":10794.3656595},"type":"trend","contains":"time"},"http_req_connecting":{"type":"trend","contains":"time","values":{"avg":0.012841482056256045,"min":0,"med":0,"max":42.390046,"p(90)":0,"p(95)":0,"p(99)":0.24304994}},"iterations":{"type":"counter","contains":"default","values":{"count":30880,"rate":75.05528777556712}},"http_req_blocked":{"type":"trend","contains":"time","values":{"p(95)":0.03025019999999994,"p(99)":0.36441421999999973,"avg":0.029681654089879925,"min":0.003805,"med":0.01131,"max":42.479694,"p(90)":0.019359100000000004}},"http_req_waiting":{"type":"trend","contains":"time","values":{"p(95)":11528.996039299998,"p(99)":30000.863575310002,"avg":10377.702706952603,"min":19.619517,"med":10803.173676,"max":30022.384514,"p(90)":11341.3018997}},"iteration_duration":{"type":"trend","contains":"time","values":{"avg":11604.193432484606,"min":572.72952,"med":12014.941210500001,"max":32000.919572,"p(90)":12872.8191541,"p(95)":13102.2236575,"p(99)":31060.095293779996}},"http_req_failed":{"contains":"default","values":{"rate":0.0175881021661817,"passes":544,"fails":30386},"thresholds":{"rate<0.10":{"ok":true}},"type":"rate"},"errors":{"thresholds":{"rate<0.10":{"ok":false}},"type":"rate","contains":"default","values":{"passes":544,"fails":0,"rate":1}},"checks":{"type":"rate","contains":"default","values":{"passes":54620,"fails":937,"rate":0.9831344385045989}},"start_attempt_duration":{"type":"trend","contains":"time","values":{"p(90)":11406.920629,"p(95)":11609.336333,"p(99)":30001.22365196,"avg":10514.729149806006,"min":37.060435,"med":10850.351595,"max":30017.278971}},"materials_list_duration":{"type":"trend","contains":"time","values":{"min":31.28322,"med":10754.272794,"max":30014.539803,"p(90)":11274.258,"p(95)":11445.46491,"p(99)":30000.7809715,"avg":10307.523045000018}},"quiz_detail_duration":{"values":{"min":45.762869,"med":10904.153907,"max":30022.420449,"p(90)":11410.4162822,"p(95)":11569.874170199999,"p(99)":30000.7551588,"avg":10419.08896947588},"type":"trend","contains":"time"},"gradebook_duration":{"values":{"med":10698.387848999999,"max":30014.345115,"p(90)":11159.8824925,"p(95)":11336.59662275,"p(99)":30000.83555435,"avg":10236.044193105576,"min":19.891466},"type":"trend","contains":"time"},"http_req_tls_handshaking":{"type":"trend","contains":"time","values":{"med":0,"max":0,"p(90)":0,"p(95)":0,"p(99)":0,"avg":0,"min":0}},"http_req_sending":{"type":"trend","contains":"time","values":{"avg":0.046916384933721494,"min":0.00888,"med":0.035744,"max":21.986408,"p(90)":0.05891290000000002,"p(95)":0.07979914999999997,"p(99)":0.1532994899999997}},"http_req_receiving":{"type":"trend","contains":"time","values":{"avg":0.2253126033947627,"min":0,"med":0.148979,"max":89.673438,"p(90)":0.32842220000000005,"p(95)":0.46382185,"p(99)":1.115855319999996}},"http_reqs":{"type":"counter","contains":"default","values":{"count":30930,"rate":75.17681511976332}},"vus_max":{"type":"gauge","contains":"default","values":{"min":1000,"max":1000,"value":1000}},"http_req_duration":{"type":"trend","contains":"time","values":{"p(90)":11341.665966800001,"p(95)":11529.1526472,"p(99)":30000.8918231,"avg":10377.974935940858,"min":19.891466,"med":10803.385555500001,"max":30022.420449},"thresholds":{"p(95)<2000":{"ok":false}}},"vus":{"type":"gauge","contains":"default","values":{"value":1,"min":1,"max":1000}}},"root_group":{"id":"d41d8cd98f00b204e9800998ecf8427e","groups":[],"checks":[{"name":"[gradebook] status 200","path":"::[gradebook] status 200","id":"9186de991ebaa0ed414ff11baa5503d0","passes":6097,"fails":99},{"passes":6097,"fails":99,"name":"[gradebook] success","path":"::[gradebook] success","id":"a15a69867e50cddaa06c049f7cde480d"},{"id":"c6b8e5b4b95e1cad4532c36b70154d08","passes":3065,"fails":73,"name":"[submit-assignment] status 201 or 400","path":"::[submit-assignment] status 201 or 400"},{"name":"[material-detail] status 200","path":"::[material-detail] status 200","id":"a12462dd78c876a1d31a53eadf87e378","passes":4557,"fails":80},{"name":"[material-detail] success","path":"::[material-detail] success","id":"3632f96ad89cbc27cd995a000cbd8596","passes":4557,"fails":80},{"name":"[start-attempt] status 201 or 400","path":"::[start-attempt] status 201 or 400","id":"33680026b6a14104cfefb4ee3b4b083d","passes":3087,"fails":78},{"fails":98,"name":"[materials-list] status 200","path":"::[materials-list] status 200","id":"463a16ce0b1d8abee844a574ea056361","passes":5973},{"passes":5973,"fails":98,"name":"[materials-list] success","path":"::[materials-list] success","id":"664e43a5933df86e3bab167b84d274ca"},{"id":"917c623bb77fd0f4c30b55655ab512f2","passes":7607,"fails":116,"name":"[quiz-detail] status 200","path":"::[quiz-detail] status 200"},{"name":"[quiz-detail] success","path":"::[quiz-detail] success","id":"6719d54de0da0cfb59497b1755be95e9","passes":7607,"fails":116}],"name":"","path":""}}