{"state":{"testRunDurationMs":390947.641713,"isStdOutTTY":false,"isStdErrTTY":false},"metrics":{"vus_max":{"type":"gauge","contains":"default","values":{"value":100,"min":100,"max":100}},"iteration_duration":{"type":"trend","contains":"time","values":{"min":530.30157,"med":1426.035197,"max":2853.378814,"p(90)":2027.3471387000002,"p(95)":2132.5466883,"p(99)":2332.2205388899984,"avg":1426.1960874276717}},"errors":{"type":"rate","contains":"default","values":{"rate":0,"passes":0,"fails":0},"thresholds":{"rate<0.10":{"ok":true}}},"vus":{"type":"gauge","contains":"default","values":{"value":1,"min":1,"max":100}},"http_reqs":{"type":"counter","contains":"default","values":{"count":24250,"rate":62.02876654721518}},"http_req_duration{expected_response:true}":{"type":"trend","contains":"time","values":{"min":17.151031,"med":132.94021800000002,"max":1273.857174,"p(90)":357.87364770000005,"p(95)":440.1787390499999,"p(99)":625.6842224999992,"avg":172.33356328292774}},"http_req_receiving":{"type":"trend","contains":"time","values":{"avg":0.2615747301855672,"min":0.028239,"med":0.15180549999999998,"max":79.910953,"p(90)":0.3588996000000002,"p(95)":0.5140762499999999,"p(99)":1.3607572799999903}},"start_attempt_duration":{"type":"trend","contains":"time","values":{"avg":193.72051849538974,"min":25.991687,"med":152.51858049999998,"max":948.795416,"p(90)":380.75356899999997,"p(95)":467.60017175,"p(99)":657.726349150001}},"gradebook_duration":{"type":"trend","contains":"time","values":{"p(90)":273.72674559999996,"p(95)":348.9500644999997,"p(99)":525.3079543800001,"avg":132.69185453965926,"min":17.151031,"med":99.295971,"max":760.044189}},"submit_assignment_duration":{"contains":"time","values":{"p(99)":687.817577,"avg":232.6891566389002,"min":35.429177,"med":188.541686,"max":1027.142854,"p(90)":455.491841,"p(95)":546.125562},"type":"trend"},"data_sent":{"type":"counter","contains":"data","values":{"count":3163888,"rate":8092.868871486002}},"http_req_sending":{"type":"trend","contains":"time","values":{"avg":0.04956851010309266,"min":0.008191,"med":0.0359935,"max":20.121634,"p(90)":0.058478400000000014,"p(95)":0.07279679999999998,"p(99)":0.24737249999999975}},"http_req_duration":{"type":"trend","contains":"time","values":{"min":17.151031,"med":132.94021800000002,"max":1273.857174,"p(90)":357.87364770000005,"p(95)":440.1787390499999,"p(99)":625.6842224999992,"avg":172.33356328292774},"thresholds":{"p(95)<2000":{"ok":true}}},"data_received":{"type":"counter","contains":"data","values":{"count":157024114,"rate":401649.9839005898}},"quiz_detail_duration":{"contains":"time","values":{"min":23.407402,"med":156.317721,"max":1273.857174,"p(90)":399.09838679999996,"p(95)":483.16783929999957,"p(99)":674.0225595400001,"avg":196.21045709458792},"type":"trend"},"http_req_failed":{"thresholds":{"rate<0.10":{"ok":true}},"type":"rate","contains":"default","values":{"rate":0,"passes":0,"fails":24250}},"http_req_blocked":{"contains":"time","values":{"p(99)":0.06852501999999888,"avg":0.018211708618556702,"min":0.003445,"med":0.011318,"max":32.636938,"p(90)":0.018586200000000004,"p(95)":0.02497524999999999},"type":"trend"},"materials_list_duration":{"contains":"time","values":{"avg":156.6772979741377,"min":19.204918,"med":121.477071,"max":1071.953533,"p(90)":323.99258050000003,"p(95)":393.8735105,"p(99)":567.9532735499992},"type":"trend"},"http_req_tls_handshaking":{"type":"trend","contains":"time","values":{"p(95)":0,"p(99)":0,"avg":0,"min":0,"med":0,"max":0,"p(90)":0}},"http_req_waiting":{"values":{"min":16.893825,"med":132.5911505,"max":1273.523064,"p(90)":357.4081439000005,"p(95)":439.6591074499999,"p(99)":625.5174380199992,"avg":172.0224200426392},"type":"trend","contains":"time"},"material_detail_duration":{"type":"trend","contains":"time","values":{"p(99)":545.83658824,"avg":152.80366264310484,"min":19.156696,"med":116.491109,"max":1149.167189,"p(90)":316.20237520000006,"p(95)":396.83189959999993}},"checks":{"contains":"default","values":{"rate":1,"passes":43713,"fails":0},"type":"rate"},"http_req_connecting":{"type":"trend","contains":"time","values":{"med":0,"max":32.502095,"p(90)":0,"p(95)":0,"p(99)":0,"avg":0.003301132989690722,"min":0}},"iterations":{"values":{"count":24250,"rate":62.02876654721518},"type":"counter","contains":"default"}},"root_group":{"checks":[{"name":"[material-detail] status 200","path":"::[material-detail] status 200","id":"a12462dd78c876a1d31a53eadf87e378","passes":3749,"fails":0},{"id":"3632f96ad89cbc27cd995a000cbd8596","passes":3749,"fails":0,"name":"[material-detail] success","path":"::[material-detail] success"},{"name":"[materials-list] status 200","path":"::[materials-list] status 200","id":"463a16ce0b1d8abee844a574ea056361","passes":4756,"fails":0},{"name":"[materials-list] success","path":"::[materials-list] success","id":"664e43a5933df86e3bab167b84d274ca","passes":4756,"fails":0},{"name":"[quiz-detail] status 200","path":"::[quiz-detail] status 200","id":"917c623bb77fd0f4c30b55655ab512f2","passes":6079,"fails":0},{"id":"6719d54de0da0cfb59497b1755be95e9","passes":6079,"fails":0,"name":"[quiz-detail] success","path":"::[quiz-detail] success"},{"path":"::[start-attempt] status 201 or 400","id":"33680026b6a14104cfefb4ee3b4b083d","passes":2386,"fails":0,"name":"[start-attempt] status 201 or 400"},{"name":"[gradebook] status 200","path":"::[gradebook] status 200","id":"9186de991ebaa0ed414ff11baa5503d0","passes":4879,"fails":0},{"name":"[gradebook] success","path":"::[gradebook] success","id":"a15a69867e50cddaa06c049f7cde480d","passes":4879,"fails":0},{"id":"c6b8e5b4b95e1cad4532c36b70154d08","passes":2401,"fails":0,"name":"[submit-assignment] status 201 or 400","path":"::[submit-assignment] status 201 or 400"}],"name":"","path":"","id":"d41d8cd98f00b204e9800998ecf8427e","groups":[]},"options":{"noColor":false,"summaryTrendStats":["avg","min","med","max","p(90)","p(95)","p(99)"],"summaryTimeUnit":""}}