{"state":{"isStdOutTTY":false,"isStdErrTTY":false,"testRunDurationMs":393531.661061},"metrics":{"data_sent":{"values":{"rate":10117.99911921903,"count":3981753},"type":"counter","contains":"data"},"vus":{"values":{"value":32,"min":0,"max":1500},"type":"gauge","contains":"default"},"http_req_waiting":{"type":"trend","contains":"time","values":{"avg":16053.944314454571,"min":0.074918,"med":17403.04138,"max":20739.418097,"p(90)":18323.1390488,"p(95)":18506.501906200003,"p(99)":18833.652570759998}},"http_req_connecting":{"contains":"time","values":{"p(95)":0.3344789999999999,"p(99)":1.0830333399999992,"avg":0.19840164993607215,"min":0,"med":0.178071,"max":54.831221,"p(90)":0.2770216},"type":"trend"},"http_req_duration":{"contains":"time","values":{"med":17403.348695,"max":20739.577025,"p(90)":18323.3564424,"p(95)":18506.984342199998,"p(99)":18834.1752289,"avg":16054.242551587864,"min":0.302975},"thresholds":{"p(95)<2000":{"ok":false}},"type":"trend"},"start_attempt_duration":{"type":"trend","contains":"time","values":{"p(99)":18833.631629,"avg":16044.505220740491,"min":0.473503,"med":17451.103214,"max":19419.892951,"p(90)":18367.280144,"p(95)":18543.719106}},"quiz_detail_duration":{"type":"trend","contains":"time","values":{"p(90)":18417.909576000002,"p(95)":18606.8015839,"p(99)":18913.2813403,"avg":16199.266774716341,"min":0.302975,"med":17520.333541,"max":19778.528123}},"errors":{"type":"rate","contains":"default","values":{"rate":1,"passes":11,"fails":0},"thresholds":{"rate<0.10":{"ok":false}}},"http_req_failed":{"type":"rate","contains":"default","values":{"rate":0.0003606202668589975,"passes":11,"fails":30492},"thresholds":{"rate<0.10":{"ok":true}}},"iteration_duration":{"type":"trend","contains":"time","values":{"min":530.338708,"med":18669.648609,"max":22004.076924,"p(90)":19759.3981656,"p(95)":20022.4578801,"p(99)":20431.57546138,"avg":17313.322244019615}},"vus_max":{"type":"gauge","contains":"default","values":{"value":1500,"min":1460,"max":1500}},"http_req_sending":{"type":"trend","contains":"time","values":{"min":0.008953,"med":0.058355,"max":61.391416,"p(90)":0.10114699999999999,"p(95)":0.1201699,"p(99)":0.24229065999999994,"avg":0.0806967514998525}},"checks":{"type":"rate","contains":"default","values":{"rate":0.9996726737102435,"passes":54973,"fails":18}},"material_detail_duration":{"type":"trend","contains":"time","values":{"p(90)":18222.708441400002,"p(95)":18398.4937226,"p(99)":18708.097733630002,"avg":15987.27057273985,"min":32.81359,"med":17310.221414,"max":20739.577025}},"http_reqs":{"type":"counter","contains":"default","values":{"count":30503,"rate":77.51091720996709}},"http_req_duration{expected_response:true}":{"contains":"time","values":{"med":17403.514971999997,"max":20739.577025,"p(90)":18323.4650923,"p(95)":18507.048956,"p(99)":18834.23236892,"avg":16060.032918299183,"min":20.279793},"type":"trend"},"gradebook_duration":{"type":"trend","contains":"time","values":{"max":19320.834936,"p(90)":18192.0138692,"p(95)":18358.5553578,"p(99)":18621.96059784,"avg":15920.066930802881,"min":0.57538,"med":17266.508476}},"http_req_blocked":{"contains":"time","values":{"min":0.003445,"med":0.252632,"max":74.551096,"p(90)":0.3887026,"p(95)":0.4676912999999998,"p(99)":1.3560965999999985,"avg":0.2738358249352521},"type":"trend"},"data_received":{"type":"counter","contains":"data","values":{"count":197647079,"rate":502239.3330872643}},"http_req_tls_handshaking":{"values":{"p(95)":0,"p(99)":0,"avg":0,"min":0,"med":0,"max":0,"p(90)":0},"type":"trend","contains":"time"},"materials_list_duration":{"type":"trend","contains":"time","values":{"p(95)":18411.91992525,"p(99)":18730.87759255,"avg":15937.645593223333,"min":6.978417,"med":17344.4317035,"max":19622.050946,"p(90)":18240.461494299998}},"submit_assignment_duration":{"type":"trend","contains":"time","values":{"min":0.437267,"med":17600.117366500002,"max":20206.952742,"p(90)":18508.2508137,"p(95)":18694.88375465,"p(99)":19031.64556621,"avg":16320.828118898786}},"iterations":{"type":"counter","contains":"default","values":{"count":30503,"rate":77.51091720996709}},"http_req_receiving":{"type":"trend","contains":"time","values":{"p(95)":0.44785629999999993,"p(99)":1.1193725199999969,"avg":0.21754038170016002,"min":0,"med":0.149427,"max":46.698024,"p(90)":0.31248279999999995}}},"root_group":{"name":"","path":"","id":"d41d8cd98f00b204e9800998ecf8427e","groups":[],"checks":[{"name":"[materials-list] status 200","path":"::[materials-list] status 200","id":"463a16ce0b1d8abee844a574ea056361","passes":6178,"fails":2},{"id":"664e43a5933df86e3bab167b84d274ca","passes":6178,"fails":2,"name":"[materials-list] success","path":"::[materials-list] success"},{"passes":7504,"fails":3,"name":"[quiz-detail] status 200","path":"::[quiz-detail] status 200","id":"917c623bb77fd0f4c30b55655ab512f2"},{"fails":3,"name":"[quiz-detail] success","path":"::[quiz-detail] success","id":"6719d54de0da0cfb59497b1755be95e9","passes":7504},{"name":"[start-attempt] status 201 or 400","path":"::[start-attempt] status 201 or 400","id":"33680026b6a14104cfefb4ee3b4b083d","passes":3019,"fails":2},{"path":"::[gradebook] status 200","id":"9186de991ebaa0ed414ff11baa5503d0","passes":6151,"fails":2,"name":"[gradebook] status 200"},{"name":"[gradebook] success","path":"::[gradebook] success","id":"a15a69867e50cddaa06c049f7cde480d","passes":6151,"fails":2},{"name":"[material-detail] status 200","path":"::[material-detail] status 200","id":"a12462dd78c876a1d31a53eadf87e378","passes":4648,"fails":0},{"name":"[material-detail] success","path":"::[material-detail] success","id":"3632f96ad89cbc27cd995a000cbd8596","passes":4648,"fails":0},{"name":"[submit-assignment] status 201 or 400","path":"::[submit-assignment] status 201 or 400","id":"c6b8e5b4b95e1cad4532c36b70154d08","passes":2992,"fails":2}]},"options":{"summaryTrendStats":["avg","min","med","max","p(90)","p(95)","p(99)"],"summaryTimeUnit":"","noColor":false}}