{"state":{"isStdOutTTY":false,"isStdErrTTY":false,"testRunDurationMs":391424.124973},"metrics":{"http_reqs":{"type":"counter","contains":"default","values":{"count":30872,"rate":78.87096893204914}},"http_req_receiving":{"values":{"p(90)":0.33099700000000015,"p(95)":0.4632421499999997,"p(99)":1.0958441400000019,"avg":0.2192060039841937,"min":0.0282,"med":0.151951,"max":59.414044},"type":"trend","contains":"time"},"http_req_waiting":{"type":"trend","contains":"time","values":{"p(99)":5620.78386497,"avg":4366.727803856139,"min":19.077072,"med":4757.0527695,"max":6733.233732,"p(90)":5215.4323705,"p(95)":5345.876581199999}},"quiz_detail_duration":{"type":"trend","contains":"time","values":{"p(90)":5305.1304392,"p(95)":5429.1439338,"p(99)":5699.5678257399995,"avg":4470.134108643123,"min":26.679324,"med":4869.220412,"max":6733.908603}},"materials_list_duration":{"values":{"min":22.79572,"med":4715.640226,"max":6134.14844,"p(90)":5133.416231,"p(95)":5243.110747199999,"p(99)":5478.59141404,"avg":4305.820090674876},"type":"trend","contains":"time"},"vus":{"type":"gauge","contains":"default","values":{"value":4,"min":4,"max":500}},"iterations":{"type":"counter","contains":"default","values":{"count":30872,"rate":78.87096893204914}},"http_req_tls_handshaking":{"type":"trend","contains":"time","values":{"med":0,"max":0,"p(90)":0,"p(95)":0,"p(99)":0,"avg":0,"min":0}},"material_detail_duration":{"type":"trend","contains":"time","values":{"p(90)":5110.5398442000005,"p(95)":5219.593892299999,"p(99)":5495.60604182,"avg":4302.607224435984,"min":20.55542,"med":4686.462425,"max":6379.369967}},"vus_max":{"type":"gauge","contains":"default","values":{"value":500,"min":500,"max":500}},"start_attempt_duration":{"type":"trend","contains":"time","values":{"avg":4369.873752916826,"min":30.386744,"med":4818.3058815,"max":6488.362228,"p(90)":5232.9770725,"p(95)":5349.8672785,"p(99)":5641.03813055}},"http_req_failed":{"type":"rate","contains":"default","values":{"rate":0,"passes":0,"fails":30872},"thresholds":{"rate<0.10":{"ok":true}}},"http_req_sending":{"contains":"time","values":{"avg":0.04574300288287101,"min":0.007911,"med":0.034322,"max":21.068665,"p(90)":0.05491470000000003,"p(95)":0.06779614999999999,"p(99)":0.15139565000000016},"type":"trend"},"gradebook_duration":{"type":"trend","contains":"time","values":{"p(90)":5051.7328574,"p(95)":5160.2206727,"p(99)":5401.289896320003,"avg":4237.158111618385,"min":19.250089,"med":4646.403405,"max":6287.657545}},"checks":{"type":"rate","contains":"default","values":{"rate":1,"passes":55546,"fails":0}},"iteration_duration":{"type":"trend","contains":"time","values":{"med":5953.547484500001,"max":8290.377169,"p(90)":6751.8307522,"p(95)":6928.37830875,"p(99)":7248.35060278,"avg":5618.286131573762,"min":564.298421}},"errors":{"type":"rate","contains":"default","values":{"rate":0,"passes":0,"fails":0},"thresholds":{"rate<0.10":{"ok":true}}},"http_req_duration{expected_response:true}":{"type":"trend","contains":"time","values":{"max":6733.908603,"p(90)":5215.578885999999,"p(95)":5346.054816749999,"p(99)":5621.09405888,"avg":4366.992752862996,"min":19.250089,"med":4757.3524235}},"http_req_connecting":{"contains":"time","values":{"avg":0.005956507968385597,"min":0,"med":0,"max":19.456871,"p(90)":0,"p(95)":0,"p(99)":0.22254092000000003},"type":"trend"},"data_received":{"values":{"count":200074287,"rate":511144.49579161964},"type":"counter","contains":"data"},"submit_assignment_duration":{"type":"trend","contains":"time","values":{"avg":4576.41614192293,"min":40.361371,"med":4948.0497705,"max":6415.028084,"p(90)":5412.1910541,"p(95)":5530.3478061,"p(99)":5804.972795520001}},"http_req_blocked":{"type":"trend","contains":"time","values":{"p(95)":0.025551249999999984,"p(99)":0.3403044000000003,"avg":0.021782278828712257,"min":0.003455,"med":0.011302,"max":28.315676,"p(90)":0.017203700000000006}},"data_sent":{"contains":"data","values":{"count":4040690,"rate":10323.047922196216},"type":"counter"},"http_req_duration":{"values":{"avg":4366.992752862996,"min":19.250089,"med":4757.3524235,"max":6733.908603,"p(90)":5215.578885999999,"p(95)":5346.054816749999,"p(99)":5621.09405888},"thresholds":{"p(95)<2000":{"ok":false}},"type":"trend","contains":"time"}},"root_group":{"groups":[],"checks":[{"name":"[gradebook] status 200","path":"::[gradebook] status 200","id":"9186de991ebaa0ed414ff11baa5503d0","passes":6095,"fails":0},{"name":"[gradebook] success","path":"::[gradebook] success","id":"a15a69867e50cddaa06c049f7cde480d","passes":6095,"fails":0},{"path":"::[submit-assignment] status 201 or 400","id":"c6b8e5b4b95e1cad4532c36b70154d08","passes":3192,"fails":0,"name":"[submit-assignment] status 201 or 400"},{"fails":0,"name":"[quiz-detail] status 200","path":"::[quiz-detail] status 200","id":"917c623bb77fd0f4c30b55655ab512f2","passes":7703},{"fails":0,"name":"[quiz-detail] success","path":"::[quiz-detail] success","id":"6719d54de0da0cfb59497b1755be95e9","passes":7703},{"passes":3006,"fails":0,"name":"[start-attempt] status 201 or 400","path":"::[start-attempt] status 201 or 400","id":"33680026b6a14104cfefb4ee3b4b083d"},{"fails":0,"name":"[material-detail] status 200","path":"::[material-detail] status 200","id":"a12462dd78c876a1d31a53eadf87e378","passes":4663},{"name":"[material-detail] success","path":"::[material-detail] success","id":"3632f96ad89cbc27cd995a000cbd8596","passes":4663,"fails":0},{"fails":0,"name":"[materials-list] status 200","path":"::[materials-list] status 200","id":"463a16ce0b1d8abee844a574ea056361","passes":6213},{"name":"[materials-list] success","path":"::[materials-list] success","id":"664e43a5933df86e3bab167b84d274ca","passes":6213,"fails":0}],"name":"","path":"","id":"d41d8cd98f00b204e9800998ecf8427e"},"options":{"noColor":false,"summaryTrendStats":["avg","min","med","max","p(90)","p(95)","p(99)"],"summaryTimeUnit":""}}