{"state":{"isStdOutTTY":false,"isStdErrTTY":false,"testRunDurationMs":391560.645822},"metrics":{"submit_assignment_duration":{"type":"trend","contains":"time","values":{"p(90)":8443.7582188,"p(95)":8574.77488985,"p(99)":8811.05803527,"avg":7348.78548208317,"min":47.261852,"med":8004.4568135,"max":9953.153324}},"http_req_duration":{"type":"trend","contains":"time","values":{"p(99)":8630.51405758,"avg":7139.6073254690355,"min":19.82135,"med":7803.879113,"max":9953.153324,"p(90)":8257.212436,"p(95)":8375.8079972},"thresholds":{"p(95)<2000":{"ok":false}}},"http_req_waiting":{"type":"trend","contains":"time","values":{"p(95)":8375.468497,"p(99)":8630.3303062,"avg":7139.328571474742,"min":19.582446,"med":7803.6410285,"max":9952.958906,"p(90)":8257.0375158}},"iteration_duration":{"type":"trend","contains":"time","values":{"avg":8394.182058257087,"min":537.402034,"med":8986.5844015,"max":11377.850244,"p(90)":9791.0332791,"p(95)":9973.2026666,"p(99)":10284.324078070002}},"http_req_failed":{"type":"rate","contains":"default","values":{"rate":0,"passes":0,"fails":31070},"thresholds":{"rate<0.10":{"ok":true}}},"vus":{"type":"gauge","contains":"default","values":{"value":1,"min":1,"max":750}},"http_reqs":{"type":"counter","contains":"default","values":{"count":31070,"rate":79.34913871330201}},"http_req_duration{expected_response:true}":{"type":"trend","contains":"time","values":{"avg":7139.6073254690355,"min":19.82135,"med":7803.879113,"max":9953.153324,"p(90)":8257.212436,"p(95)":8375.8079972,"p(99)":8630.51405758}},"quiz_detail_duration":{"type":"trend","contains":"time","values":{"med":7910.5699805,"max":9701.832514,"p(90)":8339.6531512,"p(95)":8455.17007845,"p(99)":8705.765517949998,"avg":7207.375578934978,"min":28.126821}},"http_req_tls_handshaking":{"type":"trend","contains":"time","values":{"avg":0,"min":0,"med":0,"max":0,"p(90)":0,"p(95)":0,"p(99)":0}},"vus_max":{"type":"gauge","contains":"default","values":{"value":750,"min":750,"max":750}},"http_req_receiving":{"contains":"time","values":{"max":101.181952,"p(90)":0.3360153,"p(95)":0.46648624999999994,"p(99)":1.0812254900000005,"avg":0.23226525616350147,"min":0.034032,"med":0.1531805},"type":"trend"},"checks":{"contains":"default","values":{"rate":1,"passes":55872,"fails":0},"type":"rate"},"http_req_blocked":{"values":{"max":30.516208,"p(90)":0.018545200000000005,"p(95)":0.0274271,"p(99)":0.37247970000000047,"avg":0.02670909739298342,"min":0.003584,"med":0.0113945},"type":"trend","contains":"time"},"data_received":{"type":"counter","contains":"data","values":{"rate":510772.5766979083,"count":199998440}},"http_req_connecting":{"type":"trend","contains":"time","values":{"p(99)":0.24847154000000032,"avg":0.010533677631155446,"min":0,"med":0,"max":30.384512,"p(90)":0,"p(95)":0}},"http_req_sending":{"type":"trend","contains":"time","values":{"p(90)":0.057833400000000014,"p(95)":0.0742172,"p(99)":0.1591177100000003,"avg":0.04648873813968467,"min":0.008733,"med":0.0361065,"max":25.106903}},"start_attempt_duration":{"type":"trend","contains":"time","values":{"med":7867.6231615,"max":9187.817599,"p(90)":8291.0782889,"p(95)":8399.36952125,"p(99)":8622.942480310001,"avg":7207.089280757845,"min":35.825139}},"materials_list_duration":{"type":"trend","contains":"time","values":{"avg":7067.501138335086,"min":25.283474,"med":7759.843934,"max":9773.550167,"p(90)":8157.8239854,"p(95)":8275.657964,"p(99)":8495.2518588}},"data_sent":{"type":"counter","contains":"data","values":{"count":4063796,"rate":10378.4587224513}},"material_detail_duration":{"contains":"time","values":{"p(95)":8251.07729805,"p(99)":8487.444794400002,"avg":7095.388411819902,"min":25.073455,"med":7740.0876725,"max":9705.257353,"p(90)":8139.739167299999},"type":"trend"},"errors":{"type":"rate","contains":"default","values":{"fails":0,"rate":0,"passes":0},"thresholds":{"rate<0.10":{"ok":true}}},"gradebook_duration":{"type":"trend","contains":"time","values":{"med":7691.503343,"max":9709.97926,"p(90)":8077.2629676,"p(95)":8172.6195130999995,"p(99)":8373.09691888,"avg":7018.838736387372,"min":19.82135}},"iterations":{"contains":"default","values":{"count":31070,"rate":79.34913871330201},"type":"counter"}},"root_group":{"name":"","path":"","id":"d41d8cd98f00b204e9800998ecf8427e","groups":[],"checks":[{"path":"::[quiz-detail] status 200","id":"917c623bb77fd0f4c30b55655ab512f2","passes":7824,"fails":0,"name":"[quiz-detail] status 200"},{"passes":7824,"fails":0,"name":"[quiz-detail] success","path":"::[quiz-detail] success","id":"6719d54de0da0cfb59497b1755be95e9"},{"name":"[start-attempt] status 201 or 400","path":"::[start-attempt] status 201 or 400","id":"33680026b6a14104cfefb4ee3b4b083d","passes":3118,"fails":0},{"fails":0,"name":"[gradebook] status 200","path":"::[gradebook] status 200","id":"9186de991ebaa0ed414ff11baa5503d0","passes":6263},{"name":"[gradebook] success","path":"::[gradebook] success","id":"a15a69867e50cddaa06c049f7cde480d","passes":6263,"fails":0},{"name":"[materials-list] status 200","path":"::[materials-list] status 200","id":"463a16ce0b1d8abee844a574ea056361","passes":6073,"fails":0},{"path":"::[materials-list] success","id":"664e43a5933df86e3bab167b84d274ca","passes":6073,"fails":0,"name":"[materials-list] success"},{"name":"[material-detail] status 200","path":"::[material-detail] status 200","id":"a12462dd78c876a1d31a53eadf87e378","passes":4642,"fails":0},{"name":"[material-detail] success","path":"::[material-detail] success","id":"3632f96ad89cbc27cd995a000cbd8596","passes":4642,"fails":0},{"name":"[submit-assignment] status 201 or 400","path":"::[submit-assignment] status 201 or 400","id":"c6b8e5b4b95e1cad4532c36b70154d08","passes":3150,"fails":0}]},"options":{"summaryTrendStats":["avg","min","med","max","p(90)","p(95)","p(99)"],"summaryTimeUnit":"","noColor":false}}