{"options":{"summaryTrendStats":["avg","min","med","max","p(90)","p(95)","p(99)"],"summaryTimeUnit":"","noColor":false},"state":{"isStdErrTTY":false,"testRunDurationMs":393754.497928,"isStdOutTTY":false},"metrics":{"submit_quiz_duration":{"type":"trend","contains":"time","values":{"avg":12610.380264629892,"min":64.546148,"med":13840.1885195,"max":16077.479806,"p(90)":14522.4563156,"p(95)":14680.94969225,"p(99)":15016.61831883}},"vus":{"type":"gauge","contains":"default","values":{"value":18,"min":6,"max":1000}},"http_req_failed":{"type":"rate","contains":"default","values":{"rate":0,"passes":0,"fails":26808},"thresholds":{"rate<0.10":{"ok":true}}},"data_sent":{"type":"counter","contains":"data","values":{"count":5097884,"rate":12946.85908815237}},"http_req_duration":{"type":"trend","contains":"time","values":{"p(90)":14310.2935128,"p(95)":14486.888159600001,"p(99)":14829.016684619999,"avg":12394.299038192748,"min":28.783414,"med":13632.730682,"max":16077.479806},"thresholds":{"p(95)<3000":{"ok":false}}},"assignment_detail_duration":{"contains":"time","values":{"p(99)":14511.42567608,"avg":12262.173803532507,"min":28.783414,"med":13468.2234335,"max":15601.650113,"p(90)":14088.4436227,"p(95)":14256.177731},"type":"trend"},"iterations":{"type":"counter","contains":"default","values":{"count":22320,"rate":56.685066754669364}},"iteration_duration":{"type":"trend","contains":"time","values":{"min":376.661115,"med":14641.646651,"max":31073.851308,"p(90)":28374.062722,"p(95)":28985.2953815,"p(99)":29774.242761190006,"avg":15783.697395023095}},"http_req_blocked":{"type":"trend","contains":"time","values":{"avg":0.026707175992241237,"min":0.003028,"med":0.01042,"max":15.992272,"p(90)":0.019678499999999998,"p(95)":0.03420634999999991,"p(99)":0.36444606000000007}},"http_req_duration{expected_response:true}":{"type":"trend","contains":"time","values":{"avg":12394.299038192748,"min":28.783414,"med":13632.730682,"max":16077.479806,"p(90)":14310.2935128,"p(95)":14486.888159600001,"p(99)":14829.016684619999}},"checks":{"contains":"default","values":{"rate":0.9997880108350018,"passes":42446,"fails":9},"type":"rate"},"http_reqs":{"type":"counter","contains":"default","values":{"count":26808,"rate":68.08303179028569}},"http_req_connecting":{"contains":"time","values":{"avg":0.010819847918531786,"min":0,"med":0,"max":15.845217,"p(90)":0,"p(95)":0,"p(99)":0.24000264000000002},"type":"trend"},"http_req_receiving":{"values":{"max":45.36535,"p(90)":0.26757139999999996,"p(95)":0.39270229999999956,"p(99)":0.9044767400000011,"avg":0.1947459212175469,"min":0.026439,"med":0.1375655},"type":"trend","contains":"time"},"data_received":{"values":{"count":97404475,"rate":247373.61861910947},"type":"counter","contains":"data"},"gradebook_duration":{"type":"trend","contains":"time","values":{"min":42.35715,"med":13434.571787,"max":15592.198293,"p(90)":14010.2549989,"p(95)":14172.76657345,"p(99)":14425.416597530002,"avg":12111.103440927718}},"submit_assignment_duration":{"type":"trend","contains":"time","values":{"p(90)":14367.7972763,"p(95)":14548.55412705,"p(99)":14877.897415919999,"avg":12528.850783069898,"min":49.911807,"med":13736.335750999999,"max":15591.294355}},"http_req_waiting":{"type":"trend","contains":"time","values":{"p(95)":14486.73545315,"p(99)":14828.81291316,"avg":12394.055137796411,"min":28.563678,"med":13632.515631,"max":16077.150298,"p(90)":14309.9382529}},"http_req_sending":{"type":"trend","contains":"time","values":{"min":0.008185,"med":0.0391255,"max":24.494236,"p(90)":0.063694,"p(95)":0.08495574999999975,"p(99)":0.14438545000000008,"avg":0.049154475007460445}},"vus_max":{"type":"gauge","contains":"default","values":{"value":1000,"min":1000,"max":1000}},"grade_submission_duration":{"type":"trend","contains":"time","values":{"med":13799.783191,"max":15765.961555,"p(90)":14450.2408576,"p(95)":14602.7275064,"p(99)":14942.656383279998,"avg":12492.606780302647,"min":46.538135}},"errors":{"type":"rate","contains":"default","values":{"rate":0,"passes":0,"fails":0},"thresholds":{"rate<0.10":{"ok":true}}},"http_req_tls_handshaking":{"values":{"p(95)":0,"p(99)":0,"avg":0,"min":0,"med":0,"max":0,"p(90)":0},"type":"trend","contains":"time"}},"root_group":{"id":"d41d8cd98f00b204e9800998ecf8427e","groups":[],"checks":[{"id":"e710e6c64d866e8aa495eeee12857a96","passes":4462,"fails":0,"name":"[assignment-detail] status 200","path":"::[assignment-detail] status 200"},{"name":"[assignment-detail] success","path":"::[assignment-detail] success","id":"2eca0bd45992b6c1691069c6af81d1ee","passes":4462,"fails":0},{"fails":0,"name":"[gradebook] status 200","path":"::[gradebook] status 200","id":"9186de991ebaa0ed414ff11baa5503d0","passes":4470},{"name":"[gradebook] success","path":"::[gradebook] success","id":"a15a69867e50cddaa06c049f7cde480d","passes":4470,"fails":0},{"name":"[quiz-attempt] start 201","path":"::[quiz-attempt] start 201","id":"18f54229dcbc1aba2aecf8a61f0db771","passes":4488,"fails":9},{"name":"[quiz-attempt] submit 200","path":"::[quiz-attempt] submit 200","id":"3aac290b0fb83ec96bbf8f19a1813a81","passes":4488,"fails":0},{"name":"[quiz-attempt] success","path":"::[quiz-attempt] success","id":"6398ec5c83f0a8abdc14be5794d5070f","passes":4488,"fails":0},{"name":"[submit-assignment] status 201 or 400","path":"::[submit-assignment] status 201 or 400","id":"c6b8e5b4b95e1cad4532c36b70154d08","passes":6664,"fails":0},{"name":"[grade-submission] status 200","path":"::[grade-submission] status 200","id":"0b00b1c9fc4243dfcbcade089d53f4c1","passes":2227,"fails":0},{"passes":2227,"fails":0,"name":"[grade-submission] success","path":"::[grade-submission] success","id":"dc7c3576ea1686ed510a59cbde26957e"}],"name":"","path":""}}