{"state":{"testRunDurationMs":390241.277536,"isStdOutTTY":false,"isStdErrTTY":false},"metrics":{"submit_quiz_duration":{"type":"trend","contains":"time","values":{"p(95)":1417.1606567499998,"p(99)":1681.3216547899985,"avg":842.142356700346,"min":39.016737,"med":879.9216855,"max":2461.970952,"p(90)":1299.2607992}},"http_req_tls_handshaking":{"type":"trend","contains":"time","values":{"avg":0,"min":0,"med":0,"max":0,"p(90)":0,"p(95)":0,"p(99)":0}},"http_req_connecting":{"type":"trend","contains":"time","values":{"min":0,"med":0,"max":2.470192,"p(90)":0,"p(95)":0,"p(99)":0,"avg":0.0012536096945010183}},"http_req_sending":{"type":"trend","contains":"time","values":{"avg":0.046043279307535316,"min":0.008415,"med":0.037059,"max":28.803875,"p(90)":0.05684730000000001,"p(95)":0.06752255,"p(99)":0.14451524999999973}},"http_req_receiving":{"contains":"time","values":{"max":45.316118,"p(90)":0.26993610000000057,"p(95)":0.3983787999999999,"p(99)":0.8946451999999997,"avg":0.1988203497352338,"min":0.025039,"med":0.13333050000000002},"type":"trend"},"data_sent":{"values":{"count":4670075,"rate":11967.147682292996},"type":"counter","contains":"data"},"gradebook_duration":{"type":"trend","contains":"time","values":{"med":451.55122700000004,"max":2410.06514,"p(90)":743.8678825000001,"p(95)":820.9602765999999,"p(99)":998.1980130199996,"avg":446.48023523108077,"min":17.740758}},"iterations":{"values":{"count":20502,"rate":52.536728378531606},"type":"counter","contains":"default"},"http_req_failed":{"type":"rate","contains":"default","values":{"passes":0,"fails":24550,"rate":0},"thresholds":{"rate<0.10":{"ok":true}}},"http_req_blocked":{"type":"trend","contains":"time","values":{"p(99)":0.04685396999999928,"avg":0.014658701466395137,"min":0.002983,"med":0.010271,"max":19.132582,"p(90)":0.015550200000000004,"p(95)":0.022624949999999994}},"http_req_waiting":{"type":"trend","contains":"time","values":{"p(95)":1235.9499033499994,"p(99)":1513.8880384199997,"avg":655.7646750181693,"min":17.56107,"med":650.0008815,"max":2667.428846,"p(90)":1103.6452276}},"iteration_duration":{"type":"trend","contains":"time","values":{"avg":1687.0434240121062,"min":340.671094,"med":1631.7291559999999,"max":4317.018157,"p(90)":2506.3721259999998,"p(95)":2827.3416128000003,"p(99)":3387.432180210003}},"grade_submission_duration":{"type":"trend","contains":"time","values":{"avg":812.0036866772175,"min":38.344816,"med":847.474595,"max":2571.333234,"p(90)":1236.7878768000007,"p(95)":1359.9946404,"p(99)":1608.107952319999}},"http_req_duration":{"type":"trend","contains":"time","values":{"avg":656.0095386472058,"min":17.740758,"med":650.201141,"max":2667.501231,"p(90)":1104.0034813,"p(95)":1236.1043653499994,"p(99)":1514.0176166199994},"thresholds":{"p(95)<3000":{"ok":true}}},"http_reqs":{"contains":"default","values":{"count":24550,"rate":62.909798151056044},"type":"counter"},"vus":{"type":"gauge","contains":"default","values":{"min":2,"max":100,"value":2}},"vus_max":{"contains":"default","values":{"min":100,"max":100,"value":100},"type":"gauge"},"data_received":{"contains":"data","values":{"count":90545922,"rate":232025.48580127352},"type":"counter"},"errors":{"contains":"default","values":{"rate":0,"passes":0,"fails":0},"thresholds":{"rate<0.10":{"ok":true}},"type":"rate"},"checks":{"contains":"default","values":{"rate":0.9998969125302819,"passes":38798,"fails":4},"type":"rate"},"submit_assignment_duration":{"type":"trend","contains":"time","values":{"p(90)":1137.8524750000001,"p(95)":1249.65466025,"p(99)":1492.16821595,"avg":736.5618132713738,"min":25.452686,"med":768.5125634999999,"max":2667.501231}},"assignment_detail_duration":{"type":"trend","contains":"time","values":{"med":535.917843,"max":2102.319829,"p(90)":824.7851651999999,"p(95)":927.0422210999994,"p(99)":1149.55484372,"avg":521.0995661547529,"min":21.405608}},"http_req_duration{expected_response:true}":{"type":"trend","contains":"time","values":{"med":650.201141,"max":2667.501231,"p(90)":1104.0034813,"p(95)":1236.1043653499994,"p(99)":1514.0176166199994,"avg":656.0095386472058,"min":17.740758}}},"root_group":{"name":"","path":"","id":"d41d8cd98f00b204e9800998ecf8427e","groups":[],"checks":[{"fails":4,"name":"[quiz-attempt] start 201","path":"::[quiz-attempt] start 201","id":"18f54229dcbc1aba2aecf8a61f0db771","passes":4048},{"name":"[quiz-attempt] submit 200","path":"::[quiz-attempt] submit 200","id":"3aac290b0fb83ec96bbf8f19a1813a81","passes":4048,"fails":0},{"name":"[quiz-attempt] success","path":"::[quiz-attempt] success","id":"6398ec5c83f0a8abdc14be5794d5070f","passes":4048,"fails":0},{"id":"c6b8e5b4b95e1cad4532c36b70154d08","passes":6246,"fails":0,"name":"[submit-assignment] status 201 or 400","path":"::[submit-assignment] status 201 or 400"},{"passes":3964,"fails":0,"name":"[gradebook] status 200","path":"::[gradebook] status 200","id":"9186de991ebaa0ed414ff11baa5503d0"},{"name":"[gradebook] success","path":"::[gradebook] success","id":"a15a69867e50cddaa06c049f7cde480d","passes":3964,"fails":0},{"name":"[assignment-detail] status 200","path":"::[assignment-detail] status 200","id":"e710e6c64d866e8aa495eeee12857a96","passes":4155,"fails":0},{"name":"[assignment-detail] success","path":"::[assignment-detail] success","id":"2eca0bd45992b6c1691069c6af81d1ee","passes":4155,"fails":0},{"name":"[grade-submission] status 200","path":"::[grade-submission] status 200","id":"0b00b1c9fc4243dfcbcade089d53f4c1","passes":2085,"fails":0},{"name":"[grade-submission] success","path":"::[grade-submission] success","id":"dc7c3576ea1686ed510a59cbde26957e","passes":2085,"fails":0}]},"options":{"summaryTrendStats":["avg","min","med","max","p(90)","p(95)","p(99)"],"summaryTimeUnit":"","noColor":false}}