{"options":{"summaryTrendStats":["avg","min","med","max","p(90)","p(95)","p(99)"],"summaryTimeUnit":"","noColor":false},"state":{"isStdErrTTY":false,"testRunDurationMs":391078.003115,"isStdOutTTY":false},"metrics":{"submit_quiz_duration":{"type":"trend","contains":"time","values":{"p(99)":7644.254016700001,"avg":6154.501106477848,"min":42.121708,"med":6726.490318,"max":8588.902668,"p(90)":7271.9361022,"p(95)":7404.023752}},"http_req_connecting":{"type":"trend","contains":"time","values":{"min":0,"med":0,"max":18.519618,"p(90)":0,"p(95)":0,"p(99)":0.22005464,"avg":0.0072881486679261245}},"vus_max":{"contains":"default","values":{"value":500,"min":500,"max":500},"type":"gauge"},"iteration_duration":{"type":"trend","contains":"time","values":{"p(99)":15260.36409284,"avg":8030.155197437764,"min":357.35636,"med":7491.5873915,"max":16437.601503,"p(90)":14109.471401,"p(95)":14607.50584545}},"http_reqs":{"type":"counter","contains":"default","values":{"count":25937,"rate":66.32180739752062}},"http_req_receiving":{"values":{"med":0.137598,"max":40.829025,"p(90)":0.28022380000000013,"p(95)":0.4131219999999995,"p(99)":1.0182173199999949,"avg":0.2022511445039907,"min":0.031595},"type":"trend","contains":"time"},"data_received":{"values":{"count":98318689,"rate":251404.29330434243},"type":"counter","contains":"data"},"data_sent":{"values":{"count":4908311,"rate":12550.721239508495},"type":"counter","contains":"data"},"http_req_blocked":{"values":{"med":0.010548,"max":59.953057,"p(90)":0.0164164,"p(95)":0.025837799999999987,"p(99)":0.33429443999999997,"avg":0.02394572791764657,"min":0.003262},"type":"trend","contains":"time"},"http_req_duration{expected_response:true}":{"contains":"time","values":{"p(95)":7221.904624599999,"p(99)":7508.694421719999,"avg":5952.216486653339,"min":22.002761,"med":6497.321533,"max":9133.989434,"p(90)":7062.378435600001},"type":"trend"},"checks":{"type":"rate","contains":"default","values":{"rate":0.9998784726441922,"passes":41138,"fails":5}},"grade_submission_duration":{"contains":"time","values":{"avg":6087.488771762617,"min":45.473846,"med":6679.828095000001,"max":9133.989434,"p(90)":7224.576632400001,"p(95)":7390.03734705,"p(99)":7679.365626879999},"type":"trend"},"errors":{"values":{"rate":0,"passes":0,"fails":0},"thresholds":{"rate<0.10":{"ok":true}},"type":"rate","contains":"default"},"iterations":{"type":"counter","contains":"default","values":{"count":21670,"rate":55.410940598537685}},"http_req_duration":{"type":"trend","contains":"time","values":{"min":22.002761,"med":6497.321533,"max":9133.989434,"p(90)":7062.378435600001,"p(95)":7221.904624599999,"p(99)":7508.694421719999,"avg":5952.216486653339},"thresholds":{"p(95)<3000":{"ok":false}}},"http_req_sending":{"type":"trend","contains":"time","values":{"min":0.008756,"med":0.03852,"max":37.114377,"p(90)":0.0605776,"p(95)":0.07528079999999995,"p(99)":0.14949487999999994,"avg":0.05277770663530882}},"http_req_tls_handshaking":{"values":{"med":0,"max":0,"p(90)":0,"p(95)":0,"p(99)":0,"avg":0,"min":0},"type":"trend","contains":"time"},"submit_assignment_duration":{"type":"trend","contains":"time","values":{"p(90)":7135.3770416,"p(95)":7270.192506799999,"p(99)":7495.17293972,"avg":6065.088692379631,"min":43.772584,"med":6624.806476,"max":8982.512671}},"gradebook_duration":{"values":{"p(99)":7043.0269031200005,"avg":5739.711067015891,"min":22.002761,"med":6311.287831,"max":8001.83573,"p(90)":6722.6188648,"p(95)":6847.7265864},"type":"trend","contains":"time"},"http_req_failed":{"type":"rate","contains":"default","values":{"rate":0,"passes":0,"fails":25937},"thresholds":{"rate<0.10":{"ok":true}}},"http_req_waiting":{"contains":"time","values":{"avg":5951.961457802204,"min":21.533283,"med":6496.731514,"max":9133.883828,"p(90)":7062.1494194,"p(95)":7221.751563999999,"p(99)":7508.567886599999},"type":"trend"},"vus":{"type":"gauge","contains":"default","values":{"value":2,"min":2,"max":500}},"assignment_detail_duration":{"type":"trend","contains":"time","values":{"med":6383.201951,"max":8113.401149,"p(90)":6819.0080024,"p(95)":6949.79091755,"p(99)":7158.1321564,"avg":5796.644803144221,"min":28.41568}}},"root_group":{"name":"","path":"","id":"d41d8cd98f00b204e9800998ecf8427e","groups":[],"checks":[{"name":"[quiz-attempt] start 201","path":"::[quiz-attempt] start 201","id":"18f54229dcbc1aba2aecf8a61f0db771","passes":4267,"fails":5},{"fails":0,"name":"[quiz-attempt] submit 200","path":"::[quiz-attempt] submit 200","id":"3aac290b0fb83ec96bbf8f19a1813a81","passes":4267},{"name":"[quiz-attempt] success","path":"::[quiz-attempt] success","id":"6398ec5c83f0a8abdc14be5794d5070f","passes":4267,"fails":0},{"passes":2102,"fails":0,"name":"[grade-submission] status 200","path":"::[grade-submission] status 200","id":"0b00b1c9fc4243dfcbcade089d53f4c1"},{"id":"dc7c3576ea1686ed510a59cbde26957e","passes":2102,"fails":0,"name":"[grade-submission] success","path":"::[grade-submission] success"},{"passes":4368,"fails":0,"name":"[assignment-detail] status 200","path":"::[assignment-detail] status 200","id":"e710e6c64d866e8aa495eeee12857a96"},{"name":"[assignment-detail] success","path":"::[assignment-detail] success","id":"2eca0bd45992b6c1691069c6af81d1ee","passes":4368,"fails":0},{"name":"[submit-assignment] status 201 or 400","path":"::[submit-assignment] status 201 or 400","id":"c6b8e5b4b95e1cad4532c36b70154d08","passes":6459,"fails":0},{"name":"[gradebook] status 200","path":"::[gradebook] status 200","id":"9186de991ebaa0ed414ff11baa5503d0","passes":4469,"fails":0},{"fails":0,"name":"[gradebook] success","path":"::[gradebook] success","id":"a15a69867e50cddaa06c049f7cde480d","passes":4469}]}}