{"options":{"summaryTrendStats":["avg","min","med","max","p(90)","p(95)","p(99)"],"summaryTimeUnit":"","noColor":false},"state":{"isStdOutTTY":false,"isStdErrTTY":false,"testRunDurationMs":390937.054508},"metrics":{"http_req_sending":{"values":{"max":23.301075,"p(90)":0.06045350000000001,"p(95)":0.07924874999999999,"p(99)":0.14819185,"avg":0.047953603986201694,"min":0.00868,"med":0.037935},"type":"trend","contains":"time"},"http_req_blocked":{"type":"trend","contains":"time","values":{"min":0.00325,"med":0.010674,"max":20.242888,"p(90)":0.01827440000000003,"p(95)":0.0285651,"p(99)":0.35843632000000025,"avg":0.025890435109237404}},"http_req_waiting":{"values":{"p(90)":10743.7529613,"p(95)":10899.93781645,"p(99)":11216.077566840002,"avg":9305.282502195801,"min":16.013977,"med":10143.5176335,"max":13480.784984},"type":"trend","contains":"time"},"grade_submission_duration":{"values":{"max":11831.359013,"p(90)":10900.7523844,"p(95)":11059.5975236,"p(99)":11341.556307840001,"avg":9533.847648503464,"min":68.533813,"med":10324.708259},"type":"trend","contains":"time"},"errors":{"type":"rate","contains":"default","values":{"rate":0,"passes":0,"fails":0},"thresholds":{"rate<0.10":{"ok":true}}},"http_req_duration":{"type":"trend","contains":"time","values":{"min":16.238666,"med":10143.821343,"max":13480.965681,"p(90)":10744.132776800001,"p(95)":10900.292848699999,"p(99)":11216.258652690001,"avg":9305.521883647467},"thresholds":{"p(95)<3000":{"ok":false}}},"data_sent":{"values":{"count":4952707,"rate":12668.80932080755},"type":"counter","contains":"data"},"submit_quiz_duration":{"contains":"time","values":{"min":46.73043,"med":10378.084209,"max":13480.965681,"p(90)":10933.2570388,"p(95)":11089.8368232,"p(99)":11416.05772228,"avg":9512.770835944852},"type":"trend"},"vus_max":{"type":"gauge","contains":"default","values":{"value":750,"min":750,"max":750}},"http_req_connecting":{"type":"trend","contains":"time","values":{"p(95)":0,"p(99)":0.2400510300000001,"avg":0.009198855576849373,"min":0,"med":0,"max":20.104981,"p(90)":0}},"http_req_receiving":{"contains":"time","values":{"min":0.027651,"med":0.134578,"max":34.364044,"p(90)":0.26995750000000046,"p(95)":0.3991116499999998,"p(99)":0.9077340700000002,"avg":0.19142784764277693},"type":"trend"},"submit_assignment_duration":{"type":"trend","contains":"time","values":{"med":10256.672127,"max":12070.889809,"p(90)":10816.7877813,"p(95)":10950.62643475,"p(99)":11223.597742489997,"avg":9358.16616591512,"min":37.703889}},"iterations":{"contains":"default","values":{"count":21773,"rate":55.69438800678958},"type":"counter"},"iteration_duration":{"type":"trend","contains":"time","values":{"min":376.516983,"med":11138.564071,"max":24457.600039,"p(90)":21391.10443,"p(95)":21929.9862658,"p(99)":22606.86036011999,"avg":12053.212999594918}},"vus":{"values":{"value":9,"min":7,"max":750},"type":"gauge","contains":"default"},"checks":{"values":{"rate":0.9998064406861678,"passes":41323,"fails":8},"type":"rate","contains":"default"},"http_req_failed":{"type":"rate","contains":"default","values":{"rate":0,"passes":0,"fails":26090},"thresholds":{"rate<0.10":{"ok":true}}},"assignment_detail_duration":{"type":"trend","contains":"time","values":{"med":10015.62751,"max":11504.142482,"p(90)":10494.7184343,"p(95)":10632.67137685,"p(99)":10859.56080802,"avg":9156.803642256635,"min":22.478933}},"gradebook_duration":{"type":"trend","contains":"time","values":{"med":9956.392328,"max":11857.959975,"p(90)":10432.537022600001,"p(95)":10575.171649,"p(99)":10867.449767119999,"avg":9113.203375324547,"min":16.238666}},"http_req_duration{expected_response:true}":{"type":"trend","contains":"time","values":{"p(95)":10900.292848699999,"p(99)":11216.258652690001,"avg":9305.521883647467,"min":16.238666,"med":10143.821343,"max":13480.965681,"p(90)":10744.132776800001}},"data_received":{"type":"counter","contains":"data","values":{"count":97008579,"rate":248143.73025367653}},"http_req_tls_handshaking":{"type":"trend","contains":"time","values":{"med":0,"max":0,"p(90)":0,"p(95)":0,"p(99)":0,"avg":0,"min":0}},"http_reqs":{"type":"counter","contains":"default","values":{"count":26090,"rate":66.73708644179213}}},"root_group":{"name":"","path":"","id":"d41d8cd98f00b204e9800998ecf8427e","groups":[],"checks":[{"passes":6524,"fails":0,"name":"[submit-assignment] status 201 or 400","path":"::[submit-assignment] status 201 or 400","id":"c6b8e5b4b95e1cad4532c36b70154d08"},{"name":"[assignment-detail] status 200","path":"::[assignment-detail] status 200","id":"e710e6c64d866e8aa495eeee12857a96","passes":4364,"fails":0},{"name":"[assignment-detail] success","path":"::[assignment-detail] success","id":"2eca0bd45992b6c1691069c6af81d1ee","passes":4364,"fails":0},{"id":"18f54229dcbc1aba2aecf8a61f0db771","passes":4317,"fails":8,"name":"[quiz-attempt] start 201","path":"::[quiz-attempt] start 201"},{"name":"[quiz-attempt] submit 200","path":"::[quiz-attempt] submit 200","id":"3aac290b0fb83ec96bbf8f19a1813a81","passes":4317,"fails":0},{"passes":4317,"fails":0,"name":"[quiz-attempt] success","path":"::[quiz-attempt] success","id":"6398ec5c83f0a8abdc14be5794d5070f"},{"name":"[grade-submission] status 200","path":"::[grade-submission] status 200","id":"0b00b1c9fc4243dfcbcade089d53f4c1","passes":2157,"fails":0},{"name":"[grade-submission] success","path":"::[grade-submission] success","id":"dc7c3576ea1686ed510a59cbde26957e","passes":2157,"fails":0},{"path":"::[gradebook] status 200","id":"9186de991ebaa0ed414ff11baa5503d0","passes":4403,"fails":0,"name":"[gradebook] status 200"},{"path":"::[gradebook] success","id":"a15a69867e50cddaa06c049f7cde480d","passes":4403,"fails":0,"name":"[gradebook] success"}]}}