{"metrics":{"vus":{"type":"gauge","contains":"default","values":{"value":3,"min":3,"max":250}},"http_req_sending":{"type":"trend","contains":"time","values":{"min":0.007657,"med":0.0357905,"max":33.099948,"p(90)":0.0568578,"p(95)":0.07130600000000001,"p(99)":0.17290337000000017,"avg":0.049860178941358475}},"quiz_detail_duration":{"contains":"time","values":{"min":32.410814,"med":2569.2235935,"max":4724.999272,"p(90)":2997.471563,"p(95)":3120.9503809999997,"p(99)":3444.2633416,"avg":2377.5676600132138},"type":"trend"},"http_req_duration{expected_response:true}":{"type":"trend","contains":"time","values":{"p(90)":2902.0863686000002,"p(95)":3025.6437706,"p(99)":3327.9996583300017,"avg":2274.7175562993616,"min":26.364696,"med":2445.0651040000002,"max":4724.999272}},"http_req_waiting":{"type":"trend","contains":"time","values":{"avg":2274.414807646316,"min":26.124822,"med":2444.8364745,"max":4724.80397,"p(90)":2901.8110257000003,"p(95)":3025.4338454000003,"p(99)":3327.6390251900025}},"http_req_connecting":{"type":"trend","contains":"time","values":{"p(95)":0,"p(99)":0.17079206000000027,"avg":0.0059934175026506884,"min":0,"med":0,"max":32.298085,"p(90)":0}},"http_req_tls_handshaking":{"type":"trend","contains":"time","values":{"p(90)":0,"p(95)":0,"p(99)":0,"avg":0,"min":0,"med":0,"max":0}},"submit_assignment_duration":{"type":"trend","contains":"time","values":{"p(95)":3015.38188775,"p(99)":3309.8775567599996,"avg":2306.966250124797,"min":38.101709,"med":2487.3899,"max":4291.242598,"p(90)":2910.705972}},"http_req_receiving":{"contains":"time","values":{"p(95)":0.5041140500000001,"p(99)":1.3371960700000025,"avg":0.25288847410488585,"min":0.028452,"med":0.1494395,"max":108.291266,"p(90)":0.34805500000000017},"type":"trend"},"vus_max":{"type":"gauge","contains":"default","values":{"value":250,"min":250,"max":250}},"gradebook_duration":{"type":"trend","contains":"time","values":{"p(90)":3001.5303056000007,"p(95)":3133.09381395,"p(99)":3407.3751052100006,"avg":2363.832668805549,"min":38.903239,"med":2564.5941305,"max":4544.36621}},"checks":{"contains":"default","values":{"rate":1,"passes":44136,"fails":0},"type":"rate"},"materials_list_duration":{"type":"trend","contains":"time","values":{"med":2353.164946,"max":4469.244044,"p(90)":2725.1154398000003,"p(95)":2826.8658335,"p(99)":3071.19589784,"avg":2159.8005431016904,"min":26.364696}},"start_attempt_duration":{"type":"trend","contains":"time","values":{"max":4026.478773,"p(90)":2758.384587,"p(95)":2874.60744025,"p(99)":3121.2397332,"avg":2213.720204607897,"min":30.603095,"med":2377.7922905}},"data_sent":{"type":"counter","contains":"data","values":{"count":3206019,"rate":8198.040565431058}},"http_reqs":{"type":"counter","contains":"default","values":{"count":24522,"rate":62.70466605017013}},"iteration_duration":{"type":"trend","contains":"time","values":{"avg":3529.342764608551,"min":540.467541,"med":3644.5996205,"max":6503.877852,"p(90)":4435.7027192000005,"p(95)":4615.38634495,"p(99)":4941.47522095}},"http_req_duration":{"type":"trend","contains":"time","values":{"avg":2274.7175562993616,"min":26.364696,"med":2445.0651040000002,"max":4724.999272,"p(90)":2902.0863686000002,"p(95)":3025.6437706,"p(99)":3327.9996583300017},"thresholds":{"p(95)<2000":{"ok":false}}},"http_req_blocked":{"type":"trend","contains":"time","values":{"min":0.003417,"med":0.011305,"max":34.83213,"p(90)":0.0176649,"p(95)":0.026044500000000005,"p(99)":0.29525622000000035,"avg":0.022432496492945105}},"errors":{"thresholds":{"rate<0.10":{"ok":true}},"type":"rate","contains":"default","values":{"passes":0,"fails":0,"rate":0}},"http_req_failed":{"type":"rate","contains":"default","values":{"rate":0,"passes":0,"fails":24522},"thresholds":{"rate<0.10":{"ok":true}}},"material_detail_duration":{"contains":"time","values":{"p(99)":3126.6699153,"avg":2167.9106041163245,"min":26.786339,"med":2339.088099,"max":4371.616744,"p(90)":2733.39596,"p(95)":2838.867768},"type":"trend"},"data_received":{"type":"counter","contains":"data","values":{"rate":401621.09235239803,"count":157062513}},"iterations":{"type":"counter","contains":"default","values":{"count":24522,"rate":62.70466605017013}}},"root_group":{"name":"","path":"","id":"d41d8cd98f00b204e9800998ecf8427e","groups":[],"checks":[{"name":"[submit-assignment] status 201 or 400","path":"::[submit-assignment] status 201 or 400","id":"c6b8e5b4b95e1cad4532c36b70154d08","passes":2452,"fails":0},{"fails":0,"name":"[materials-list] status 200","path":"::[materials-list] status 200","id":"463a16ce0b1d8abee844a574ea056361","passes":5035},{"name":"[materials-list] success","path":"::[materials-list] success","id":"664e43a5933df86e3bab167b84d274ca","passes":5035,"fails":0},{"fails":0,"name":"[start-attempt] status 201 or 400","path":"::[start-attempt] status 201 or 400","id":"33680026b6a14104cfefb4ee3b4b083d","passes":2456},{"name":"[material-detail] status 200","path":"::[material-detail] status 200","id":"a12462dd78c876a1d31a53eadf87e378","passes":3731,"fails":0},{"fails":0,"name":"[material-detail] success","path":"::[material-detail] success","id":"3632f96ad89cbc27cd995a000cbd8596","passes":3731},{"name":"[quiz-detail] status 200","path":"::[quiz-detail] status 200","id":"917c623bb77fd0f4c30b55655ab512f2","passes":5906,"fails":0},{"fails":0,"name":"[quiz-detail] success","path":"::[quiz-detail] success","id":"6719d54de0da0cfb59497b1755be95e9","passes":5906},{"name":"[gradebook] status 200","path":"::[gradebook] status 200","id":"9186de991ebaa0ed414ff11baa5503d0","passes":4942,"fails":0},{"fails":0,"name":"[gradebook] success","path":"::[gradebook] success","id":"a15a69867e50cddaa06c049f7cde480d","passes":4942}]},"options":{"summaryTrendStats":["avg","min","med","max","p(90)","p(95)","p(99)"],"summaryTimeUnit":"","noColor":false},"state":{"isStdOutTTY":false,"isStdErrTTY":false,"testRunDurationMs":391071.37546}}