{"state":{"isStdOutTTY":false,"isStdErrTTY":false,"testRunDurationMs":390796.554402},"metrics":{"quiz_detail_duration":{"values":{"max":8698.150005,"p(90)":6778.7788757,"p(95)":6930.7535447,"p(99)":7266.015445949997,"avg":5719.666063413361,"min":34.248777,"med":6290.2012245000005},"type":"trend","contains":"time"},"checks":{"type":"rate","contains":"default","values":{"rate":1,"passes":45526,"fails":0}},"data_sent":{"type":"counter","contains":"data","values":{"count":3299474,"rate":8442.945473377782}},"http_req_blocked":{"type":"trend","contains":"time","values":{"p(95)":0.02678624999999999,"p(99)":0.3690985599999984,"avg":0.024558395084692018,"min":0.003541,"med":0.010996,"max":20.142112,"p(90)":0.017870599999999997}},"http_req_waiting":{"type":"trend","contains":"time","values":{"max":8697.741669,"p(90)":6681.7804913,"p(95)":6838.831123399999,"p(99)":7167.866992129999,"avg":5617.302383134791,"min":22.895206,"med":6178.6894175}},"vus":{"type":"gauge","contains":"default","values":{"value":4,"min":4,"max":500}},"vus_max":{"type":"gauge","contains":"default","values":{"value":500,"min":500,"max":500}},"http_req_failed":{"contains":"default","values":{"fails":25268,"rate":0,"passes":0},"thresholds":{"rate<0.10":{"ok":true}},"type":"rate"},"http_req_receiving":{"contains":"time","values":{"p(95)":0.4805491999999991,"p(99)":1.273084699999986,"avg":0.23363864536172171,"min":0.031483,"med":0.146669,"max":48.289726,"p(90)":0.3330988},"type":"trend"},"iteration_duration":{"type":"trend","contains":"time","values":{"p(90)":8204.4869715,"p(95)":8395.620928549999,"p(99)":8775.246038569998,"avg":6872.960104917589,"min":549.391688,"med":7366.703585,"max":10354.991398}},"submit_assignment_duration":{"type":"trend","contains":"time","values":{"p(99)":7166.46465182,"avg":5688.211056693189,"min":39.002798,"med":6218.522282,"max":7716.82727,"p(90)":6677.6983442,"p(95)":6814.647856199999}},"errors":{"values":{"rate":0,"passes":0,"fails":0},"thresholds":{"rate<0.10":{"ok":true}},"type":"rate","contains":"default"},"http_req_duration":{"type":"trend","contains":"time","values":{"p(99)":7168.56526978,"avg":5617.583405527159,"min":23.066095,"med":6178.94362,"max":8698.150005,"p(90)":6682.0200694000005,"p(95)":6839.0262002},"thresholds":{"p(95)<2000":{"ok":false}}},"http_req_sending":{"type":"trend","contains":"time","values":{"max":21.511508,"p(90)":0.05646349999999999,"p(95)":0.07159539999999996,"p(99)":0.16603600999999943,"avg":0.047383746992243105,"min":0.008169,"med":0.0349105}},"materials_list_duration":{"type":"trend","contains":"time","values":{"med":6067.430533,"max":8418.053141,"p(90)":6520.895621,"p(95)":6669.7038824,"p(99)":7013.964837480001,"avg":5498.184972371833,"min":23.066095}},"http_req_duration{expected_response:true}":{"contains":"time","values":{"med":6178.94362,"max":8698.150005,"p(90)":6682.0200694000005,"p(95)":6839.0262002,"p(99)":7168.56526978,"avg":5617.583405527159,"min":23.066095},"type":"trend"},"http_req_connecting":{"contains":"time","values":{"avg":0.008292188895045112,"min":0,"med":0,"max":19.207822,"p(90)":0,"p(95)":0,"p(99)":0.24636764},"type":"trend"},"start_attempt_duration":{"type":"trend","contains":"time","values":{"p(95)":6674.559639499999,"p(99)":6946.331628200002,"avg":5544.58357675476,"min":31.967935,"med":6102.442215,"max":7327.196578,"p(90)":6538.139389}},"data_received":{"values":{"count":163347863,"rate":417986.95807325165},"type":"counter","contains":"data"},"iterations":{"type":"counter","contains":"default","values":{"count":25268,"rate":64.6576836857359}},"http_reqs":{"type":"counter","contains":"default","values":{"count":25268,"rate":64.6576836857359}},"material_detail_duration":{"type":"trend","contains":"time","values":{"avg":5481.367560590624,"min":23.205137,"med":6070.2683435,"max":8312.099886,"p(90)":6510.357762600001,"p(95)":6648.63728775,"p(99)":6970.10164762}},"http_req_tls_handshaking":{"type":"trend","contains":"time","values":{"med":0,"max":0,"p(90)":0,"p(95)":0,"p(99)":0,"avg":0,"min":0}},"gradebook_duration":{"type":"trend","contains":"time","values":{"avg":5710.299566173024,"min":39.121856,"med":6294.801374,"max":8239.648335,"p(90)":6787.552888800001,"p(95)":6943.1633604,"p(99)":7282.4715602399965}}},"root_group":{"id":"d41d8cd98f00b204e9800998ecf8427e","groups":[],"checks":[{"passes":5013,"fails":0,"name":"[materials-list] status 200","path":"::[materials-list] status 200","id":"463a16ce0b1d8abee844a574ea056361"},{"path":"::[materials-list] success","id":"664e43a5933df86e3bab167b84d274ca","passes":5013,"fails":0,"name":"[materials-list] success"},{"fails":0,"name":"[start-attempt] status 201 or 400","path":"::[start-attempt] status 201 or 400","id":"33680026b6a14104cfefb4ee3b4b083d","passes":2471},{"path":"::[quiz-detail] status 200","id":"917c623bb77fd0f4c30b55655ab512f2","passes":6428,"fails":0,"name":"[quiz-detail] status 200"},{"name":"[quiz-detail] success","path":"::[quiz-detail] success","id":"6719d54de0da0cfb59497b1755be95e9","passes":6428,"fails":0},{"fails":0,"name":"[material-detail] status 200","path":"::[material-detail] status 200","id":"a12462dd78c876a1d31a53eadf87e378","passes":3818},{"passes":3818,"fails":0,"name":"[material-detail] success","path":"::[material-detail] success","id":"3632f96ad89cbc27cd995a000cbd8596"},{"name":"[submit-assignment] status 201 or 400","path":"::[submit-assignment] status 201 or 400","id":"c6b8e5b4b95e1cad4532c36b70154d08","passes":2539,"fails":0},{"passes":4999,"fails":0,"name":"[gradebook] status 200","path":"::[gradebook] status 200","id":"9186de991ebaa0ed414ff11baa5503d0"},{"name":"[gradebook] success","path":"::[gradebook] success","id":"a15a69867e50cddaa06c049f7cde480d","passes":4999,"fails":0}],"name":"","path":""},"options":{"noColor":false,"summaryTrendStats":["avg","min","med","max","p(90)","p(95)","p(99)"],"summaryTimeUnit":""}}